{"stats":{"minecraft:custom":{"minecraft:time_since_rest":16239,"minecraft:interact_with_furnace":6,"minecraft:sprint_one_cm":144609,"minecraft:damage_taken":1585,"minecraft:walk_one_cm":72670,"minecraft:mob_kills":13,"minecraft:drop":3,"minecraft:damage_dealt":1858,"minecraft:swim_one_cm":8292,"minecraft:interact_with_crafting_table":13,"minecraft:fly_one_cm":314637,"minecraft:open_chest":15,"minecraft:crouch_one_cm":3364,"minecraft:play_time":40449,"tombstone:undead_killed":4,"minecraft:deaths":3,"minecraft:sneak_time":1365,"minecraft:walk_under_water_one_cm":387,"minecraft:damage_dealt_resisted":454,"minecraft:jump":1096,"minecraft:leave_game":1,"minecraft:time_since_death":18199,"minecraft:walk_on_water_one_cm":3308,"minecraft:total_world_time":40449,"minecraft:fall_one_cm":25838},"minecraft:mined":{"minecraft:large_fern":5,"bloomingnature:swamp_oak_log":27,"minecraft:iron_ore":43,"minecraft:wheat":74,"minecraft:cornflower":1,"minecraft:crafting_table":3,"bloomingnature:swamp_oak_leaves":2,"minecraft:grass":8,"minecraft:grass_block":5,"minecraft:oak_log":29,"minecraft:coal_ore":30,"minecraft:dirt":10,"minecraft:tall_grass":3,"minecraft:stone":27,"minecraft:fern":1},"minecraft:used":{"orcz:orcteeth_tool_sword":47,"minecraft:wheat_seeds":65,"minecraft:wooden_hoe":3,"minecraft:bread":12,"minecraft:stone_pickaxe":89,"minecraft:wooden_pickaxe":13,"minecraft:rotten_flesh":4,"minecraft:torch":1,"minecraft:stone_axe":66,"minecraft:cobblestone":16,"minecraft:dirt":3,"minecraft:mutton":2,"minecraft:crafting_table":4,"minecraft:furnace":1,"tombstone:gift":2},"minecraft:picked_up":{"minecraft:raw_iron":44,"minecraft:stick":2,"minecraft:crafting_table":3,"minecraft:wheat":65,"minecraft:oak_log":29,"orcz:squigs_claws":4,"mcdw:glaive_cackling_broom":1,"minecraft:gunpowder":2,"minecraft:dirt":14,"minecraft:rotten_flesh":6,"minecraft:wheat_seeds":239,"bloomingnature:swamp_oak_log":27,"orcz:orcteeth_tool_sword":1,"orcz:orcshroom":1,"minecraft:mutton":2,"minecraft:coal":30,"minecraft:white_wool":1,"minecraft:cobblestone":30},"minecraft:killed_by":{"minecraft:creeper":1,"enemyexpansion:invisicreeper":1,"alexsmobs:grizzly_bear":1},"minecraft:killed":{"minecraft:sheep":1,"minecraft:zombie":4,"orcz:squig":4,"orcz:goblin_2sword":1,"minecraft:creeper":1},"minecraft:dropped":{"minecraft:wheat_seeds":41,"mcdw:glaive_cackling_broom":1},"minecraft:crafted":{"minecraft:oak_planks":16,"minecraft:wooden_hoe":1,"minecraft:crafting_table":1,"minecraft:stick":8,"minecraft:iron_ingot":1,"minecraft:wooden_pickaxe":1,"minecraft:stone_pickaxe":1,"minecraft:furnace":1,"minecraft:torch":4,"minecraft:stone_axe":1,"minecraft:air":0,"minecraft:bread":21}},"DataVersion":3465}