{"stats":{"minecraft:custom":{"minecraft:interact_with_furnace":40,"minecraft:mob_kills":19,"minecraft:interact_with_crafting_table":24,"minecraft:open_barrel":3,"minecraft:interact_with_loom":1,"minecraft:damage_dealt_resisted":454,"minecraft:leave_game":1,"minecraft:time_since_death":6499,"minecraft:time_since_rest":5777,"minecraft:walk_one_cm":93260,"minecraft:sprint_one_cm":170345,"minecraft:damage_taken":2296,"minecraft:damage_blocked_by_shield":190,"minecraft:drop":5,"minecraft:damage_dealt":2887,"minecraft:swim_one_cm":9215,"minecraft:fly_one_cm":361739,"minecraft:open_chest":15,"minecraft:crouch_one_cm":3805,"minecraft:play_time":52449,"tombstone:undead_killed":10,"minecraft:deaths":4,"minecraft:sneak_time":1538,"minecraft:walk_under_water_one_cm":842,"minecraft:jump":1288,"minecraft:walk_on_water_one_cm":3744,"minecraft:total_world_time":52449,"minecraft:fall_one_cm":33992},"minecraft:mined":{"alexscaves:spelunkery_table":1,"minecraft:crafting_table":6,"minecraft:cornflower":1,"minecraft:grass_block":5,"minecraft:tall_grass":5,"minecraft:cobblestone":2,"minecraft:oak_planks":1,"minecraft:large_fern":5,"bloomingnature:swamp_oak_log":27,"minecraft:furnace":4,"minecraft:iron_ore":56,"minecraft:wheat":74,"bloomingnature:swamp_oak_leaves":2,"minecraft:grass":8,"minecraft:bookshelf":3,"minecraft:coal_ore":35,"minecraft:oak_log":34,"minecraft:dirt":10,"minecraft:stripped_oak_log":1,"minecraft:stone":49,"minecraft:fern":1},"minecraft:used":{"minecraft:wheat_seeds":65,"minecraft:stone_pickaxe":92,"minecraft:shield":6,"minecraft:wooden_pickaxe":16,"minecraft:rotten_flesh":7,"minecraft:torch":1,"minecraft:dirt":3,"minecraft:mutton":2,"minecraft:crafting_table":7,"minecraft:wooden_hoe":3,"orcz:orcteeth_tool_sword":68,"minecraft:bread":17,"minecraft:iron_pickaxe":41,"minecraft:iron_helmet":1,"minecraft:stone_axe":76,"minecraft:cobblestone":19,"minecraft:furnace":2,"tombstone:gift":2,"minecraft:iron_leggings":1},"minecraft:picked_up":{"minecraft:stripped_oak_log":1,"minecraft:crafting_table":6,"minecraft:wheat":65,"minecraft:oak_log":34,"mcdw:glaive_cackling_broom":1,"minecraft:gunpowder":4,"minecraft:dirt":14,"minecraft:bone":3,"minecraft:wheat_seeds":239,"orcz:orcteeth_tool_sword":2,"minecraft:oak_planks":2,"minecraft:furnace":4,"minecraft:book":9,"minecraft:stick":2,"minecraft:raw_iron":56,"minecraft:gravel":5,"orcz:squigs_claws":4,"tombstone:grave_dust":7,"minecraft:arrow":2,"minecraft:rotten_flesh":8,"bloomingnature:swamp_oak_log":27,"orcz:orcshroom":1,"alexscaves:spelunkery_table":1,"minecraft:mutton":2,"minecraft:coal":47,"minecraft:white_wool":1,"minecraft:cobblestone":58},"minecraft:killed":{"minecraft:creeper":1,"minecraft:skeleton":2,"minecraft:sheep":1,"minecraft:zombie":7,"orcz:squig":4,"orcz:goblin_2sword":1,"enemyexpansion:slugger":1},"minecraft:killed_by":{"minecraft:creeper":2,"alexsmobs:grizzly_bear":1,"enemyexpansion:invisicreeper":1},"minecraft:dropped":{"minecraft:wheat_seeds":41,"mcdw:glaive_cackling_broom":1,"minecraft:oak_planks":1,"orcz:orcteeth_tool_sword":1},"minecraft:crafted":{"minecraft:oak_planks":36,"minecraft:crafting_table":2,"minecraft:iron_helmet":1,"minecraft:wooden_pickaxe":2,"minecraft:furnace":2,"minecraft:stone_axe":1,"minecraft:bread":21,"minecraft:air":0,"minecraft:iron_boots":1,"minecraft:iron_chestplate":1,"minecraft:wooden_hoe":1,"minecraft:shield":1,"minecraft:stick":16,"minecraft:iron_ingot":44,"minecraft:iron_pickaxe":2,"minecraft:stone_pickaxe":2,"minecraft:iron_leggings":1,"minecraft:torch":4}},"DataVersion":3465}