{"stats":{"minecraft:custom":{"minecraft:time_since_rest":1733,"minecraft:sprint_one_cm":61239,"minecraft:damage_taken":777,"minecraft:walk_one_cm":19058,"minecraft:mob_kills":2,"minecraft:drop":1,"minecraft:damage_dealt":286,"minecraft:interact_with_crafting_table":5,"minecraft:swim_one_cm":6691,"minecraft:fly_one_cm":168600,"minecraft:open_chest":9,"minecraft:crouch_one_cm":275,"minecraft:play_time":17015,"tombstone:undead_killed":1,"minecraft:deaths":2,"minecraft:sneak_time":291,"minecraft:walk_under_water_one_cm":330,"minecraft:jump":550,"minecraft:time_since_death":3275,"minecraft:walk_on_water_one_cm":1768,"minecraft:total_world_time":17015,"minecraft:fall_one_cm":13157},"minecraft:mined":{"minecraft:large_fern":5,"bloomingnature:swamp_oak_log":8,"minecraft:crafting_table":2,"minecraft:grass":3,"minecraft:grass_block":2,"minecraft:oak_log":10,"minecraft:dirt":10,"minecraft:tall_grass":1,"minecraft:stone":13,"minecraft:fern":1},"minecraft:used":{"minecraft:wooden_pickaxe":13,"minecraft:rotten_flesh":3,"minecraft:stone_axe":25,"minecraft:dirt":1,"minecraft:mutton":2,"minecraft:crafting_table":2,"tombstone:gift":2},"minecraft:picked_up":{"minecraft:crafting_table":2,"minecraft:oak_log":10,"mcdw:glaive_cackling_broom":1,"minecraft:dirt":12,"minecraft:rotten_flesh":2,"bloomingnature:swamp_oak_log":4,"orcz:orcshroom":1,"minecraft:mutton":2,"minecraft:white_wool":1,"minecraft:cobblestone":13},"minecraft:killed_by":{"minecraft:creeper":1,"alexsmobs:grizzly_bear":1},"minecraft:killed":{"minecraft:sheep":1,"minecraft:zombie":1},"minecraft:dropped":{"mcdw:glaive_cackling_broom":1},"minecraft:crafted":{"minecraft:oak_planks":12,"minecraft:crafting_table":1,"minecraft:stick":4,"minecraft:wooden_pickaxe":1,"minecraft:stone_axe":1}},"DataVersion":3465}