{"stats":{"minecraft:custom":{"minecraft:time_since_rest":4239,"minecraft:interact_with_furnace":4,"minecraft:sprint_one_cm":109178,"minecraft:damage_taken":1237,"minecraft:walk_one_cm":46493,"minecraft:mob_kills":3,"minecraft:drop":3,"minecraft:damage_dealt":331,"minecraft:swim_one_cm":8292,"minecraft:interact_with_crafting_table":10,"minecraft:fly_one_cm":263565,"minecraft:open_chest":15,"minecraft:crouch_one_cm":1144,"minecraft:play_time":28449,"tombstone:undead_killed":1,"minecraft:deaths":3,"minecraft:sneak_time":500,"minecraft:walk_under_water_one_cm":387,"minecraft:jump":878,"minecraft:leave_game":1,"minecraft:time_since_death":6199,"minecraft:walk_on_water_one_cm":3308,"minecraft:total_world_time":28449,"minecraft:fall_one_cm":20021},"minecraft:mined":{"minecraft:large_fern":5,"bloomingnature:swamp_oak_log":27,"minecraft:wheat":74,"minecraft:crafting_table":3,"bloomingnature:swamp_oak_leaves":2,"minecraft:grass":3,"minecraft:grass_block":2,"minecraft:oak_log":29,"minecraft:coal_ore":20,"minecraft:dirt":10,"minecraft:tall_grass":1,"minecraft:stone":14,"minecraft:fern":1},"minecraft:picked_up":{"minecraft:stick":2,"minecraft:crafting_table":3,"minecraft:wheat":65,"minecraft:oak_log":29,"mcdw:glaive_cackling_broom":1,"minecraft:gunpowder":2,"minecraft:dirt":12,"minecraft:rotten_flesh":2,"minecraft:wheat_seeds":239,"bloomingnature:swamp_oak_log":27,"orcz:orcteeth_tool_sword":1,"orcz:orcshroom":1,"minecraft:mutton":2,"minecraft:coal":20,"minecraft:white_wool":1,"minecraft:cobblestone":15},"minecraft:used":{"minecraft:wheat_seeds":65,"minecraft:wooden_hoe":3,"minecraft:bread":5,"minecraft:stone_pickaxe":23,"minecraft:wooden_pickaxe":13,"minecraft:rotten_flesh":4,"minecraft:stone_axe":66,"minecraft:cobblestone":2,"minecraft:dirt":3,"minecraft:mutton":2,"minecraft:crafting_table":3,"tombstone:gift":2},"minecraft:killed_by":{"minecraft:creeper":1,"enemyexpansion:invisicreeper":1,"alexsmobs:grizzly_bear":1},"minecraft:killed":{"minecraft:sheep":1,"minecraft:zombie":1},"minecraft:dropped":{"minecraft:wheat_seeds":41,"mcdw:glaive_cackling_broom":1},"minecraft:crafted":{"minecraft:oak_planks":16,"minecraft:wooden_hoe":1,"minecraft:crafting_table":1,"minecraft:stick":8,"minecraft:wooden_pickaxe":1,"minecraft:stone_pickaxe":1,"minecraft:stone_axe":1,"minecraft:bread":21}},"DataVersion":3465}