{"stats":{"minecraft:dropped":{"minecraft:gravel":15,"minecraft:wheat_seeds":47,"mcdw:glaive_cackling_broom":1,"minecraft:oak_planks":1,"minecraft:lantern":1,"orcz:orcteeth_tool_sword":1,"minecraft:stripped_oak_log":1,"orcz:orcshroom":1,"orcz:ironscrap":4,"minecraft:diorite":4,"minecraft:acacia_sapling":1,"minecraft:arrow":2,"minecraft:bone":3},"minecraft:picked_up":{"minecraft:stripped_oak_log":1,"minecraft:crafting_table":9,"minecraft:wheat":119,"minecraft:oak_log":34,"mcdw:glaive_cackling_broom":1,"minecraft:gunpowder":7,"minecraft:dirt":15,"minecraft:lantern":1,"minecraft:bone":3,"minecraft:wheat_seeds":249,"orcz:orcteeth_tool_sword":2,"minecraft:iron_ingot":1,"minecraft:cooked_chicken":1,"minecraft:acacia_sapling":1,"minecraft:oak_planks":2,"minecraft:furnace":4,"minecraft:book":138,"minecraft:stick":2,"minecraft:raw_iron":116,"minecraft:cooked_porkchop":7,"minecraft:torch":3,"minecraft:gravel":15,"orcz:squigs_claws":4,"tombstone:grave_dust":7,"minecraft:diorite":6,"minecraft:white_bed":1,"minecraft:arrow":2,"minecraft:rotten_flesh":12,"minecraft:hay_block":10,"bloomingnature:swamp_oak_log":27,"orcz:orcshroom":2,"alexscaves:spelunkery_table":1,"minecraft:granite":2,"orcz:ironscrap":3,"minecraft:mutton":2,"minecraft:coal":56,"minecraft:white_wool":1,"minecraft:cobblestone":82},"minecraft:mined":{"alexscaves:spelunkery_table":1,"minecraft:white_bed":1,"minecraft:crafting_table":9,"minecraft:cornflower":1,"minecraft:granite":2,"biomesoplenty:bush":1,"minecraft:grass_block":6,"biomesoplenty:high_grass_plant":7,"minecraft:tall_grass":5,"minecraft:cobblestone":6,"minecraft:potted_acacia_sapling":1,"minecraft:oak_planks":1,"minecraft:diorite":6,"minecraft:wall_torch":3,"minecraft:large_fern":5,"minecraft:hay_block":10,"bloomingnature:swamp_oak_log":27,"minecraft:furnace":4,"minecraft:carrots":13,"minecraft:iron_ore":115,"minecraft:wheat":138,"minecraft:potatoes":9,"biomesoplenty:clover":5,"biomesoplenty:high_grass":6,"bloomingnature:swamp_oak_leaves":2,"orcz:orcshroom":1,"minecraft:grass":13,"minecraft:bookshelf":47,"minecraft:oak_log":34,"minecraft:coal_ore":45,"minecraft:dirt":10,"minecraft:stripped_oak_log":1,"minecraft:stone":59,"minecraft:fern":1},"minecraft:used":{"minecraft:wheat_seeds":69,"minecraft:water_bucket":10,"minecraft:diorite":2,"minecraft:stone_pickaxe":92,"minecraft:wooden_pickaxe":16,"minecraft:shield":19,"minecraft:cooked_chicken":1,"minecraft:rotten_flesh":14,"minecraft:torch":5,"minecraft:dirt":3,"minecraft:mutton":2,"minecraft:crafting_table":10,"minecraft:wooden_hoe":3,"orcz:orcteeth_tool_sword":106,"minecraft:lava_bucket":12,"minecraft:bread":20,"minecraft:iron_pickaxe":134,"minecraft:iron_helmet":1,"orcz:big_bone_1":1,"orcz:bone_1deco":1,"minecraft:stone_axe":127,"minecraft:cobblestone":26,"minecraft:cooked_porkchop":3,"minecraft:furnace":2,"minecraft:bucket":24,"tombstone:gift":4,"minecraft:iron_leggings":1},"minecraft:killed":{"minecraft:pig":3,"minecraft:creeper":1,"minecraft:skeleton":2,"minecraft:sheep":1,"minecraft:zombie":12,"enemyexpansion:botfly":1,"orcz:squig":4,"orcz:goblin_2sword":1,"enemyexpansion:slugger":1},"minecraft:killed_by":{"minecraft:creeper":2,"alexsmobs:grizzly_bear":1,"enemyexpansion:invisicreeper":1},"minecraft:crafted":{"minecraft:oak_planks":36,"minecraft:crafting_table":2,"minecraft:wooden_pickaxe":2,"minecraft:iron_helmet":1,"minecraft:furnace":2,"minecraft:bucket":2,"minecraft:stone_axe":1,"minecraft:bread":62,"minecraft:air":0,"minecraft:iron_boots":1,"minecraft:iron_chestplate":1,"minecraft:wooden_hoe":1,"minecraft:shield":1,"minecraft:stick":16,"minecraft:iron_ingot":45,"minecraft:iron_pickaxe":2,"minecraft:stone_pickaxe":2,"minecraft:iron_leggings":1,"minecraft:torch":4,"minecraft:wheat":81},"minecraft:custom":{"minecraft:interact_with_furnace":40,"minecraft:mob_kills":28,"minecraft:interact_with_crafting_table":30,"minecraft:open_barrel":3,"minecraft:interact_with_loom":1,"minecraft:damage_dealt_resisted":454,"minecraft:leave_game":2,"minecraft:time_since_death":33876,"minecraft:climb_one_cm":1142,"minecraft:time_since_rest":33154,"minecraft:sprint_one_cm":259961,"minecraft:damage_taken":2647,"minecraft:walk_one_cm":147945,"minecraft:damage_blocked_by_shield":1070,"minecraft:drop":19,"minecraft:damage_dealt":4202,"minecraft:swim_one_cm":20773,"minecraft:fly_one_cm":506471,"minecraft:open_chest":28,"minecraft:crouch_one_cm":6012,"minecraft:play_time":79826,"tombstone:undead_killed":15,"minecraft:deaths":4,"minecraft:sneak_time":2294,"minecraft:walk_under_water_one_cm":6278,"minecraft:jump":1993,"minecraft:walk_on_water_one_cm":7391,"minecraft:total_world_time":79826,"minecraft:fall_one_cm":54815}},"DataVersion":3465}