{"stats":{"minecraft:dropped":{"minecraft:wheat_seeds":47,"minecraft:lantern":1,"minecraft:diorite":4,"minecraft:bone":3,"minecraft:gravel":15,"mcdw:glaive_cackling_broom":1,"minecraft:oak_planks":1,"orcz:orcteeth_tool_sword":1,"minecraft:stripped_oak_log":1,"orcz:orcshroom":1,"orcz:ironscrap":4,"minecraft:acacia_sapling":1,"minecraft:arrow":2},"minecraft:picked_up":{"minecraft:crafting_table":9,"minecraft:iron_chestplate":4,"minecraft:wheat":121,"minecraft:iron_leggings":4,"minecraft:armor_stand":4,"minecraft:cobbled_deepslate":41,"minecraft:beef":15,"minecraft:coal_block":11,"minecraft:chest":2,"minecraft:iron_boots":4,"minecraft:furnace":4,"minecraft:raw_iron":116,"minecraft:stick":2,"minecraft:torch":8,"orcz:squigs_claws":4,"tombstone:grave_dust":9,"minecraft:diorite":6,"minecraft:redstone":1,"minecraft:arrow":3,"minecraft:rotten_flesh":16,"orcz:orcshroom":2,"minecraft:hay_block":12,"alexscaves:spelunkery_table":1,"minecraft:mutton":2,"minecraft:cobblestone":156,"minecraft:white_wool":10,"minecraft:stripped_oak_log":1,"minecraft:leather":9,"minecraft:oak_log":42,"mcdw:glaive_cackling_broom":1,"minecraft:gunpowder":7,"minecraft:lapis_lazuli":20,"minecraft:dirt":20,"minecraft:lantern":2,"minecraft:cooked_mutton":11,"minecraft:bone":4,"minecraft:stone_bricks":10,"minecraft:kelp":2,"minecraft:wheat_seeds":249,"orcz:orcteeth_tool_sword":2,"minecraft:raw_gold":17,"minecraft:cooked_chicken":1,"minecraft:iron_ingot":1,"minecraft:oak_planks":2,"minecraft:acacia_sapling":1,"minecraft:book":138,"minecraft:cooked_porkchop":14,"minecraft:red_wool":2,"minecraft:gravel":15,"minecraft:sand":24,"minecraft:white_bed":1,"biomesoplenty:glowing_moss_block":1,"bloomingnature:swamp_oak_log":27,"minecraft:iron_helmet":4,"minecraft:granite":9,"minecraft:emerald":2,"orcz:ironscrap":3,"minecraft:coal":57},"minecraft:mined":{"biomesoplenty:glowing_moss_block":1,"alexscaves:spelunkery_table":1,"minecraft:white_bed":1,"minecraft:granite":9,"biomesoplenty:bush":1,"minecraft:grass_block":8,"minecraft:coal_block":11,"minecraft:large_fern":5,"minecraft:hay_block":12,"minecraft:tall_seagrass":1,"minecraft:furnace":4,"minecraft:carrots":13,"minecraft:iron_ore":115,"minecraft:deepslate_lapis_ore":3,"bloomingnature:swamp_oak_leaves":2,"orcz:orcshroom":1,"minecraft:bookshelf":47,"minecraft:potatoes":9,"biomesoplenty:high_grass":6,"minecraft:stripped_oak_log":1,"minecraft:stone":133,"minecraft:red_wool":2,"minecraft:kelp_plant":1,"minecraft:crafting_table":9,"minecraft:cornflower":1,"minecraft:spruce_button":1,"minecraft:emerald_ore":2,"minecraft:chest":2,"biomesoplenty:high_grass_plant":7,"minecraft:tall_grass":6,"minecraft:cobblestone":6,"minecraft:deepslate_gold_ore":17,"minecraft:potted_acacia_sapling":1,"minecraft:oak_planks":1,"minecraft:wall_torch":7,"minecraft:diorite":6,"bloomingnature:swamp_oak_log":27,"minecraft:wheat":138,"minecraft:grass":15,"biomesoplenty:clover":8,"minecraft:coal_ore":46,"minecraft:oak_log":42,"minecraft:sand":25,"minecraft:dirt":13,"minecraft:stone_bricks":10,"minecraft:deepslate":42,"minecraft:fern":1},"minecraft:used":{"biomesoplenty:glowing_moss_block":1,"minecraft:chest":6,"minecraft:shield":41,"minecraft:iron_sword":33,"minecraft:wooden_shovel":27,"minecraft:cooked_chicken":1,"minecraft:rotten_flesh":14,"minecraft:torch":16,"minecraft:dirt":6,"minecraft:mutton":2,"minecraft:lava_bucket":31,"travelersbackpack:gold":5,"bloomingnature:swamp_oak_boat":1,"minecraft:iron_helmet":1,"minecraft:stone_bricks":10,"minecraft:furnace":6,"tombstone:gift":4,"bloomingnature:swamp_oak_planks":4,"minecraft:cobbled_deepslate":41,"minecraft:iron_leggings":1,"minecraft:wheat_seeds":69,"minecraft:cooked_mutton":10,"minecraft:water_bucket":32,"minecraft:diorite":2,"minecraft:stone_pickaxe":92,"minecraft:oak_planks":3,"minecraft:wooden_pickaxe":16,"minecraft:crafting_table":12,"minecraft:white_bed":1,"minecraft:wooden_hoe":3,"orcz:orcteeth_tool_sword":151,"minecraft:bread":30,"minecraft:iron_pickaxe":314,"orcz:big_bone_1":1,"minecraft:stone_axe":134,"orcz:bone_1deco":1,"minecraft:cobblestone":66,"travelersbackpack:standard":1,"minecraft:cooked_porkchop":4,"minecraft:bucket":65},"minecraft:killed":{"minecraft:witch":1,"minecraft:skeleton":3,"minecraft:drowned":2,"orcz:squig":4,"minecraft:pig":6,"enemyexpansion:sprinter":1,"minecraft:creeper":1,"minecraft:sheep":9,"minecraft:zombie":15,"enemyexpansion:botfly":1,"alexsmobs:fly":1,"orcz:goblin_2sword":1,"minecraft:cow":8,"enemyexpansion:slugger":2},"minecraft:killed_by":{"minecraft:creeper":2,"alexsmobs:grizzly_bear":1,"enemyexpansion:invisicreeper":1},"minecraft:broken":{"minecraft:stone_axe":1,"orcz:orcteeth_tool_sword":1,"minecraft:iron_pickaxe":1},"minecraft:crafted":{"minecraft:oak_planks":168,"travelersbackpack:iron":1,"minecraft:coal":99,"minecraft:furnace":2,"minecraft:glass":24,"travelersbackpack:white_sleeping_bag":2,"minecraft:iron_boots":1,"travelersbackpack:gold":1,"minecraft:stone_pickaxe":2,"minecraft:chest":9,"minecraft:oak_button":2,"bloomingnature:swamp_oak_boat":1,"minecraft:wheat":81,"minecraft:wooden_shovel":1,"minecraft:crafting_table":3,"travelersbackpack:standard":3,"travelersbackpack:backpack_tank":4,"minecraft:iron_helmet":1,"minecraft:wooden_pickaxe":2,"minecraft:iron_sword":2,"bloomingnature:swamp_oak_planks":48,"minecraft:bucket":2,"minecraft:stone_axe":1,"minecraft:bread":79,"minecraft:air":0,"minecraft:wooden_hoe":1,"minecraft:iron_chestplate":1,"minecraft:shield":1,"minecraft:stick":24,"minecraft:iron_ingot":118,"minecraft:iron_pickaxe":2,"minecraft:gold_ingot":17,"minecraft:iron_leggings":1,"minecraft:torch":16,"minecraft:shears":1},"minecraft:custom":{"minecraft:mob_kills":58,"minecraft:interact_with_crafting_table":51,"minecraft:open_barrel":3,"minecraft:damage_dealt_resisted":454,"minecraft:leave_game":2,"minecraft:time_since_death":135876,"minecraft:climb_one_cm":1142,"minecraft:sprint_one_cm":411285,"minecraft:walk_one_cm":211482,"minecraft:damage_blocked_by_shield":2070,"minecraft:drop":19,"minecraft:talked_to_villager":2,"minecraft:play_time":181826,"minecraft:deaths":4,"minecraft:sneak_time":3843,"minecraft:walk_under_water_one_cm":33652,"minecraft:boat_one_cm":172665,"minecraft:jump":3441,"minecraft:walk_on_water_one_cm":19597,"minecraft:total_world_time":181826,"minecraft:interact_with_furnace":87,"tombstone:raider_killed":1,"minecraft:interact_with_loom":1,"minecraft:time_since_rest":135154,"minecraft:damage_taken":3584,"minecraft:damage_dealt":7302,"minecraft:swim_one_cm":63552,"minecraft:fly_one_cm":798138,"minecraft:open_chest":71,"minecraft:crouch_one_cm":6839,"tombstone:undead_killed":23,"minecraft:fall_one_cm":102564}},"DataVersion":3465}