{"stats":{"minecraft:dropped":{"minecraft:wheat_seeds":47,"minecraft:cobblestone":23,"minecraft:lantern":2,"minecraft:granite":7,"minecraft:yellow_carpet":1,"minecraft:flint":1,"minecraft:stick":1,"minecraft:dirt":14,"minecraft:diorite":4,"minecraft:smooth_basalt":7,"minecraft:bone":3,"minecraft:gravel":21,"ecologics:coconut_planks":4,"minecraft:kelp":2,"minecraft:golden_chestplate":1,"bloomingnature:swamp_oak_planks":96,"mcdw:glaive_cackling_broom":1,"minecraft:cobbled_deepslate":56,"minecraft:tuff":59,"minecraft:rotten_flesh":4,"minecraft:oak_planks":1,"orcz:orcteeth_tool_sword":1,"minecraft:stripped_oak_log":1,"orcz:orcshroom":1,"orcz:ironscrap":4,"minecraft:oak_button":2,"minecraft:acacia_sapling":1,"minecraft:wooden_shovel":1,"minecraft:arrow":3,"minecraft:wooden_pickaxe":1},"minecraft:picked_up":{"minecraft:crafting_table":9,"minecraft:iron_chestplate":4,"minecraft:wheat":121,"minecraft:enchanted_book":1,"minecraft:string":1,"minecraft:iron_leggings":4,"minecraft:armor_stand":4,"minecraft:cobbled_deepslate":395,"minecraft:beef":15,"minecraft:calcite":10,"minecraft:coal_block":11,"minecraft:chest":2,"minecraft:iron_boots":4,"minecraft:furnace":10,"minecraft:stick":2,"minecraft:raw_iron":116,"minecraft:torch":9,"orcz:squigs_claws":4,"tombstone:grave_dust":11,"minecraft:diorite":6,"minecraft:redstone":1,"minecraft:golden_chestplate":1,"minecraft:arrow":3,"minecraft:rotten_flesh":20,"minecraft:hay_block":12,"orcz:orcshroom":2,"ecologics:coconut_log":1,"alexscaves:spelunkery_table":1,"minecraft:mutton":2,"minecraft:white_wool":10,"minecraft:cobblestone":204,"minecraft:stripped_oak_log":1,"minecraft:leather":9,"minecraft:flint":2,"minecraft:tuff":77,"minecraft:oak_log":55,"mcdw:glaive_cackling_broom":1,"minecraft:gunpowder":9,"minecraft:lapis_lazuli":20,"minecraft:dirt":20,"minecraft:lantern":2,"minecraft:cooked_mutton":11,"minecraft:glass":6,"minecraft:bone":4,"minecraft:stone_bricks":10,"farmersdelight:cooking_pot":1,"minecraft:kelp":2,"minecraft:wheat_seeds":249,"orcz:orcteeth_tool_sword":2,"minecraft:raw_gold":58,"minecraft:iron_ingot":1,"minecraft:cooked_chicken":1,"travelersbackpack:gold":2,"minecraft:acacia_sapling":1,"minecraft:oak_planks":8,"minecraft:book":138,"minecraft:smooth_basalt":7,"minecraft:cooked_porkchop":14,"minecraft:red_wool":2,"minecraft:gravel":23,"minecraft:sand":36,"minecraft:white_bed":2,"biomesoplenty:glowing_moss_block":1,"travelersbackpack:standard":1,"minecraft:yellow_carpet":1,"minecraft:diamond":11,"bloomingnature:swamp_oak_log":27,"minecraft:iron_helmet":4,"minecraft:granite":9,"minecraft:emerald":2,"orcz:ironscrap":3,"minecraft:coal":244},"minecraft:mined":{"biomesoplenty:glowing_moss_block":1,"alexscaves:spelunkery_table":1,"minecraft:tuff":18,"minecraft:white_bed":2,"minecraft:deepslate_diamond_ore":11,"minecraft:granite":9,"biomesoplenty:bush":1,"minecraft:grass_block":9,"minecraft:yellow_carpet":2,"minecraft:coal_block":11,"ecologics:coconut_log":1,"minecraft:large_fern":5,"minecraft:hay_block":12,"minecraft:tall_seagrass":1,"minecraft:furnace":10,"minecraft:carrots":13,"minecraft:iron_ore":115,"minecraft:fire":1,"minecraft:deepslate_lapis_ore":3,"bloomingnature:swamp_oak_leaves":2,"orcz:orcshroom":1,"minecraft:bookshelf":47,"minecraft:potatoes":9,"biomesoplenty:high_grass":6,"minecraft:stripped_oak_log":1,"minecraft:stone":181,"farmersdelight:cooking_pot":1,"minecraft:red_wool":2,"minecraft:kelp_plant":1,"travelersbackpack:standard":1,"minecraft:crafting_table":9,"minecraft:cornflower":1,"minecraft:spruce_button":1,"minecraft:emerald_ore":2,"minecraft:calcite":1,"minecraft:chest":2,"biomesoplenty:high_grass_plant":7,"minecraft:tall_grass":6,"minecraft:cobblestone":7,"minecraft:deepslate_gold_ore":58,"minecraft:potted_acacia_sapling":1,"minecraft:oak_planks":7,"minecraft:diorite":6,"minecraft:wall_torch":7,"bloomingnature:swamp_oak_log":27,"minecraft:wheat":138,"minecraft:grass":15,"biomesoplenty:clover":8,"minecraft:oak_log":44,"minecraft:coal_ore":47,"minecraft:gravel":8,"minecraft:sand":37,"minecraft:dirt":19,"minecraft:cobweb":1,"minecraft:smooth_basalt":7,"travelersbackpack:gold":2,"minecraft:stone_bricks":10,"minecraft:deepslate":220,"minecraft:fern":1},"minecraft:used":{"biomesoplenty:glowing_moss_block":1,"minecraft:chest":6,"minecraft:shield":43,"minecraft:iron_sword":47,"minecraft:wooden_shovel":27,"minecraft:cooked_chicken":1,"minecraft:rotten_flesh":14,"minecraft:torch":37,"minecraft:dirt":6,"minecraft:mutton":2,"mcdw:sickle_sickle":45,"minecraft:lava_bucket":31,"travelersbackpack:gold":6,"bloomingnature:swamp_oak_boat":1,"minecraft:iron_helmet":1,"minecraft:stone_bricks":10,"spartanshields:iron_basic_shield":9,"minecraft:furnace":8,"farmersdelight:cooking_pot":1,"tombstone:gift":5,"bloomingnature:swamp_oak_planks":4,"minecraft:cobbled_deepslate":172,"minecraft:iron_leggings":1,"minecraft:wheat_seeds":69,"minecraft:cooked_mutton":11,"minecraft:water_bucket":56,"minecraft:diorite":2,"minecraft:stone_pickaxe":108,"minecraft:oak_planks":3,"minecraft:wooden_pickaxe":16,"minecraft:crafting_table":14,"minecraft:white_bed":1,"minecraft:wooden_hoe":3,"orcz:orcteeth_tool_sword":151,"minecraft:bread":53,"minecraft:iron_pickaxe":620,"orcz:big_bone_1":1,"minecraft:stone_axe":134,"orcz:bone_1deco":1,"minecraft:cobblestone":77,"travelersbackpack:standard":9,"minecraft:cooked_porkchop":4,"minecraft:bucket":89},"minecraft:killed":{"enemyexpansion:trollenraged":1,"minecraft:witch":1,"minecraft:skeleton":5,"orcz:squig":4,"minecraft:drowned":2,"minecraft:pig":6,"enemyexpansion:sprinter":1,"minecraft:creeper":1,"minecraft:sheep":9,"minecraft:zombie":18,"enemyexpansion:botfly":1,"alexsmobs:fly":1,"orcz:goblin_2sword":1,"minecraft:cow":8,"enemyexpansion:slugger":2},"minecraft:killed_by":{"minecraft:player":1,"minecraft:creeper":2,"alexsmobs:grizzly_bear":1,"enemyexpansion:invisicreeper":2},"minecraft:broken":{"minecraft:shield":1,"minecraft:stone_axe":1,"orcz:orcteeth_tool_sword":1,"minecraft:iron_pickaxe":2},"minecraft:crafted":{"minecraft:oak_planks":176,"travelersbackpack:iron":1,"minecraft:coal":99,"ecologics:coconut_planks":4,"minecraft:furnace":2,"spartanshields:iron_basic_shield":1,"minecraft:glass":30,"travelersbackpack:white_sleeping_bag":2,"minecraft:iron_boots":1,"travelersbackpack:gold":1,"minecraft:stone_pickaxe":3,"minecraft:chest":9,"minecraft:oak_button":2,"bloomingnature:swamp_oak_boat":1,"minecraft:wheat":81,"minecraft:wooden_shovel":1,"minecraft:crafting_table":5,"minecraft:iron_helmet":1,"travelersbackpack:backpack_tank":4,"travelersbackpack:standard":3,"minecraft:wooden_pickaxe":2,"minecraft:iron_sword":2,"bloomingnature:swamp_oak_planks":108,"minecraft:bucket":2,"minecraft:stone_axe":1,"minecraft:bread":79,"minecraft:air":0,"minecraft:iron_chestplate":1,"minecraft:wooden_hoe":1,"minecraft:shield":1,"minecraft:stick":40,"minecraft:iron_ingot":118,"minecraft:iron_pickaxe":2,"minecraft:iron_leggings":1,"minecraft:gold_ingot":17,"spartanshields:wooden_basic_shield":1,"minecraft:torch":48,"minecraft:shears":1},"minecraft:custom":{"minecraft:mob_kills":64,"minecraft:interact_with_crafting_table":54,"minecraft:open_barrel":3,"minecraft:damage_dealt_resisted":532,"minecraft:leave_game":4,"minecraft:time_since_death":8475,"minecraft:climb_one_cm":1142,"minecraft:sprint_one_cm":786434,"minecraft:walk_one_cm":296784,"minecraft:damage_blocked_by_shield":3650,"minecraft:drop":44,"minecraft:talked_to_villager":2,"minecraft:play_time":277441,"minecraft:sneak_time":6229,"minecraft:deaths":7,"minecraft:walk_under_water_one_cm":40327,"minecraft:boat_one_cm":172665,"minecraft:jump":5281,"minecraft:walk_on_water_one_cm":28000,"minecraft:total_world_time":277441,"minecraft:interact_with_furnace":93,"tombstone:raider_killed":1,"minecraft:interact_with_loom":1,"minecraft:time_since_rest":8352,"minecraft:damage_taken":4919,"minecraft:damage_dealt":8955,"minecraft:swim_one_cm":71616,"minecraft:fly_one_cm":1174351,"minecraft:open_chest":75,"minecraft:crouch_one_cm":12262,"tombstone:undead_killed":28,"minecraft:fall_one_cm":157141}},"DataVersion":3465}