{"stats":{"minecraft:dropped":{"minecraft:wheat_seeds":47,"minecraft:lantern":1,"minecraft:diorite":4,"minecraft:bone":3,"minecraft:gravel":15,"mcdw:glaive_cackling_broom":1,"minecraft:oak_planks":1,"orcz:orcteeth_tool_sword":1,"minecraft:stripped_oak_log":1,"orcz:orcshroom":1,"orcz:ironscrap":4,"minecraft:acacia_sapling":1,"minecraft:arrow":2},"minecraft:picked_up":{"minecraft:crafting_table":9,"minecraft:iron_chestplate":4,"minecraft:wheat":121,"minecraft:iron_leggings":4,"minecraft:armor_stand":4,"minecraft:cobbled_deepslate":3,"minecraft:beef":15,"minecraft:coal_block":11,"minecraft:iron_boots":4,"minecraft:furnace":4,"minecraft:raw_iron":116,"minecraft:stick":2,"minecraft:torch":3,"orcz:squigs_claws":4,"tombstone:grave_dust":7,"minecraft:diorite":6,"minecraft:redstone":1,"minecraft:arrow":2,"minecraft:rotten_flesh":15,"orcz:orcshroom":2,"minecraft:hay_block":12,"alexscaves:spelunkery_table":1,"minecraft:mutton":2,"minecraft:cobblestone":89,"minecraft:white_wool":10,"minecraft:stripped_oak_log":1,"minecraft:leather":9,"minecraft:oak_log":42,"mcdw:glaive_cackling_broom":1,"minecraft:gunpowder":7,"minecraft:dirt":18,"minecraft:lantern":2,"minecraft:cooked_mutton":11,"minecraft:bone":3,"minecraft:stone_bricks":10,"minecraft:kelp":2,"minecraft:wheat_seeds":249,"orcz:orcteeth_tool_sword":2,"minecraft:raw_gold":4,"minecraft:cooked_chicken":1,"minecraft:iron_ingot":1,"minecraft:oak_planks":2,"minecraft:acacia_sapling":1,"minecraft:book":138,"minecraft:cooked_porkchop":14,"minecraft:red_wool":2,"minecraft:gravel":15,"minecraft:sand":24,"minecraft:white_bed":1,"biomesoplenty:glowing_moss_block":1,"bloomingnature:swamp_oak_log":27,"minecraft:iron_helmet":4,"minecraft:granite":2,"minecraft:emerald":2,"orcz:ironscrap":3,"minecraft:coal":56},"minecraft:mined":{"biomesoplenty:glowing_moss_block":1,"alexscaves:spelunkery_table":1,"minecraft:white_bed":1,"minecraft:granite":2,"biomesoplenty:bush":1,"minecraft:grass_block":7,"minecraft:coal_block":11,"minecraft:large_fern":5,"minecraft:hay_block":12,"minecraft:tall_seagrass":1,"minecraft:furnace":4,"minecraft:carrots":13,"minecraft:iron_ore":115,"bloomingnature:swamp_oak_leaves":2,"orcz:orcshroom":1,"minecraft:bookshelf":47,"minecraft:potatoes":9,"biomesoplenty:high_grass":6,"minecraft:stripped_oak_log":1,"minecraft:stone":64,"minecraft:red_wool":2,"minecraft:kelp_plant":1,"minecraft:crafting_table":9,"minecraft:cornflower":1,"minecraft:spruce_button":1,"minecraft:emerald_ore":2,"biomesoplenty:high_grass_plant":7,"minecraft:tall_grass":6,"minecraft:cobblestone":6,"minecraft:deepslate_gold_ore":4,"minecraft:potted_acacia_sapling":1,"minecraft:oak_planks":1,"minecraft:wall_torch":3,"minecraft:diorite":6,"bloomingnature:swamp_oak_log":27,"minecraft:wheat":138,"minecraft:grass":15,"biomesoplenty:clover":8,"minecraft:coal_ore":45,"minecraft:oak_log":42,"minecraft:sand":25,"minecraft:dirt":12,"minecraft:stone_bricks":10,"minecraft:deepslate":3,"minecraft:fern":1},"minecraft:used":{"biomesoplenty:glowing_moss_block":1,"minecraft:chest":6,"minecraft:shield":40,"minecraft:iron_sword":25,"minecraft:wooden_shovel":27,"minecraft:cooked_chicken":1,"minecraft:rotten_flesh":14,"minecraft:torch":5,"minecraft:dirt":6,"minecraft:mutton":2,"minecraft:lava_bucket":30,"bloomingnature:swamp_oak_boat":1,"minecraft:iron_helmet":1,"minecraft:stone_bricks":10,"minecraft:furnace":6,"tombstone:gift":4,"minecraft:iron_leggings":1,"minecraft:wheat_seeds":69,"minecraft:cooked_mutton":7,"minecraft:water_bucket":30,"minecraft:diorite":2,"minecraft:stone_pickaxe":92,"minecraft:oak_planks":2,"minecraft:wooden_pickaxe":16,"minecraft:crafting_table":12,"minecraft:white_bed":1,"minecraft:wooden_hoe":3,"orcz:orcteeth_tool_sword":151,"minecraft:bread":30,"minecraft:iron_pickaxe":179,"orcz:big_bone_1":1,"minecraft:stone_axe":134,"orcz:bone_1deco":1,"minecraft:cobblestone":33,"minecraft:cooked_porkchop":4,"minecraft:bucket":62},"minecraft:killed":{"minecraft:witch":1,"minecraft:skeleton":2,"minecraft:drowned":2,"orcz:squig":4,"minecraft:pig":6,"enemyexpansion:sprinter":1,"minecraft:creeper":1,"minecraft:sheep":9,"minecraft:zombie":14,"enemyexpansion:botfly":1,"alexsmobs:fly":1,"orcz:goblin_2sword":1,"minecraft:cow":8,"enemyexpansion:slugger":2},"minecraft:killed_by":{"minecraft:creeper":2,"alexsmobs:grizzly_bear":1,"enemyexpansion:invisicreeper":1},"minecraft:broken":{"minecraft:stone_axe":1,"orcz:orcteeth_tool_sword":1},"minecraft:crafted":{"minecraft:oak_planks":168,"minecraft:coal":99,"minecraft:furnace":2,"minecraft:glass":24,"travelersbackpack:white_sleeping_bag":2,"minecraft:iron_boots":1,"minecraft:stone_pickaxe":2,"minecraft:chest":9,"minecraft:oak_button":2,"bloomingnature:swamp_oak_boat":1,"minecraft:wheat":81,"minecraft:wooden_shovel":1,"minecraft:crafting_table":3,"travelersbackpack:backpack_tank":4,"minecraft:iron_helmet":1,"minecraft:wooden_pickaxe":2,"minecraft:iron_sword":2,"bloomingnature:swamp_oak_planks":40,"minecraft:bucket":2,"minecraft:stone_axe":1,"minecraft:bread":79,"minecraft:air":0,"minecraft:wooden_hoe":1,"minecraft:iron_chestplate":1,"minecraft:shield":1,"minecraft:stick":20,"minecraft:iron_ingot":118,"minecraft:iron_pickaxe":2,"minecraft:iron_leggings":1,"minecraft:torch":4},"minecraft:custom":{"minecraft:mob_kills":56,"minecraft:interact_with_crafting_table":43,"minecraft:open_barrel":3,"minecraft:damage_dealt_resisted":454,"minecraft:leave_game":2,"minecraft:time_since_death":99876,"minecraft:climb_one_cm":1142,"minecraft:sprint_one_cm":400753,"minecraft:walk_one_cm":200252,"minecraft:damage_blocked_by_shield":2020,"minecraft:drop":19,"minecraft:talked_to_villager":2,"minecraft:play_time":145826,"minecraft:deaths":4,"minecraft:sneak_time":3591,"minecraft:walk_under_water_one_cm":32465,"minecraft:boat_one_cm":172665,"minecraft:jump":3210,"minecraft:walk_on_water_one_cm":17441,"minecraft:total_world_time":145826,"minecraft:interact_with_furnace":66,"tombstone:raider_killed":1,"minecraft:interact_with_loom":1,"minecraft:time_since_rest":99154,"minecraft:damage_taken":3419,"minecraft:damage_dealt":6903,"minecraft:swim_one_cm":62288,"minecraft:fly_one_cm":782559,"minecraft:open_chest":61,"minecraft:crouch_one_cm":6315,"tombstone:undead_killed":21,"minecraft:fall_one_cm":101670}},"DataVersion":3465}