{"stats":{"minecraft:custom":{"minecraft:mob_kills":24,"minecraft:interact_with_crafting_table":46,"minecraft:open_barrel":14,"minecraft:eat_cake_slice":5,"minecraft:leave_game":3,"minecraft:time_since_death":68968,"minecraft:sprint_one_cm":183831,"minecraft:walk_one_cm":317051,"minecraft:damage_blocked_by_shield":1440,"minecraft:drop":42,"minecraft:play_time":103610,"minecraft:deaths":1,"minecraft:sneak_time":4247,"minecraft:walk_under_water_one_cm":3837,"minecraft:jump":2158,"minecraft:interact_with_blast_furnace":1,"minecraft:walk_on_water_one_cm":10475,"minecraft:total_world_time":103610,"minecraft:interact_with_furnace":77,"spartanshields:shield_bash_hits":3,"minecraft:time_since_rest":68338,"minecraft:damage_taken":1474,"minecraft:damage_dealt":3751,"minecraft:swim_one_cm":13492,"minecraft:fly_one_cm":299712,"minecraft:open_chest":16,"minecraft:crouch_one_cm":15954,"tombstone:undead_killed":14,"minecraft:fall_one_cm":35178},"minecraft:picked_up":{"minecraft:crafting_table":6,"minecraft:wheat":15,"minecraft:wooden_pickaxe":1,"minecraft:potion":1,"minecraft:brewing_stand":1,"bloomingnature:fan_palm_log":3,"minecraft:polished_deepslate":1,"minecraft:iron_axe":1,"minecraft:item_frame":1,"minecraft:cobbled_deepslate":142,"minecraft:furnace":7,"minecraft:beehive":4,"minecraft:raw_iron":84,"ecologics:coconut_slice":8,"minecraft:torch":21,"minecraft:porkchop":5,"minecraft:lightning_rod":2,"minecraft:cookie":1,"tombstone:grave_dust":3,"minecraft:diorite":46,"minecraft:redstone":2,"minecraft:waxed_cut_copper_stairs":1,"minecraft:tnt":1,"minecraft:arrow":2,"minecraft:rotten_flesh":9,"minecraft:pumpkin_pie":1,"minecraft:hay_block":7,"minecraft:waxed_cut_copper":3,"minecraft:mutton":5,"minecraft:white_wool":3,"minecraft:cobblestone":282,"minecraft:stripped_oak_log":6,"minecraft:andesite":24,"minecraft:potato":31,"paraglider:spirit_orb":6,"minecraft:flint":1,"minecraft:tuff":29,"minecraft:oak_log":45,"minecraft:waxed_copper_block":1,"alexsmobs:cooked_kangaroo_meat":1,"minecraft:gunpowder":3,"minecraft:lapis_lazuli":44,"minecraft:dirt":37,"bloomingnature:swamp_oak_door":2,"minecraft:bone":6,"minecraft:stonecutter":1,"minecraft:wheat_seeds":55,"minecraft:raw_gold":8,"minecraft:cooked_chicken":2,"bloomingnature:chestnut_sapling":1,"minecraft:oak_planks":13,"minecraft:book":3,"minecraft:gravel":21,"minecraft:blast_furnace":1,"travelersbackpack:white_sleeping_bag":1,"minecraft:soul_lantern":1,"bloomingnature:swamp_oak_log":20,"minecraft:granite":30,"minecraft:bread":2,"minecraft:coal":107},"minecraft:crafted":{"minecraft:oak_planks":68,"bloomingnature:swamp_oak_door":3,"minecraft:furnace":4,"minecraft:bone_meal":33,"minecraft:cooked_mutton":5,"travelersbackpack:white_sleeping_bag":1,"minecraft:iron_boots":1,"minecraft:polished_deepslate":32,"minecraft:iron_axe":1,"minecraft:stone_pickaxe":1,"minecraft:chest":1,"minecraft:wheat":63,"minecraft:cooked_porkchop":5,"minecraft:crafting_table":6,"minecraft:iron_helmet":1,"minecraft:wooden_pickaxe":1,"minecraft:baked_potato":3,"bloomingnature:swamp_oak_planks":80,"minecraft:copper_ingot":3,"minecraft:bucket":1,"bloomingnature:fan_palm_planks":12,"minecraft:stone_axe":1,"minecraft:bread":25,"minecraft:air":0,"minecraft:iron_chestplate":1,"minecraft:shield":1,"minecraft:stick":52,"minecraft:iron_ingot":83,"minecraft:iron_pickaxe":3,"minecraft:iron_leggings":1,"minecraft:gold_ingot":8,"minecraft:torch":96},"minecraft:broken":{"minecraft:stone_pickaxe":1,"minecraft:stone_axe":1,"minecraft:iron_pickaxe":2},"minecraft:killed_by":{"enemyexpansion:equestrian":1},"minecraft:mined":{"minecraft:tuff":25,"minecraft:brewing_stand":1,"minecraft:granite":30,"minecraft:grass_block":6,"travelersbackpack:white_sleeping_bag":1,"minecraft:spawner":3,"minecraft:large_fern":12,"minecraft:hay_block":7,"minecraft:furnace":7,"minecraft:iron_ore":62,"minecraft:cobbled_deepslate":7,"minecraft:andesite":24,"minecraft:deepslate_lapis_ore":4,"minecraft:polished_deepslate":1,"minecraft:bookshelf":1,"minecraft:potatoes":10,"minecraft:deepslate_iron_ore":22,"minecraft:stripped_oak_log":6,"minecraft:stone":276,"minecraft:cake":1,"minecraft:waxed_cut_copper":3,"minecraft:waxed_cut_copper_stairs":2,"minecraft:lily_of_the_valley":1,"minecraft:soul_lantern":1,"minecraft:crafting_table":6,"minecraft:torch":6,"bloomingnature:swamp_oak_door":1,"bloomingnature:fan_palm_leaves":1,"minecraft:blast_furnace":1,"minecraft:lightning_rod":2,"minecraft:tall_grass":31,"minecraft:lapis_ore":2,"minecraft:deepslate_gold_ore":8,"minecraft:oak_planks":10,"minecraft:diorite":46,"minecraft:wall_torch":4,"bloomingnature:swamp_oak_log":20,"minecraft:beehive":2,"minecraft:wheat":17,"minecraft:waxed_copper_block":1,"minecraft:tnt":1,"minecraft:grass":48,"bloomingnature:fan_palm_log":3,"minecraft:oak_log":45,"minecraft:coal_ore":91,"minecraft:gravel":20,"minecraft:dirt":31,"minecraft:stonecutter":1,"minecraft:deepslate":134,"minecraft:fern":1},"minecraft:used":{"minecraft:polished_deepslate":33,"bloomingnature:swamp_oak_door":2,"minecraft:chest":1,"minecraft:shield":60,"minecraft:rotten_flesh":5,"minecraft:iron_chestplate":1,"minecraft:torch":114,"minecraft:dirt":21,"alexsmobs:cooked_kangaroo_meat":1,"minecraft:carrot":13,"minecraft:tuff":9,"minecraft:beehive":2,"minecraft:iron_axe":124,"minecraft:iron_helmet":1,"minecraft:iron_boots":1,"minecraft:furnace":9,"tombstone:gift":4,"bloomingnature:swamp_oak_planks":18,"minecraft:potato":29,"minecraft:cobbled_deepslate":42,"minecraft:iron_leggings":1,"minecraft:wheat_seeds":41,"minecraft:cooked_mutton":5,"minecraft:diorite":7,"minecraft:baked_potato":1,"minecraft:stone_pickaxe":131,"minecraft:oak_planks":24,"minecraft:wooden_pickaxe":7,"minecraft:crafting_table":11,"minecraft:oak_log":17,"minecraft:bread":5,"minecraft:iron_pickaxe":640,"travelersbackpack:white_sleeping_bag":1,"minecraft:gravel":9,"ecologics:coconut_slice":8,"minecraft:stone_axe":110,"minecraft:cobblestone":67,"minecraft:cooked_porkchop":5,"minecraft:bucket":3,"minecraft:bone_meal":33},"minecraft:dropped":{"minecraft:enchanted_book":1,"minecraft:iron_ingot":17,"minecraft:wheat_seeds":10,"bloomingnature:fan_palm_planks":12,"minecraft:granite":23,"paraglider:spirit_orb":4,"minecraft:dirt":9,"minecraft:diorite":39,"tombstone:grave_dust":1,"minecraft:stonecutter":1,"minecraft:redstone":2,"minecraft:gravel":12,"minecraft:waxed_cut_copper_stairs":1,"minecraft:tuff":4,"minecraft:wheat":1,"minecraft:raw_iron":1,"minecraft:beetroot":1,"minecraft:oak_planks":8,"minecraft:beehive":2,"minecraft:andesite":7,"ecologics:coconut_husk":3,"minecraft:wooden_pickaxe":1},"minecraft:killed":{"enemyexpansion:equestrian":1,"enemyexpansion:direwolf":2,"minecraft:skeleton":4,"minecraft:pig":2,"enemyexpansion:sprinter":3,"minecraft:creeper":1,"minecraft:sheep":3,"minecraft:zombie":6,"enemyexpansion:botfly":1}},"DataVersion":3465}