{"stats":{"minecraft:dropped":{"minecraft:wheat_seeds":1,"bloomingnature:fan_palm_planks":12,"minecraft:tuff":4,"minecraft:raw_iron":1,"minecraft:oak_planks":8,"ecologics:coconut_husk":3,"tombstone:grave_dust":1,"minecraft:wooden_pickaxe":1},"minecraft:picked_up":{"minecraft:stripped_oak_log":6,"minecraft:crafting_table":4,"minecraft:wheat":4,"minecraft:andesite":17,"minecraft:wooden_pickaxe":1,"paraglider:spirit_orb":2,"minecraft:tuff":29,"minecraft:oak_log":45,"bloomingnature:fan_palm_log":3,"alexsmobs:cooked_kangaroo_meat":1,"minecraft:gunpowder":3,"minecraft:lapis_lazuli":44,"minecraft:polished_deepslate":1,"minecraft:dirt":28,"bloomingnature:swamp_oak_door":2,"minecraft:bone":6,"minecraft:stonecutter":1,"minecraft:wheat_seeds":20,"minecraft:cobbled_deepslate":137,"minecraft:raw_gold":8,"bloomingnature:chestnut_sapling":1,"minecraft:oak_planks":13,"minecraft:furnace":6,"minecraft:raw_iron":45,"ecologics:coconut_slice":8,"minecraft:torch":14,"minecraft:gravel":9,"minecraft:porkchop":5,"travelersbackpack:white_sleeping_bag":1,"tombstone:grave_dust":3,"minecraft:diorite":7,"minecraft:redstone":2,"minecraft:tnt":1,"minecraft:arrow":2,"minecraft:rotten_flesh":5,"bloomingnature:swamp_oak_log":20,"minecraft:granite":7,"minecraft:bread":2,"minecraft:mutton":5,"minecraft:coal":73,"minecraft:white_wool":3,"minecraft:cobblestone":202},"minecraft:killed":{"minecraft:pig":2,"enemyexpansion:equestrian":1,"enemyexpansion:sprinter":2,"minecraft:creeper":1,"minecraft:sheep":3,"minecraft:skeleton":4,"minecraft:zombie":2,"enemyexpansion:botfly":1},"minecraft:killed_by":{"enemyexpansion:equestrian":1},"minecraft:custom":{"minecraft:interact_with_furnace":61,"minecraft:mob_kills":17,"minecraft:interact_with_crafting_table":36,"minecraft:open_barrel":2,"minecraft:leave_game":1,"minecraft:time_since_death":35585,"minecraft:time_since_rest":34955,"minecraft:sprint_one_cm":117917,"minecraft:damage_taken":1321,"minecraft:walk_one_cm":209817,"minecraft:damage_blocked_by_shield":160,"minecraft:drop":11,"minecraft:damage_dealt":2617,"minecraft:swim_one_cm":9163,"minecraft:fly_one_cm":194400,"minecraft:open_chest":11,"minecraft:crouch_one_cm":13262,"minecraft:play_time":70227,"tombstone:undead_killed":9,"minecraft:deaths":1,"minecraft:sneak_time":3461,"minecraft:walk_under_water_one_cm":3342,"minecraft:jump":1465,"minecraft:walk_on_water_one_cm":8243,"minecraft:total_world_time":70227,"minecraft:fall_one_cm":26181},"minecraft:mined":{"minecraft:tuff":25,"minecraft:crafting_table":4,"minecraft:granite":7,"bloomingnature:swamp_oak_door":1,"bloomingnature:fan_palm_leaves":1,"minecraft:grass_block":3,"travelersbackpack:white_sleeping_bag":1,"minecraft:tall_grass":14,"minecraft:deepslate_gold_ore":8,"minecraft:lapis_ore":2,"minecraft:oak_planks":10,"minecraft:diorite":7,"minecraft:wall_torch":3,"minecraft:spawner":1,"minecraft:large_fern":4,"bloomingnature:swamp_oak_log":20,"minecraft:furnace":6,"minecraft:cobbled_deepslate":7,"minecraft:wheat":5,"minecraft:iron_ore":23,"minecraft:andesite":17,"minecraft:tnt":1,"minecraft:deepslate_lapis_ore":4,"minecraft:polished_deepslate":1,"minecraft:grass":21,"bloomingnature:fan_palm_log":3,"minecraft:oak_log":45,"minecraft:coal_ore":57,"minecraft:deepslate_iron_ore":22,"minecraft:gravel":12,"minecraft:dirt":25,"minecraft:stripped_oak_log":6,"minecraft:stonecutter":1,"minecraft:stone":196,"minecraft:deepslate":129},"minecraft:used":{"minecraft:wheat_seeds":15,"minecraft:cooked_mutton":5,"minecraft:diorite":7,"bloomingnature:swamp_oak_door":2,"minecraft:polished_deepslate":33,"minecraft:stone_pickaxe":131,"minecraft:oak_planks":24,"minecraft:shield":4,"minecraft:chest":1,"minecraft:wooden_pickaxe":7,"minecraft:iron_chestplate":1,"minecraft:torch":77,"minecraft:dirt":21,"minecraft:crafting_table":8,"alexsmobs:cooked_kangaroo_meat":1,"minecraft:tuff":4,"minecraft:oak_log":17,"minecraft:iron_axe":40,"minecraft:bread":3,"minecraft:iron_pickaxe":389,"travelersbackpack:white_sleeping_bag":1,"minecraft:iron_helmet":1,"minecraft:iron_boots":1,"minecraft:gravel":9,"minecraft:stone_axe":110,"ecologics:coconut_slice":8,"minecraft:cobblestone":66,"minecraft:furnace":8,"minecraft:cooked_porkchop":5,"minecraft:bucket":2,"tombstone:gift":2,"bloomingnature:swamp_oak_planks":18,"minecraft:cobbled_deepslate":8,"minecraft:bone_meal":6,"minecraft:iron_leggings":1},"minecraft:broken":{"minecraft:stone_pickaxe":1,"minecraft:stone_axe":1,"minecraft:iron_pickaxe":1},"minecraft:crafted":{"minecraft:oak_planks":68,"minecraft:cooked_porkchop":5,"minecraft:crafting_table":5,"minecraft:wooden_pickaxe":1,"minecraft:iron_helmet":1,"bloomingnature:swamp_oak_door":3,"bloomingnature:swamp_oak_planks":80,"minecraft:furnace":4,"minecraft:copper_ingot":3,"minecraft:bucket":1,"minecraft:bone_meal":6,"bloomingnature:fan_palm_planks":12,"minecraft:stone_axe":1,"minecraft:cooked_mutton":5,"minecraft:bread":1,"minecraft:air":0,"travelersbackpack:white_sleeping_bag":1,"minecraft:iron_chestplate":1,"minecraft:iron_boots":1,"minecraft:polished_deepslate":32,"minecraft:shield":1,"minecraft:iron_axe":1,"minecraft:iron_leggings":1,"minecraft:stick":48,"minecraft:iron_ingot":44,"minecraft:iron_pickaxe":2,"minecraft:stone_pickaxe":1,"minecraft:chest":1,"minecraft:torch":96}},"DataVersion":3465}