{"stats":{"minecraft:broken":{"minecraft:stone_pickaxe":1,"minecraft:stone_axe":1,"minecraft:shield":1,"minecraft:iron_axe":1,"minecraft:iron_pickaxe":4},"minecraft:custom":{"minecraft:interact_with_crafting_table":108,"minecraft:open_barrel":22,"minecraft:eat_cake_slice":10,"minecraft:leave_game":10,"minecraft:time_since_death":31490,"minecraft:damage_resisted":4,"minecraft:sprint_one_cm":689474,"minecraft:damage_blocked_by_shield":3870,"minecraft:drop":79,"minecraft:play_noteblock":1,"minecraft:play_time":283381,"minecraft:deaths":6,"minecraft:jump":6590,"minecraft:walk_on_water_one_cm":99578,"minecraft:interact_with_furnace":378,"minecraft:sleep_in_bed":8,"minecraft:damage_dealt":11837,"minecraft:player_kills":4,"minecraft:crouch_one_cm":32966,"tombstone:undead_killed":36,"minecraft:interact_with_smoker":8,"minecraft:horse_one_cm":196,"minecraft:mob_kills":66,"minecraft:walk_one_cm":790661,"minecraft:sneak_time":9490,"minecraft:walk_under_water_one_cm":55331,"minecraft:interact_with_blast_furnace":9,"minecraft:total_world_time":283381,"spartanshields:shield_bash_hits":6,"minecraft:tune_noteblock":73,"minecraft:time_since_rest":6643,"minecraft:damage_taken":4473,"minecraft:swim_one_cm":223598,"minecraft:fly_one_cm":947403,"minecraft:open_chest":174,"minecraft:fall_one_cm":98297},"minecraft:mined":{"orcz:orcamanita":1,"minecraft:brewing_stand":1,"minecraft:obsidian":14,"minecraft:granite":32,"minecraft:grass_block":353,"minecraft:oxeye_daisy":12,"minecraft:spawner":3,"minecraft:tall_seagrass":35,"minecraft:iron_ore":67,"minecraft:cobbled_deepslate":9,"minecraft:deepslate_lapis_ore":9,"minecraft:azure_bluet":2,"minecraft:dirt_path":1,"minecraft:waxed_cut_copper":3,"minecraft:waxed_cut_copper_stairs":2,"minecraft:deepslate_redstone_ore":10,"minecraft:kelp_plant":205,"minecraft:soul_lantern":1,"minecraft:torch":10,"minecraft:note_block":1,"bloomingnature:swamp_oak_door":2,"bloomingnature:fan_palm_leaves":1,"minecraft:blast_furnace":1,"minecraft:poppy":8,"minecraft:cobblestone":7,"minecraft:sugar_cane":137,"minecraft:oak_planks":11,"minecraft:wall_torch":11,"minecraft:seagrass":45,"minecraft:wheat":57,"minecraft:birch_trapdoor":12,"minecraft:lilac":4,"minecraft:waxed_copper_block":1,"minecraft:birch_door":6,"minecraft:tnt":1,"minecraft:grass":989,"orcz:blue_orcshroom":1,"minecraft:oak_log":75,"minecraft:dirt":146,"minecraft:stonecutter":1,"minecraft:oak_leaves":2,"minecraft:deepslate":404,"minecraft:tuff":62,"minecraft:deepslate_diamond_ore":10,"travelersbackpack:white_sleeping_bag":11,"minecraft:mangrove_trapdoor":1,"minecraft:kelp":72,"minecraft:large_fern":57,"minecraft:hay_block":7,"minecraft:furnace":8,"minecraft:carrots":10,"minecraft:andesite":29,"minecraft:polished_deepslate":1,"minecraft:bookshelf":6,"minecraft:potatoes":20,"minecraft:deepslate_iron_ore":41,"minecraft:rail":25,"minecraft:stripped_oak_log":6,"minecraft:stone":330,"minecraft:cake":1,"minecraft:lily_of_the_valley":4,"minecraft:dandelion":3,"minecraft:crafting_table":10,"minecraft:cornflower":7,"minecraft:rose_bush":3,"minecraft:lightning_rod":2,"minecraft:tall_grass":365,"minecraft:lapis_ore":2,"minecraft:deepslate_gold_ore":35,"minecraft:diorite":54,"minecraft:birch_planks":1,"bloomingnature:swamp_oak_log":31,"minecraft:beehive":2,"minecraft:redstone_torch":2,"bloomingnature:fan_palm_log":3,"minecraft:coal_ore":100,"minecraft:gravel":31,"minecraft:cyan_carpet":1,"minecraft:fern":31},"minecraft:used":{"bloomingnature:swamp_oak_door":3,"minecraft:iron_shovel":469,"minecraft:polished_deepslate":33,"minecraft:chest":4,"minecraft:shield":122,"minecraft:rotten_flesh":6,"minecraft:iron_chestplate":1,"travelersbackpack:hay":1,"minecraft:carrot":30,"minecraft:tuff":14,"minecraft:beehive":2,"minecraft:lava_bucket":2,"minecraft:iron_helmet":1,"minecraft:furnace":24,"bloomingnature:swamp_oak_planks":18,"minecraft:potato":58,"minecraft:diorite":7,"minecraft:stone_pickaxe":131,"minecraft:oak_planks":89,"minecraft:wooden_pickaxe":7,"minecraft:diamond_axe":11,"minecraft:sugar_cane":25,"minecraft:cookie":1,"minecraft:blast_furnace":2,"minecraft:redstone_torch":26,"orcz:orcteeth_tool_sword":155,"minecraft:bread":34,"minecraft:gravel":10,"ecologics:coconut_slice":8,"minecraft:bone_meal":51,"minecraft:dried_kelp":4,"minecraft:torch":447,"minecraft:dirt":85,"alexsmobs:cooked_kangaroo_meat":1,"minecraft:iron_hoe":171,"minecraft:iron_axe":244,"minecraft:iron_boots":1,"tombstone:gift":6,"minecraft:cobbled_deepslate":76,"minecraft:iron_leggings":1,"minecraft:wheat_seeds":165,"minecraft:cooked_mutton":5,"minecraft:water_bucket":17,"minecraft:baked_potato":21,"minecraft:crafting_table":16,"minecraft:oak_log":17,"minecraft:diamond_pickaxe":142,"minecraft:iron_pickaxe":1030,"travelersbackpack:white_sleeping_bag":12,"tombstone:magic_scroll":7,"minecraft:stone_axe":110,"minecraft:cobblestone":131,"minecraft:potion":1,"minecraft:cooked_porkchop":5,"minecraft:bucket":23,"minecraft:kelp":182},"minecraft:picked_up":{"minecraft:birch_door":6,"minecraft:iron_chestplate":1,"minecraft:wheat":52,"minecraft:enchanted_book":1,"minecraft:potion":1,"bloomingnature:fan_palm_log":3,"minecraft:brewing_stand":1,"minecraft:polished_deepslate":1,"minecraft:string":1,"alexsmobs:ancient_dart":2,"minecraft:iron_leggings":1,"minecraft:experience_bottle":1,"minecraft:cobbled_deepslate":414,"minecraft:rose_bush":3,"minecraft:redstone_torch":2,"farmersdelight:cabbage_seeds":3,"minecraft:furnace":8,"minecraft:iron_boots":1,"minecraft:beehive":4,"minecraft:birch_trapdoor":9,"minecraft:torch":84,"minecraft:porkchop":5,"minecraft:lightning_rod":2,"minecraft:dried_kelp":1,"tombstone:grave_dust":7,"minecraft:diorite":53,"minecraft:waxed_cut_copper_stairs":1,"minecraft:honey_bottle":1,"minecraft:rotten_flesh":23,"farmersdelight:rope":7,"minecraft:waxed_cut_copper":3,"minecraft:obsidian":14,"alexsmobs:flying_fish":1,"minecraft:cobblestone":342,"minecraft:lilac":4,"farmersdelight:rice":3,"minecraft:andesite":33,"minecraft:potato":64,"paraglider:spirit_orb":6,"minecraft:flint":2,"minecraft:tuff":66,"alexsmobs:cooked_kangaroo_meat":1,"minecraft:dirt":545,"minecraft:lapis_lazuli":83,"minecraft:bone":13,"bloomingnature:bluebell":2,"minecraft:stonecutter":1,"minecraft:bow":2,"minecraft:wheat_seeds":284,"minecraft:raw_gold":35,"minecraft:diamond_helmet":1,"minecraft:oak_planks":74,"orcz:blue_orcshroom":1,"minecraft:lily_of_the_valley":2,"travelersbackpack:white_sleeping_bag":11,"minecraft:diamond":21,"minecraft:soul_lantern":1,"bloomingnature:swamp_oak_log":31,"minecraft:granite":33,"minecraft:golden_apple":1,"minecraft:bread":2,"alexsmobs:maggot":1,"minecraft:crafting_table":10,"minecraft:azure_bluet":4,"travelersbackpack:hay":1,"minecraft:chest_minecart":1,"minecraft:wooden_pickaxe":1,"minecraft:cornflower":6,"minecraft:iron_axe":2,"minecraft:item_frame":2,"minecraft:cyan_carpet":1,"minecraft:poppy":13,"minecraft:sugar_cane":227,"minecraft:raw_iron":115,"ecologics:coconut_slice":8,"minecraft:copper_ingot":1,"minecraft:note_block":1,"orcz:orchorn":1,"minecraft:cookie":1,"minecraft:carrot":30,"minecraft:redstone":41,"minecraft:mangrove_trapdoor":1,"minecraft:tnt":1,"minecraft:arrow":13,"minecraft:beetroot_seeds":3,"minecraft:pumpkin_pie":1,"minecraft:hay_block":7,"minecraft:glow_berries":5,"minecraft:mutton":5,"minecraft:white_wool":3,"minecraft:rail":39,"minecraft:oxeye_daisy":12,"minecraft:stripped_oak_log":6,"bloomingnature:swamp_oak_planks":8,"enemyexpansion:headbiter_helmet":1,"minecraft:oak_log":73,"minecraft:waxed_copper_block":1,"minecraft:gunpowder":6,"bloomingnature:swamp_oak_door":4,"minecraft:kelp":861,"minecraft:iron_ingot":1,"minecraft:cooked_chicken":2,"bloomingnature:chestnut_sapling":1,"minecraft:glass_bottle":1,"minecraft:book":19,"minecraft:dandelion":6,"minecraft:gravel":33,"orcz:orcamanita":1,"minecraft:blast_furnace":2,"minecraft:spider_eye":1,"alexsmobs:raw_catfish":3,"minecraft:dried_kelp_block":24,"minecraft:iron_helmet":1,"tombstone:magic_scroll":1,"minecraft:baked_potato":111,"minecraft:coal":117},"minecraft:killed_by":{"enemyexpansion:invisicreeper":1,"minecraft:player":3,"enemyexpansion:equestrian":1},"minecraft:killed":{"minecraft:spider":2,"enemyexpansion:equestrian":2,"minecraft:skeleton":9,"minecraft:pig":2,"minecraft:creeper":2,"minecraft:sheep":3,"minecraft:zombie":16,"enemyexpansion:botfly":5,"alexsmobs:fly":1,"enemyexpansion:vampbiter":1,"enemyexpansion:direwolf":5,"enemyexpansion:goblin_fear":1,"enemyexpansion:goblin":1,"alexsmobs:flying_fish":1,"enemyexpansion:sprinter":5,"alexsmobs:catfish":1,"enemyexpansion:huntsman":1,"alexsmobs:crow":1,"minecraft:player":4,"enemyexpansion:slugger":2},"minecraft:dropped":{"bloomingnature:fan_palm_planks":12,"minecraft:glass_bottle":2,"minecraft:diamond":9,"paraglider:spirit_orb":4,"minecraft:item_frame":1,"minecraft:dirt":75,"minecraft:cornflower":2,"minecraft:gravel":12,"minecraft:waxed_cut_copper_stairs":1,"bloomingnature:swamp_oak_planks":8,"minecraft:wheat":2,"minecraft:beetroot":1,"minecraft:rotten_flesh":3,"minecraft:oak_planks":10,"minecraft:beehive":2,"minecraft:poppy":3,"minecraft:birch_trapdoor":9,"ecologics:coconut_husk":3,"minecraft:birch_door":6,"minecraft:arrow":4,"minecraft:enchanted_book":2,"minecraft:iron_ingot":17,"minecraft:wheat_seeds":14,"minecraft:book":1,"minecraft:granite":26,"minecraft:oxeye_daisy":3,"minecraft:diorite":39,"minecraft:torch":17,"tombstone:grave_dust":2,"minecraft:stonecutter":1,"minecraft:redstone":2,"minecraft:tuff":22,"minecraft:raw_iron":1,"minecraft:lily_of_the_valley":2,"minecraft:andesite":13,"minecraft:wooden_pickaxe":1,"orcz:orchorn":1},"minecraft:crafted":{"minecraft:oak_planks":248,"bloomingnature:swamp_oak_door":3,"minecraft:bookshelf":1,"minecraft:cooked_mutton":5,"minecraft:iron_boots":2,"minecraft:chest":4,"minecraft:dried_kelp_block":60,"minecraft:cooked_porkchop":5,"minecraft:diamond_axe":1,"minecraft:crafting_table":9,"minecraft:baked_potato":67,"minecraft:wooden_pickaxe":1,"minecraft:iron_helmet":1,"bloomingnature:swamp_oak_planks":124,"minecraft:copper_ingot":3,"bloomingnature:fan_palm_planks":12,"minecraft:book":1,"minecraft:iron_chestplate":2,"minecraft:paper":3,"minecraft:diamond_pickaxe":1,"minecraft:shield":2,"minecraft:stick":164,"minecraft:iron_ingot":98,"minecraft:iron_pickaxe":5,"minecraft:gold_ingot":8,"minecraft:redstone_torch":24,"minecraft:furnace":16,"minecraft:bone_meal":51,"travelersbackpack:white_sleeping_bag":1,"minecraft:polished_deepslate":32,"minecraft:iron_axe":1,"minecraft:iron_hoe":1,"minecraft:stone_pickaxe":1,"minecraft:wheat":63,"minecraft:dried_kelp":686,"minecraft:bucket":2,"minecraft:stone_axe":1,"minecraft:bread":38,"minecraft:air":0,"minecraft:golden_apple":1,"minecraft:iron_shovel":2,"minecraft:iron_leggings":2,"minecraft:torch":388}},"DataVersion":3465}