{"stats":{"minecraft:broken":{"minecraft:stone_pickaxe":1,"minecraft:shield":1,"minecraft:iron_axe":1,"minecraft:stone_axe":1,"minecraft:iron_pickaxe":3},"minecraft:custom":{"minecraft:mob_kills":55,"minecraft:interact_with_crafting_table":90,"minecraft:open_barrel":22,"minecraft:eat_cake_slice":10,"minecraft:leave_game":9,"minecraft:time_since_death":61918,"minecraft:damage_resisted":4,"minecraft:sprint_one_cm":476757,"minecraft:walk_one_cm":656335,"minecraft:damage_blocked_by_shield":3590,"minecraft:drop":76,"minecraft:play_noteblock":1,"minecraft:play_time":210226,"minecraft:sneak_time":6854,"minecraft:deaths":4,"minecraft:walk_under_water_one_cm":20578,"minecraft:jump":5085,"minecraft:interact_with_blast_furnace":8,"minecraft:walk_on_water_one_cm":38089,"minecraft:total_world_time":210226,"minecraft:interact_with_furnace":313,"spartanshields:shield_bash_hits":6,"minecraft:tune_noteblock":73,"minecraft:sleep_in_bed":7,"minecraft:time_since_rest":40622,"minecraft:damage_taken":3683,"minecraft:damage_dealt":10537,"minecraft:player_kills":4,"minecraft:swim_one_cm":85857,"minecraft:fly_one_cm":652685,"minecraft:crouch_one_cm":25395,"minecraft:open_chest":111,"tombstone:undead_killed":34,"minecraft:interact_with_smoker":2,"minecraft:fall_one_cm":72510,"minecraft:horse_one_cm":196},"minecraft:mined":{"minecraft:tuff":47,"minecraft:deepslate_diamond_ore":9,"minecraft:brewing_stand":1,"minecraft:granite":32,"minecraft:grass_block":239,"travelersbackpack:white_sleeping_bag":10,"minecraft:mangrove_trapdoor":1,"minecraft:kelp":17,"minecraft:oxeye_daisy":12,"minecraft:spawner":3,"minecraft:large_fern":36,"minecraft:hay_block":7,"minecraft:tall_seagrass":28,"minecraft:furnace":8,"minecraft:carrots":6,"minecraft:iron_ore":67,"minecraft:cobbled_deepslate":7,"minecraft:andesite":25,"minecraft:deepslate_lapis_ore":9,"minecraft:azure_bluet":2,"minecraft:polished_deepslate":1,"minecraft:bookshelf":6,"minecraft:potatoes":18,"minecraft:deepslate_iron_ore":32,"minecraft:rail":25,"minecraft:stripped_oak_log":6,"minecraft:stone":287,"minecraft:waxed_cut_copper_stairs":2,"minecraft:cake":1,"minecraft:waxed_cut_copper":3,"minecraft:kelp_plant":108,"minecraft:lily_of_the_valley":4,"minecraft:dandelion":2,"minecraft:soul_lantern":1,"minecraft:cornflower":6,"minecraft:crafting_table":8,"minecraft:torch":9,"minecraft:note_block":1,"bloomingnature:fan_palm_leaves":1,"bloomingnature:swamp_oak_door":1,"minecraft:blast_furnace":1,"minecraft:poppy":8,"minecraft:rose_bush":3,"minecraft:lightning_rod":2,"minecraft:tall_grass":309,"minecraft:deepslate_gold_ore":17,"minecraft:lapis_ore":2,"minecraft:oak_planks":11,"minecraft:sugar_cane":24,"minecraft:diorite":50,"minecraft:wall_torch":8,"minecraft:seagrass":35,"minecraft:birch_planks":1,"bloomingnature:swamp_oak_log":22,"minecraft:beehive":2,"minecraft:wheat":50,"minecraft:birch_trapdoor":12,"minecraft:lilac":4,"minecraft:waxed_copper_block":1,"minecraft:birch_door":6,"minecraft:tnt":1,"minecraft:grass":834,"bloomingnature:fan_palm_log":3,"minecraft:coal_ore":100,"minecraft:oak_log":75,"minecraft:cyan_carpet":1,"minecraft:gravel":25,"minecraft:dirt":34,"minecraft:stonecutter":1,"minecraft:deepslate":196,"minecraft:fern":17},"minecraft:used":{"minecraft:iron_shovel":239,"minecraft:polished_deepslate":33,"bloomingnature:swamp_oak_door":2,"minecraft:dried_kelp":4,"minecraft:chest":4,"minecraft:shield":120,"minecraft:rotten_flesh":6,"minecraft:iron_chestplate":1,"minecraft:torch":256,"minecraft:dirt":83,"alexsmobs:cooked_kangaroo_meat":1,"minecraft:carrot":29,"minecraft:tuff":10,"minecraft:beehive":2,"minecraft:iron_hoe":171,"minecraft:lava_bucket":1,"minecraft:iron_axe":244,"minecraft:iron_helmet":1,"minecraft:iron_boots":1,"minecraft:furnace":18,"tombstone:gift":6,"minecraft:potato":54,"bloomingnature:swamp_oak_planks":18,"minecraft:cobbled_deepslate":49,"minecraft:iron_leggings":1,"minecraft:wheat_seeds":154,"minecraft:cooked_mutton":5,"minecraft:water_bucket":8,"minecraft:diorite":7,"minecraft:baked_potato":8,"minecraft:stone_pickaxe":131,"minecraft:oak_planks":80,"minecraft:sugar_cane":10,"minecraft:wooden_pickaxe":7,"minecraft:cookie":1,"minecraft:crafting_table":14,"minecraft:blast_furnace":1,"minecraft:oak_log":17,"orcz:orcteeth_tool_sword":127,"minecraft:diamond_pickaxe":1,"minecraft:iron_pickaxe":828,"minecraft:bread":34,"travelersbackpack:white_sleeping_bag":10,"tombstone:magic_scroll":7,"minecraft:gravel":10,"minecraft:stone_axe":110,"ecologics:coconut_slice":8,"minecraft:potion":1,"minecraft:cobblestone":91,"minecraft:cooked_porkchop":5,"minecraft:bucket":13,"minecraft:kelp":65,"minecraft:bone_meal":42},"minecraft:picked_up":{"minecraft:iron_chestplate":1,"minecraft:birch_door":6,"minecraft:crafting_table":8,"minecraft:wheat":45,"minecraft:azure_bluet":3,"minecraft:chest_minecart":1,"minecraft:wooden_pickaxe":1,"minecraft:potion":1,"minecraft:enchanted_book":1,"minecraft:brewing_stand":1,"bloomingnature:fan_palm_log":3,"minecraft:cornflower":5,"minecraft:polished_deepslate":1,"minecraft:string":1,"alexsmobs:ancient_dart":2,"minecraft:iron_axe":2,"minecraft:iron_leggings":1,"minecraft:item_frame":2,"minecraft:experience_bottle":1,"minecraft:cyan_carpet":1,"minecraft:cobbled_deepslate":203,"minecraft:rose_bush":2,"minecraft:poppy":12,"minecraft:sugar_cane":24,"farmersdelight:cabbage_seeds":3,"minecraft:iron_boots":1,"minecraft:furnace":8,"minecraft:raw_iron":106,"minecraft:beehive":4,"ecologics:coconut_slice":8,"minecraft:birch_trapdoor":9,"minecraft:copper_ingot":1,"minecraft:torch":39,"minecraft:note_block":1,"minecraft:porkchop":5,"minecraft:dried_kelp":1,"minecraft:lightning_rod":2,"orcz:orchorn":1,"minecraft:cookie":1,"tombstone:grave_dust":7,"minecraft:diorite":49,"minecraft:carrot":17,"minecraft:redstone":2,"minecraft:mangrove_trapdoor":1,"minecraft:waxed_cut_copper_stairs":1,"minecraft:tnt":1,"minecraft:arrow":13,"minecraft:honey_bottle":1,"minecraft:rotten_flesh":19,"minecraft:beetroot_seeds":3,"minecraft:pumpkin_pie":1,"minecraft:hay_block":7,"farmersdelight:rope":7,"minecraft:waxed_cut_copper":3,"minecraft:glow_berries":5,"minecraft:mutton":5,"minecraft:rail":39,"minecraft:white_wool":3,"minecraft:cobblestone":296,"minecraft:oxeye_daisy":12,"minecraft:stripped_oak_log":6,"minecraft:lilac":4,"farmersdelight:rice":3,"minecraft:andesite":30,"bloomingnature:swamp_oak_planks":8,"minecraft:potato":56,"paraglider:spirit_orb":6,"minecraft:flint":1,"minecraft:tuff":51,"minecraft:oak_log":73,"minecraft:waxed_copper_block":1,"alexsmobs:cooked_kangaroo_meat":1,"minecraft:gunpowder":4,"minecraft:lapis_lazuli":83,"minecraft:dirt":320,"bloomingnature:swamp_oak_door":2,"minecraft:bone":13,"minecraft:kelp":436,"minecraft:bow":2,"minecraft:stonecutter":1,"minecraft:wheat_seeds":244,"minecraft:raw_gold":17,"minecraft:cooked_chicken":2,"bloomingnature:chestnut_sapling":1,"minecraft:diamond_helmet":1,"minecraft:glass_bottle":1,"minecraft:oak_planks":74,"minecraft:book":19,"minecraft:dandelion":2,"minecraft:gravel":22,"minecraft:blast_furnace":1,"minecraft:lily_of_the_valley":2,"minecraft:spider_eye":1,"travelersbackpack:white_sleeping_bag":9,"minecraft:dried_kelp_block":24,"minecraft:diamond":9,"bloomingnature:swamp_oak_log":22,"minecraft:soul_lantern":1,"minecraft:iron_helmet":1,"minecraft:granite":33,"minecraft:golden_apple":1,"minecraft:bread":2,"minecraft:baked_potato":111,"tombstone:magic_scroll":1,"minecraft:coal":117},"minecraft:killed":{"enemyexpansion:equestrian":2,"minecraft:spider":2,"enemyexpansion:direwolf":4,"enemyexpansion:goblin_fear":1,"minecraft:skeleton":9,"enemyexpansion:goblin":1,"minecraft:pig":2,"enemyexpansion:sprinter":5,"minecraft:creeper":1,"minecraft:sheep":3,"minecraft:zombie":16,"enemyexpansion:botfly":3,"enemyexpansion:huntsman":1,"alexsmobs:crow":1,"minecraft:player":4,"enemyexpansion:slugger":1},"minecraft:killed_by":{"minecraft:player":3,"enemyexpansion:equestrian":1},"minecraft:dropped":{"minecraft:enchanted_book":2,"minecraft:iron_ingot":17,"minecraft:wheat_seeds":14,"bloomingnature:fan_palm_planks":12,"minecraft:glass_bottle":2,"minecraft:book":1,"minecraft:granite":26,"paraglider:spirit_orb":4,"minecraft:item_frame":1,"minecraft:oxeye_daisy":3,"minecraft:dirt":75,"minecraft:diorite":39,"minecraft:cornflower":2,"tombstone:grave_dust":2,"minecraft:stonecutter":1,"minecraft:redstone":2,"minecraft:gravel":12,"minecraft:waxed_cut_copper_stairs":1,"bloomingnature:swamp_oak_planks":8,"minecraft:tuff":22,"minecraft:wheat":2,"minecraft:raw_iron":1,"minecraft:beetroot":1,"minecraft:rotten_flesh":3,"minecraft:oak_planks":10,"minecraft:beehive":2,"minecraft:lily_of_the_valley":2,"minecraft:poppy":3,"minecraft:birch_trapdoor":9,"minecraft:andesite":13,"ecologics:coconut_husk":3,"minecraft:birch_door":6,"minecraft:arrow":4,"minecraft:wooden_pickaxe":1,"orcz:orchorn":1},"minecraft:crafted":{"minecraft:oak_planks":248,"bloomingnature:swamp_oak_door":3,"minecraft:furnace":10,"minecraft:bone_meal":42,"minecraft:bookshelf":1,"minecraft:cooked_mutton":5,"travelersbackpack:white_sleeping_bag":1,"minecraft:iron_boots":2,"minecraft:polished_deepslate":32,"minecraft:iron_axe":1,"minecraft:iron_hoe":1,"minecraft:stone_pickaxe":1,"minecraft:chest":4,"minecraft:dried_kelp_block":47,"minecraft:wheat":63,"minecraft:cooked_porkchop":5,"minecraft:crafting_table":8,"minecraft:iron_helmet":1,"minecraft:dried_kelp":463,"minecraft:wooden_pickaxe":1,"minecraft:baked_potato":3,"bloomingnature:swamp_oak_planks":88,"minecraft:copper_ingot":3,"minecraft:bucket":2,"bloomingnature:fan_palm_planks":12,"minecraft:stone_axe":1,"minecraft:bread":25,"minecraft:air":0,"minecraft:iron_chestplate":2,"minecraft:book":1,"minecraft:paper":3,"minecraft:diamond_pickaxe":1,"minecraft:golden_apple":1,"minecraft:shield":2,"minecraft:stick":136,"minecraft:iron_ingot":98,"minecraft:iron_pickaxe":5,"minecraft:iron_shovel":1,"minecraft:iron_leggings":2,"minecraft:gold_ingot":8,"minecraft:torch":388}},"DataVersion":3465}