{"stats":{"minecraft:dropped":{"minecraft:wheat_seeds":1,"bloomingnature:fan_palm_planks":12,"minecraft:tuff":4,"minecraft:raw_iron":1,"minecraft:oak_planks":8,"ecologics:coconut_husk":3,"tombstone:grave_dust":1,"minecraft:wooden_pickaxe":1},"minecraft:picked_up":{"minecraft:stripped_oak_log":6,"minecraft:crafting_table":5,"minecraft:wheat":4,"minecraft:andesite":24,"minecraft:wooden_pickaxe":1,"minecraft:potato":1,"paraglider:spirit_orb":2,"minecraft:flint":1,"minecraft:tuff":29,"minecraft:oak_log":45,"bloomingnature:fan_palm_log":3,"alexsmobs:cooked_kangaroo_meat":1,"minecraft:gunpowder":3,"minecraft:lapis_lazuli":44,"minecraft:polished_deepslate":1,"minecraft:dirt":28,"bloomingnature:swamp_oak_door":2,"minecraft:bone":6,"minecraft:stonecutter":1,"minecraft:wheat_seeds":20,"minecraft:cobbled_deepslate":142,"minecraft:raw_gold":8,"bloomingnature:chestnut_sapling":1,"minecraft:oak_planks":13,"minecraft:furnace":6,"minecraft:raw_iron":84,"ecologics:coconut_slice":8,"minecraft:torch":21,"minecraft:gravel":21,"minecraft:porkchop":5,"travelersbackpack:white_sleeping_bag":1,"tombstone:grave_dust":3,"minecraft:diorite":42,"minecraft:redstone":2,"minecraft:tnt":1,"minecraft:arrow":2,"minecraft:rotten_flesh":7,"bloomingnature:swamp_oak_log":20,"minecraft:granite":30,"minecraft:bread":2,"minecraft:mutton":5,"minecraft:coal":98,"minecraft:white_wool":3,"minecraft:cobblestone":252},"minecraft:killed":{"minecraft:pig":2,"enemyexpansion:equestrian":1,"enemyexpansion:sprinter":3,"minecraft:creeper":1,"minecraft:sheep":3,"minecraft:skeleton":4,"minecraft:zombie":4,"enemyexpansion:botfly":1},"minecraft:killed_by":{"enemyexpansion:equestrian":1},"minecraft:custom":{"minecraft:interact_with_furnace":65,"spartanshields:shield_bash_hits":1,"minecraft:mob_kills":20,"minecraft:interact_with_crafting_table":37,"minecraft:open_barrel":2,"minecraft:leave_game":1,"minecraft:time_since_death":47585,"minecraft:time_since_rest":46955,"minecraft:sprint_one_cm":143305,"minecraft:damage_taken":1412,"minecraft:walk_one_cm":241731,"minecraft:damage_blocked_by_shield":240,"minecraft:drop":11,"minecraft:damage_dealt":3108,"minecraft:swim_one_cm":10082,"minecraft:fly_one_cm":216697,"minecraft:open_chest":11,"minecraft:crouch_one_cm":14874,"minecraft:play_time":82227,"tombstone:undead_killed":12,"minecraft:deaths":1,"minecraft:sneak_time":3803,"minecraft:walk_under_water_one_cm":3461,"minecraft:jump":1760,"minecraft:walk_on_water_one_cm":8994,"minecraft:total_world_time":82227,"minecraft:fall_one_cm":29847},"minecraft:mined":{"minecraft:tuff":25,"minecraft:crafting_table":5,"minecraft:torch":6,"minecraft:granite":30,"bloomingnature:swamp_oak_door":1,"bloomingnature:fan_palm_leaves":1,"minecraft:grass_block":3,"travelersbackpack:white_sleeping_bag":1,"minecraft:tall_grass":14,"minecraft:deepslate_gold_ore":8,"minecraft:lapis_ore":2,"minecraft:oak_planks":10,"minecraft:diorite":42,"minecraft:wall_torch":4,"minecraft:spawner":1,"minecraft:large_fern":4,"bloomingnature:swamp_oak_log":20,"minecraft:furnace":6,"minecraft:cobbled_deepslate":7,"minecraft:wheat":5,"minecraft:iron_ore":62,"minecraft:andesite":24,"minecraft:tnt":1,"minecraft:deepslate_lapis_ore":4,"minecraft:polished_deepslate":1,"minecraft:grass":21,"bloomingnature:fan_palm_log":3,"minecraft:oak_log":45,"minecraft:coal_ore":82,"minecraft:deepslate_iron_ore":22,"minecraft:gravel":20,"minecraft:dirt":25,"minecraft:stripped_oak_log":6,"minecraft:stonecutter":1,"minecraft:stone":246,"minecraft:deepslate":134},"minecraft:used":{"minecraft:wheat_seeds":15,"minecraft:cooked_mutton":5,"minecraft:diorite":7,"bloomingnature:swamp_oak_door":2,"minecraft:polished_deepslate":33,"minecraft:stone_pickaxe":131,"minecraft:oak_planks":24,"minecraft:shield":6,"minecraft:chest":1,"minecraft:wooden_pickaxe":7,"minecraft:rotten_flesh":3,"minecraft:iron_chestplate":1,"minecraft:torch":114,"minecraft:dirt":21,"minecraft:crafting_table":9,"alexsmobs:cooked_kangaroo_meat":1,"minecraft:tuff":9,"minecraft:oak_log":17,"minecraft:iron_axe":51,"minecraft:bread":3,"minecraft:iron_pickaxe":574,"travelersbackpack:white_sleeping_bag":1,"minecraft:iron_helmet":1,"minecraft:iron_boots":1,"minecraft:gravel":9,"minecraft:stone_axe":110,"ecologics:coconut_slice":8,"minecraft:cobblestone":66,"minecraft:furnace":9,"minecraft:cooked_porkchop":5,"minecraft:bucket":2,"tombstone:gift":4,"bloomingnature:swamp_oak_planks":18,"minecraft:cobbled_deepslate":42,"minecraft:bone_meal":6,"minecraft:iron_leggings":1},"minecraft:broken":{"minecraft:stone_pickaxe":1,"minecraft:stone_axe":1,"minecraft:iron_pickaxe":2},"minecraft:crafted":{"minecraft:oak_planks":68,"minecraft:cooked_porkchop":5,"minecraft:crafting_table":6,"minecraft:wooden_pickaxe":1,"minecraft:iron_helmet":1,"bloomingnature:swamp_oak_door":3,"bloomingnature:swamp_oak_planks":80,"minecraft:furnace":4,"minecraft:copper_ingot":3,"minecraft:bucket":1,"minecraft:bone_meal":6,"bloomingnature:fan_palm_planks":12,"minecraft:stone_axe":1,"minecraft:cooked_mutton":5,"minecraft:bread":1,"minecraft:air":0,"travelersbackpack:white_sleeping_bag":1,"minecraft:iron_chestplate":1,"minecraft:iron_boots":1,"minecraft:polished_deepslate":32,"minecraft:shield":1,"minecraft:iron_axe":1,"minecraft:iron_leggings":1,"minecraft:stick":48,"minecraft:iron_ingot":60,"minecraft:iron_pickaxe":3,"minecraft:stone_pickaxe":1,"minecraft:chest":1,"minecraft:torch":96}},"DataVersion":3465}