{"stats":{"minecraft:dropped":{"stalwart_dungeons:spore_vaporizer":3,"bloomingnature:fan_palm_planks":12,"minecraft:baked_potato":46,"minecraft:glass_bottle":5,"minecraft:diamond":9,"minecraft:glow_berries":2,"mcdw:pick_diamond_pickaxe_var":1,"minecraft:flint":2,"minecraft:item_frame":1,"paraglider:spirit_orb":4,"minecraft:dirt":75,"minecraft:cornflower":2,"minecraft:iron_pickaxe":1,"minecraft:gold_ingot":1,"minecraft:gravel":12,"minecraft:waxed_cut_copper_stairs":1,"minecraft:spyglass":1,"bloomingnature:swamp_oak_planks":20,"alexscaves:cave_tablet":12,"minecraft:wheat":2,"minecraft:beetroot":1,"minecraft:rotten_flesh":5,"minecraft:oak_planks":40,"minecraft:diamond_shovel":1,"minecraft:beehive":2,"minecraft:poppy":3,"minecraft:birch_trapdoor":9,"ecologics:coconut_husk":3,"minecraft:birch_door":6,"minecraft:red_nether_bricks":2,"minecraft:arrow":4,"minecraft:cracked_nether_bricks":3,"minecraft:netherrack":7,"minecraft:enchanted_book":2,"minecraft:iron_ingot":17,"minecraft:wheat_seeds":17,"minecraft:book":1,"minecraft:granite":26,"minecraft:stick":20,"minecraft:oxeye_daisy":3,"minecraft:diorite":39,"tombstone:magic_scroll":1,"minecraft:torch":17,"tombstone:grave_key":1,"minecraft:iron_leggings":1,"tombstone:grave_dust":3,"travelersbackpack:spider":1,"minecraft:potion":4,"minecraft:stonecutter":1,"minecraft:string":40,"minecraft:smooth_basalt":11,"minecraft:redstone":2,"minecraft:furnace":1,"minecraft:kelp":210,"minecraft:tuff":22,"minecraft:raw_iron":1,"orcz:orcteeth_tool_shovel":1,"minecraft:lily_of_the_valley":2,"minecraft:deepslate_bricks":229,"minecraft:diamond_pickaxe":1,"minecraft:andesite":13,"minecraft:bow":1,"minecraft:wooden_pickaxe":1,"minecraft:raw_gold":48,"orcz:orchorn":1},"minecraft:picked_up":{"minecraft:chiseled_deepslate":1,"minecraft:wheat":247,"minecraft:birch_door":6,"minecraft:iron_chestplate":1,"alexscaves:cave_tablet":6,"minecraft:potion":14,"minecraft:enchanted_book":1,"mcda:fox_armor_leggings":1,"minecraft:nether_brick":11,"bloomingnature:fan_palm_log":3,"minecraft:brewing_stand":5,"minecraft:amethyst_block":34,"minecraft:polished_deepslate":1,"orcz:orcteeth_tool_shovel":1,"minecraft:string":20,"minecraft:raw_copper":62,"alexsmobs:ancient_dart":2,"minecraft:red_nether_bricks":6,"minecraft:iron_leggings":1,"minecraft:experience_bottle":1,"minecraft:zombie_head":1,"mcda:wolf_armor_chestplate":1,"biomesoplenty:brimstone":4,"minecraft:gold_nugget":60,"minecraft:cobbled_deepslate":1276,"minecraft:bucket":2,"minecraft:rose_bush":4,"minecraft:redstone_torch":2,"minecraft:calcite":91,"farmersdelight:cabbage_seeds":3,"minecraft:furnace":21,"minecraft:iron_boots":1,"minecraft:stick":2,"biomesoplenty:rose_quartz_block":1,"minecraft:beehive":4,"minecraft:birch_trapdoor":9,"minecraft:torch":264,"minecraft:porkchop":5,"minecraft:dried_kelp":1,"minecraft:lightning_rod":2,"tombstone:grave_dust":8,"minecraft:diorite":61,"minecraft:waxed_cut_copper_stairs":1,"minecraft:rotten_flesh":76,"minecraft:honey_bottle":1,"mcdw:pick_diamond_pickaxe_var":1,"biomesoplenty:rose_quartz_chunk":6,"minecraft:iron_block":64,"farmersdelight:rope":7,"minecraft:bookshelf":3,"minecraft:waxed_cut_copper":3,"minecraft:blaze_rod":68,"minecraft:obsidian":14,"alexsmobs:flying_fish":1,"minecraft:cobblestone":656,"minecraft:magma_block":11,"minecraft:cooked_beef":26,"minecraft:lilac":4,"farmersdelight:rice":3,"minecraft:andesite":111,"minecraft:smoker":9,"minecraft:potato":500,"paraglider:spirit_orb":6,"minecraft:flint":6,"minecraft:tuff":206,"alexsmobs:cooked_kangaroo_meat":1,"minecraft:lapis_lazuli":83,"minecraft:dirt":2227,"minecraft:glass":1,"minecraft:bone":18,"bloomingnature:bluebell":5,"minecraft:stonecutter":1,"biomesoplenty:brimstone_bricks":1,"minecraft:bow":3,"minecraft:wheat_seeds":867,"minecraft:raw_gold":162,"minecraft:cobbled_deepslate_slab":1,"minecraft:diamond_helmet":1,"minecraft:glowstone_dust":33,"minecraft:oak_planks":139,"aquaculture:gar":1,"spartanshields:iron_tower_shield":1,"minecraft:poisonous_potato":3,"minecraft:sand":16,"orcz:blue_orcshroom":1,"minecraft:ink_sac":1,"minecraft:lily_of_the_valley":8,"minecraft:bundle":1,"travelersbackpack:white_sleeping_bag":12,"stalwart_dungeons:spore_vaporizer":3,"minecraft:diamond":71,"bloomingnature:swamp_oak_log":48,"minecraft:soul_lantern":1,"waystones:waystone":1,"minecraft:granite":76,"minecraft:golden_apple":1,"minecraft:golden_horse_armor":1,"minecraft:bread":2,"alexsmobs:maggot":1,"minecraft:oak_sapling":3,"minecraft:netherrack":131,"minecraft:diamond_pickaxe":1,"minecraft:crafting_table":13,"minecraft:azure_bluet":6,"travelersbackpack:hay":2,"minecraft:nether_wart":119,"minecraft:chest_minecart":1,"minecraft:brown_mushroom":1,"minecraft:wooden_pickaxe":1,"minecraft:cornflower":11,"minecraft:iron_axe":2,"minecraft:item_frame":2,"minecraft:blackstone":3,"minecraft:cyan_carpet":1,"minecraft:poppy":18,"minecraft:chest":8,"minecraft:sugar_cane":614,"minecraft:phantom_membrane":4,"minecraft:raw_iron":205,"ecologics:coconut_slice":8,"minecraft:copper_ingot":1,"minecraft:note_block":1,"orcz:orchorn":1,"minecraft:cookie":1,"minecraft:carrot":558,"minecraft:redstone":306,"minecraft:mangrove_trapdoor":1,"minecraft:iron_horse_armor":1,"minecraft:tnt":1,"minecraft:arrow":20,"minecraft:beetroot_seeds":3,"minecraft:pumpkin_pie":1,"mcda:phantom_bones":5,"minecraft:nether_bricks":12,"minecraft:deepslate_bricks":277,"minecraft:diamond_boots":2,"minecraft:hay_block":7,"aquaculture:carp":1,"minecraft:gold_ingot":4,"minecraft:glow_berries":5,"minecraft:mutton":5,"minecraft:rail":39,"minecraft:white_wool":7,"minecraft:oxeye_daisy":19,"minecraft:stripped_oak_log":18,"minecraft:golden_carrot":186,"bloomingnature:swamp_oak_planks":13,"minecraft:red_mushroom":1,"enemyexpansion:headbiter_helmet":1,"bloomingnature:genisteae":1,"minecraft:oak_log":145,"minecraft:waxed_copper_block":1,"minecraft:nether_wart_block":2,"minecraft:gunpowder":13,"minecraft:white_banner":1,"bloomingnature:swamp_oak_door":4,"bloomingnature:swamp_oak_sapling":10,"minecraft:kelp":4289,"minecraft:iron_ingot":6,"minecraft:cooked_chicken":2,"bloomingnature:chestnut_sapling":1,"minecraft:glass_bottle":7,"minecraft:book":56,"stalwart_dungeons:transient_block_close":9,"enemyexpansion:phantom_eye":1,"minecraft:smooth_basalt":30,"minecraft:pumpkin":9,"minecraft:cracked_nether_bricks":3,"minecraft:quartz":12,"minecraft:dandelion":10,"minecraft:gravel":40,"minecraft:amethyst_shard":6,"orcz:orcamanita":1,"minecraft:blast_furnace":7,"minecraft:crying_obsidian":1,"minecraft:spider_eye":21,"alexsmobs:raw_catfish":3,"minecraft:diamond_shovel":2,"minecraft:dried_kelp_block":116,"minecraft:iron_helmet":1,"minecraft:gray_wool":79,"minecraft:baked_potato":204,"tombstone:magic_scroll":2,"minecraft:coal":282,"minecraft:ender_pearl":3},"minecraft:mined":{"stalwart_dungeons:spore_vaporizer":4,"orcz:orcamanita":1,"minecraft:sculk_vein":68,"minecraft:red_nether_bricks":7,"biomesoplenty:brimstone":4,"minecraft:brewing_stand":5,"minecraft:obsidian":14,"minecraft:granite":75,"minecraft:grass_block":1321,"biomesoplenty:rose_quartz_block":1,"bloomingnature:genisteae":2,"minecraft:deepslate_bricks":63,"minecraft:oxeye_daisy":18,"minecraft:nether_wart":24,"minecraft:spawner":3,"biomesoplenty:blackstone_bulb":2,"minecraft:tall_seagrass":41,"minecraft:magma_block":11,"minecraft:glowstone":14,"minecraft:sculk_catalyst":3,"minecraft:iron_ore":73,"minecraft:cobbled_deepslate":20,"minecraft:fire":34,"minecraft:pumpkin":9,"minecraft:deepslate_lapis_ore":9,"minecraft:azure_bluet":4,"minecraft:sculk_shrieker":1,"minecraft:dirt_path":1,"minecraft:small_amethyst_bud":2,"minecraft:waxed_cut_copper_stairs":2,"minecraft:waxed_cut_copper":3,"minecraft:deepslate_redstone_ore":42,"minecraft:brown_mushroom":1,"minecraft:blackstone":3,"minecraft:smoker":9,"minecraft:kelp_plant":968,"minecraft:medium_amethyst_bud":1,"stalwart_dungeons:transient_block_close":7,"minecraft:amethyst_cluster":2,"minecraft:soul_lantern":1,"biomesoplenty:brimstone_fumarole":1,"minecraft:torch":19,"minecraft:note_block":1,"bloomingnature:fan_palm_leaves":1,"bloomingnature:swamp_oak_door":2,"minecraft:blast_furnace":6,"minecraft:calcite":92,"minecraft:poppy":11,"minecraft:chest":8,"minecraft:nether_quartz_ore":18,"minecraft:cobblestone":13,"minecraft:oak_planks":26,"minecraft:sugar_cane":349,"minecraft:wall_torch":14,"minecraft:amethyst_block":35,"minecraft:seagrass":49,"minecraft:nether_wart_block":2,"minecraft:wheat":253,"minecraft:birch_trapdoor":12,"minecraft:lilac":4,"biomesoplenty:large_rose_quartz_bud":3,"minecraft:waxed_copper_block":1,"minecraft:birch_door":6,"minecraft:tnt":1,"minecraft:grass":1386,"orcz:blue_orcshroom":1,"minecraft:oak_log":153,"minecraft:dirt":1059,"minecraft:sand":16,"minecraft:smooth_basalt":24,"minecraft:stonecutter":1,"minecraft:netherrack":172,"minecraft:oak_leaves":14,"minecraft:deepslate":1177,"minecraft:nether_gold_ore":10,"minecraft:crying_obsidian":1,"minecraft:tuff":160,"minecraft:deepslate_diamond_ore":35,"minecraft:nether_bricks":17,"minecraft:cobbled_deepslate_slab":1,"travelersbackpack:white_sleeping_bag":12,"minecraft:mangrove_trapdoor":1,"minecraft:kelp":226,"minecraft:red_mushroom":1,"minecraft:cracked_nether_bricks":2,"minecraft:large_fern":78,"minecraft:hay_block":7,"minecraft:furnace":20,"minecraft:carrots":198,"minecraft:andesite":112,"minecraft:chiseled_deepslate":1,"bloomingnature:swamp_oak_leaves":5,"minecraft:polished_deepslate":1,"minecraft:bookshelf":6,"minecraft:potatoes":164,"minecraft:deepslate_iron_ore":74,"biomesoplenty:brimstone_bud":8,"minecraft:rail":25,"minecraft:stripped_oak_log":18,"bloomingnature:bluebell":2,"minecraft:stone":630,"biomesoplenty:rose_quartz_cluster":3,"minecraft:cake":1,"minecraft:lily_of_the_valley":8,"bloomingnature:swamp_oak_planks":5,"minecraft:dandelion":4,"minecraft:crafting_table":13,"minecraft:cornflower":12,"minecraft:rose_bush":3,"minecraft:sculk_sensor":8,"minecraft:lightning_rod":2,"minecraft:copper_ore":3,"minecraft:tall_grass":490,"minecraft:lapis_ore":2,"minecraft:deepslate_gold_ore":79,"minecraft:sculk":717,"minecraft:diorite":62,"biomesoplenty:brimstone_bricks":1,"minecraft:gray_wool":81,"minecraft:birch_planks":1,"bloomingnature:swamp_oak_log":48,"minecraft:beehive":2,"minecraft:redstone_torch":2,"bloomingnature:fan_palm_log":3,"minecraft:coal_ore":168,"minecraft:cyan_carpet":1,"minecraft:gravel":42,"minecraft:fern":60},"minecraft:used":{"orcz:orcteeth_tool_shovel":133,"minecraft:iron_shovel":497,"minecraft:polished_deepslate":33,"bloomingnature:swamp_oak_door":3,"minecraft:diamond_hoe":793,"minecraft:chest":35,"minecraft:shield":122,"minecraft:rotten_flesh":6,"minecraft:iron_chestplate":1,"travelersbackpack:hay":8,"minecraft:nether_bricks":3,"minecraft:carrot":223,"minecraft:tuff":43,"minecraft:beehive":2,"minecraft:obsidian":12,"minecraft:lava_bucket":3,"biomesoplenty:brimstone_bricks":1,"minecraft:quartz_block":1,"minecraft:iron_helmet":1,"minecraft:item_frame":1,"minecraft:bow":64,"minecraft:furnace":39,"bloomingnature:swamp_oak_planks":102,"minecraft:potato":194,"minecraft:diorite":11,"minecraft:oak_planks":115,"minecraft:stone_pickaxe":131,"minecraft:wooden_pickaxe":7,"minecraft:sugar_cane":44,"stalwart_dungeons:transient_block_close":3,"minecraft:diamond_axe":238,"bloomingnature:swamp_oak_log":5,"minecraft:cookie":1,"minecraft:blast_furnace":7,"minecraft:shears":75,"minecraft:redstone_torch":26,"waystones:waystone":1,"orcz:orcteeth_tool_sword":160,"minecraft:bread":34,"tombstone:grave_key":4,"minecraft:gravel":23,"ecologics:coconut_slice":8,"minecraft:nether_wart_block":2,"minecraft:andesite":3,"minecraft:air":1,"minecraft:bone_meal":51,"bloomingnature:genisteae":1,"minecraft:oak_trapdoor":2,"minecraft:flint_and_steel":72,"mcdw:pick_diamond_pickaxe_var":52,"minecraft:dried_kelp":5,"minecraft:netherrack":81,"minecraft:torch":551,"minecraft:brewing_stand":8,"minecraft:dirt":541,"minecraft:spyglass":64,"alexsmobs:cooked_kangaroo_meat":1,"minecraft:iron_hoe":171,"minecraft:chipped_anvil":1,"minecraft:bookshelf":2,"minecraft:iron_axe":244,"minecraft:iron_boots":2,"minecraft:smooth_basalt":6,"biomesoplenty:rose_quartz_block":2,"tombstone:gift":10,"minecraft:cobbled_deepslate":196,"minecraft:iron_leggings":1,"minecraft:calcite":16,"minecraft:wheat_seeds":361,"minecraft:cooked_mutton":5,"minecraft:water_bucket":36,"minecraft:baked_potato":110,"minecraft:glass_bottle":18,"minecraft:red_nether_bricks":4,"minecraft:brown_mushroom":1,"minecraft:deepslate_bricks":817,"spartanshields:iron_tower_shield":27,"minecraft:rail":1,"minecraft:crafting_table":26,"minecraft:smoker":9,"minecraft:oak_log":17,"bloomingnature:bluebell":1,"minecraft:diamond_pickaxe":1665,"minecraft:diamond_shovel":1724,"minecraft:iron_pickaxe":1563,"travelersbackpack:white_sleeping_bag":12,"tombstone:magic_scroll":7,"mcdw:sword_iron_sword_var":117,"minecraft:stone_axe":110,"minecraft:cobblestone":144,"minecraft:potion":10,"travelersbackpack:standard":19,"minecraft:cobbled_deepslate_slab":1,"minecraft:cooked_porkchop":5,"minecraft:bucket":72,"minecraft:kelp":206,"minecraft:gray_wool":10},"minecraft:killed":{"enemyexpansion:equestrian":2,"minecraft:spider":4,"aquaculture:gar":1,"minecraft:skeleton":15,"minecraft:silverfish":5,"aquaculture:carp":1,"minecraft:piglin":2,"minecraft:pig":2,"orcz:goblinsavagemace":1,"stalwart_dungeons:giddy_blaze":2,"minecraft:creeper":3,"minecraft:sheep":3,"minecraft:pillager":3,"minecraft:zombie":22,"alexsmobs:terrapin":1,"enemyexpansion:botfly":5,"alexsmobs:fly":1,"enemyexpansion:vampbiter":1,"enemyexpansion:direwolf":9,"enemyexpansion:goblin_fear":1,"minecraft:phantom":2,"stalwart_dungeons:nether_wart_cocoon":3,"enemyexpansion:goblin":1,"alexsmobs:flying_fish":1,"enemyexpansion:sprinter":5,"alexsmobs:catfish":1,"enemyexpansion:huntsman":1,"alexsmobs:crow":1,"minecraft:player":4,"enemyexpansion:slugger":2},"minecraft:killed_by":{"minecraft:wither_skeleton":1,"enemyexpansion:invisicreeper":3,"minecraft:player":4,"enemyexpansion:equestrian":1,"stalwart_dungeons:giddy_blaze":6,"minecraft:skeleton":1},"minecraft:broken":{"minecraft:iron_boots":1,"minecraft:iron_chestplate":1,"minecraft:stone_pickaxe":1,"minecraft:stone_axe":1,"orcz:orcteeth_tool_shovel":1,"minecraft:flint_and_steel":1,"minecraft:shield":1,"minecraft:iron_axe":1,"orcz:orcteeth_tool_sword":1,"minecraft:iron_pickaxe":6},"minecraft:crafted":{"minecraft:oak_planks":532,"minecraft:blaze_powder":2,"bloomingnature:swamp_oak_door":3,"biomesoplenty:rose_quartz_block":1,"minecraft:bookshelf":1,"minecraft:cooked_mutton":5,"minecraft:quartz_block":1,"minecraft:glass":16,"minecraft:diamond_leggings":1,"minecraft:bow":2,"minecraft:iron_boots":3,"tombstone:grave_key":2,"minecraft:chest":27,"minecraft:dried_kelp_block":279,"minecraft:glass_bottle":15,"minecraft:cooked_porkchop":5,"minecraft:diamond_axe":1,"minecraft:crafting_table":17,"minecraft:iron_helmet":1,"spartanshields:iron_tower_shield":1,"minecraft:wooden_pickaxe":1,"minecraft:baked_potato":807,"bloomingnature:swamp_oak_planks":136,"minecraft:copper_ingot":3,"bloomingnature:fan_palm_planks":12,"minecraft:brewing_stand":3,"minecraft:iron_chestplate":2,"minecraft:book":1,"minecraft:paper":3,"minecraft:diamond_pickaxe":1,"minecraft:shield":2,"minecraft:stick":196,"minecraft:iron_ingot":157,"minecraft:iron_pickaxe":9,"minecraft:gold_ingot":9,"minecraft:redstone_torch":24,"minecraft:deepslate_bricks":832,"minecraft:shears":1,"minecraft:golden_carrot":1,"minecraft:cobbled_deepslate_slab":6,"minecraft:diamond_hoe":1,"minecraft:furnace":20,"minecraft:bone_meal":51,"minecraft:oak_trapdoor":2,"minecraft:flint_and_steel":2,"travelersbackpack:white_sleeping_bag":1,"minecraft:polished_deepslate":864,"minecraft:iron_axe":1,"minecraft:iron_hoe":1,"minecraft:stone_pickaxe":1,"minecraft:wheat":63,"minecraft:dried_kelp":2614,"biomesoplenty:brimstone_bricks":4,"minecraft:bucket":3,"minecraft:stone_axe":1,"minecraft:bread":90,"minecraft:air":0,"minecraft:golden_apple":1,"minecraft:iron_shovel":2,"minecraft:iron_leggings":3,"minecraft:torch":388,"minecraft:diamond_chestplate":1},"minecraft:custom":{"minecraft:interact_with_crafting_table":178,"minecraft:open_barrel":26,"minecraft:eat_cake_slice":10,"minecraft:leave_game":17,"minecraft:time_since_death":129741,"minecraft:damage_resisted":74,"minecraft:sprint_one_cm":1874107,"minecraft:damage_blocked_by_shield":5490,"minecraft:drop":137,"minecraft:play_noteblock":1,"minecraft:play_time":705739,"minecraft:deaths":20,"minecraft:jump":13917,"minecraft:interact_with_brewingstand":24,"minecraft:walk_on_water_one_cm":204211,"minecraft:enchant_item":3,"minecraft:interact_with_furnace":547,"minecraft:sleep_in_bed":17,"minecraft:waystone_activated":3,"tombstone:sneak_grave":1,"minecraft:damage_dealt":19550,"minecraft:player_kills":4,"minecraft:crouch_one_cm":218664,"tombstone:undead_killed":50,"minecraft:interact_with_smoker":255,"minecraft:horse_one_cm":21097,"minecraft:interact_with_smithing_table":2,"minecraft:interact_with_anvil":1,"minecraft:mob_kills":115,"minecraft:climb_one_cm":1549,"minecraft:walk_one_cm":1731454,"minecraft:sneak_time":56984,"minecraft:walk_under_water_one_cm":106133,"minecraft:boat_one_cm":86940,"minecraft:interact_with_blast_furnace":22,"minecraft:total_world_time":705739,"spartanshields:shield_bash_hits":11,"tombstone:raider_killed":5,"minecraft:tune_noteblock":73,"minecraft:time_since_rest":128328,"minecraft:damage_taken":10721,"minecraft:swim_one_cm":486947,"minecraft:fly_one_cm":2311039,"minecraft:open_chest":829,"minecraft:fall_one_cm":280461}},"DataVersion":3465}