{"stats":{"minecraft:dropped":{"minecraft:wheat_seeds":1,"bloomingnature:fan_palm_planks":12,"minecraft:raw_iron":1,"minecraft:oak_planks":8,"ecologics:coconut_husk":3,"tombstone:grave_dust":1,"minecraft:wooden_pickaxe":1},"minecraft:picked_up":{"minecraft:stripped_oak_log":6,"minecraft:crafting_table":3,"minecraft:wheat":4,"minecraft:andesite":17,"minecraft:wooden_pickaxe":1,"minecraft:tuff":16,"minecraft:oak_log":40,"bloomingnature:fan_palm_log":3,"alexsmobs:cooked_kangaroo_meat":1,"minecraft:gunpowder":3,"minecraft:lapis_lazuli":23,"minecraft:polished_deepslate":1,"minecraft:dirt":28,"bloomingnature:swamp_oak_door":2,"minecraft:bone":2,"minecraft:wheat_seeds":20,"minecraft:cobbled_deepslate":47,"minecraft:raw_gold":1,"bloomingnature:chestnut_sapling":1,"minecraft:oak_planks":3,"minecraft:furnace":5,"minecraft:raw_iron":31,"ecologics:coconut_slice":8,"minecraft:torch":14,"minecraft:gravel":8,"minecraft:porkchop":5,"minecraft:diorite":7,"minecraft:redstone":2,"minecraft:arrow":2,"minecraft:rotten_flesh":4,"bloomingnature:swamp_oak_log":20,"minecraft:granite":7,"minecraft:bread":2,"minecraft:mutton":5,"minecraft:coal":68,"minecraft:white_wool":3,"minecraft:cobblestone":202},"minecraft:killed":{"minecraft:pig":2,"enemyexpansion:equestrian":1,"enemyexpansion:sprinter":1,"minecraft:creeper":1,"minecraft:sheep":3,"minecraft:skeleton":2,"minecraft:zombie":1,"enemyexpansion:botfly":1},"minecraft:killed_by":{"enemyexpansion:equestrian":1},"minecraft:custom":{"minecraft:interact_with_furnace":52,"minecraft:mob_kills":13,"minecraft:interact_with_crafting_table":31,"minecraft:leave_game":1,"minecraft:time_since_death":23585,"minecraft:time_since_rest":22955,"minecraft:sprint_one_cm":84180,"minecraft:damage_taken":1269,"minecraft:walk_one_cm":178231,"minecraft:damage_blocked_by_shield":30,"minecraft:drop":10,"minecraft:damage_dealt":1936,"minecraft:swim_one_cm":9163,"minecraft:fly_one_cm":161140,"minecraft:open_chest":10,"minecraft:crouch_one_cm":9583,"minecraft:play_time":58227,"tombstone:undead_killed":5,"minecraft:deaths":1,"minecraft:sneak_time":2357,"minecraft:walk_under_water_one_cm":3267,"minecraft:jump":1253,"minecraft:walk_on_water_one_cm":7359,"minecraft:total_world_time":58227,"minecraft:fall_one_cm":22065},"minecraft:mined":{"minecraft:tuff":16,"minecraft:crafting_table":3,"minecraft:granite":7,"bloomingnature:swamp_oak_door":1,"bloomingnature:fan_palm_leaves":1,"minecraft:grass_block":3,"minecraft:tall_grass":14,"minecraft:deepslate_gold_ore":1,"minecraft:lapis_ore":2,"minecraft:diorite":7,"minecraft:wall_torch":3,"minecraft:large_fern":4,"bloomingnature:swamp_oak_log":20,"minecraft:furnace":5,"minecraft:wheat":5,"minecraft:iron_ore":23,"minecraft:andesite":17,"minecraft:deepslate_lapis_ore":1,"minecraft:polished_deepslate":1,"minecraft:grass":21,"bloomingnature:fan_palm_log":3,"minecraft:oak_log":42,"minecraft:coal_ore":48,"minecraft:deepslate_iron_ore":8,"minecraft:gravel":9,"minecraft:dirt":25,"minecraft:stripped_oak_log":6,"minecraft:stone":196,"minecraft:deepslate":45},"minecraft:used":{"minecraft:wheat_seeds":15,"minecraft:cooked_mutton":3,"minecraft:diorite":7,"bloomingnature:swamp_oak_door":2,"minecraft:polished_deepslate":33,"minecraft:stone_pickaxe":131,"minecraft:oak_planks":24,"minecraft:shield":1,"minecraft:chest":1,"minecraft:wooden_pickaxe":7,"minecraft:iron_chestplate":1,"minecraft:torch":46,"minecraft:dirt":21,"minecraft:crafting_table":6,"alexsmobs:cooked_kangaroo_meat":1,"minecraft:oak_log":17,"minecraft:iron_axe":13,"minecraft:bread":3,"minecraft:iron_pickaxe":251,"minecraft:iron_helmet":1,"minecraft:iron_boots":1,"minecraft:gravel":8,"minecraft:stone_axe":110,"ecologics:coconut_slice":8,"minecraft:cobblestone":63,"minecraft:furnace":7,"minecraft:cooked_porkchop":5,"tombstone:gift":2,"bloomingnature:swamp_oak_planks":18,"minecraft:cobbled_deepslate":3,"minecraft:bone_meal":6},"minecraft:broken":{"minecraft:stone_pickaxe":1,"minecraft:stone_axe":1,"minecraft:iron_pickaxe":1},"minecraft:crafted":{"minecraft:oak_planks":68,"minecraft:cooked_porkchop":5,"minecraft:crafting_table":4,"minecraft:wooden_pickaxe":1,"minecraft:iron_helmet":1,"bloomingnature:swamp_oak_door":3,"bloomingnature:swamp_oak_planks":80,"minecraft:furnace":3,"minecraft:copper_ingot":3,"minecraft:bucket":1,"minecraft:bone_meal":6,"bloomingnature:fan_palm_planks":12,"minecraft:stone_axe":1,"minecraft:cooked_mutton":5,"minecraft:bread":1,"minecraft:air":0,"minecraft:iron_chestplate":1,"minecraft:iron_boots":1,"minecraft:polished_deepslate":32,"minecraft:shield":1,"minecraft:iron_axe":1,"minecraft:stick":48,"minecraft:iron_ingot":30,"minecraft:iron_pickaxe":2,"minecraft:stone_pickaxe":1,"minecraft:chest":1,"minecraft:torch":96}},"DataVersion":3465}