{"stats":{"minecraft:dropped":{"stalwart_dungeons:spore_vaporizer":4,"minecraft:lapis_lazuli":31,"bloomingnature:fan_palm_planks":12,"minecraft:baked_potato":46,"minecraft:glass_bottle":7,"minecraft:diamond":9,"minecraft:glow_berries":2,"orcz:blue_orcshroom":3,"biomesoplenty:rose_quartz_chunk":2,"mcdw:pick_diamond_pickaxe_var":1,"farmersdelight:rice":3,"minecraft:flint":2,"minecraft:item_frame":1,"paraglider:spirit_orb":4,"minecraft:dirt":76,"mcdw:sword_diamond_sword_var":1,"minecraft:cornflower":8,"minecraft:gold_nugget":7,"minecraft:phantom_membrane":2,"minecraft:iron_pickaxe":1,"minecraft:gold_ingot":1,"minecraft:oak_door":1,"alexsmobs:centipede_leg":2,"minecraft:gravel":12,"biomesoplenty:toadstool":1,"minecraft:waxed_cut_copper_stairs":1,"minecraft:spyglass":1,"bloomingnature:swamp_oak_planks":20,"alexscaves:cave_tablet":12,"minecraft:wheat":2,"minecraft:beetroot":1,"minecraft:rotten_flesh":7,"minecraft:oak_planks":40,"minecraft:diamond_shovel":2,"minecraft:beehive":2,"bloomingnature:genisteae":1,"minecraft:azure_bluet":4,"aquaculture:synodontis":2,"minecraft:poppy":5,"minecraft:birch_trapdoor":9,"ecologics:coconut_husk":5,"minecraft:birch_door":7,"minecraft:red_nether_bricks":2,"minecraft:arrow":4,"minecraft:cracked_nether_bricks":3,"bloomingnature:bluebell":2,"minecraft:netherrack":9,"farmersdelight:tomato_seeds":4,"minecraft:enchanted_book":2,"minecraft:iron_ingot":18,"spartanshields:iron_tower_shield":1,"minecraft:wheat_seeds":68,"minecraft:oak_fence":2,"minecraft:book":1,"orcz:orcagaric":2,"minecraft:amethyst_block":15,"minecraft:granite":26,"biomesoplenty:jacaranda_planks":1,"minecraft:stick":20,"minecraft:oxeye_daisy":7,"minecraft:diorite":39,"tombstone:magic_scroll":1,"minecraft:torch":17,"tombstone:grave_key":1,"minecraft:rose_bush":1,"minecraft:diamond_helmet":1,"bloomingnature:swamp_oak_sapling":10,"minecraft:iron_leggings":1,"tombstone:grave_dust":4,"travelersbackpack:spider":1,"minecraft:potion":14,"minecraft:white_banner":2,"minecraft:stonecutter":1,"minecraft:string":40,"minecraft:dandelion":4,"minecraft:smooth_basalt":11,"minecraft:redstone":2,"minecraft:furnace":1,"minecraft:kelp":210,"minecraft:nether_wart":1,"minecraft:tuff":22,"minecraft:raw_iron":1,"orcz:orcamanita":1,"orcz:orcteeth_tool_shovel":1,"orcz:ironscrap":1,"minecraft:lily_of_the_valley":7,"minecraft:deepslate_bricks":229,"minecraft:diamond_pickaxe":1,"minecraft:andesite":14,"minecraft:blue_ice":1,"minecraft:bow":2,"minecraft:wooden_pickaxe":1,"minecraft:raw_gold":48,"mcda:fox_armor_leggings":1,"orcz:orchorn":1},"minecraft:picked_up":{"minecraft:chiseled_deepslate":1,"minecraft:wheat":247,"minecraft:birch_door":7,"minecraft:iron_chestplate":1,"minecraft:smithing_table":2,"mcda:emerald_gear_leggings":1,"alexscaves:cave_tablet":6,"enemyexpansion:wasp_thorax":1,"travelersbackpack:spider":1,"minecraft:potion":29,"minecraft:enchanted_book":2,"minecraft:gilded_blackstone":4,"mcda:fox_armor_leggings":1,"minecraft:nether_brick":194,"bloomingnature:fan_palm_log":3,"minecraft:brewing_stand":5,"minecraft:music_disc_cat":2,"minecraft:amethyst_block":49,"minecraft:polished_deepslate":1,"orcz:orcteeth_tool_shovel":1,"minecraft:string":22,"minecraft:raw_copper":63,"alexsmobs:ancient_dart":3,"minecraft:red_nether_bricks":6,"minecraft:iron_leggings":1,"minecraft:experience_bottle":1,"minecraft:zombie_head":2,"minecraft:oak_sign":1,"mcda:wolf_armor_chestplate":1,"biomesoplenty:brimstone":4,"minecraft:smooth_stone":2,"minecraft:gold_nugget":61,"minecraft:cobbled_deepslate":1291,"minecraft:bucket":2,"minecraft:rose_bush":4,"minecraft:redstone_torch":2,"minecraft:calcite":110,"farmersdelight:cabbage_seeds":3,"minecraft:furnace":21,"minecraft:iron_boots":1,"minecraft:stick":2,"biomesoplenty:rose_quartz_block":1,"minecraft:beehive":4,"minecraft:birch_trapdoor":9,"minecraft:torch":272,"minecraft:porkchop":5,"minecraft:dried_kelp":1,"minecraft:lightning_rod":2,"tombstone:grave_dust":9,"minecraft:diorite":61,"alexsmobs:centipede_leg":2,"minecraft:waxed_cut_copper_stairs":1,"minecraft:rotten_flesh":80,"minecraft:honey_bottle":1,"mcdw:pick_diamond_pickaxe_var":1,"biomesoplenty:rose_quartz_chunk":6,"minecraft:iron_block":64,"farmersdelight:rope":14,"minecraft:bookshelf":3,"minecraft:waxed_cut_copper":3,"minecraft:blaze_rod":178,"minecraft:obsidian":14,"alexsmobs:flying_fish":1,"minecraft:cobblestone":752,"minecraft:magma_block":11,"orcz:orcteeth":4,"minecraft:cooked_beef":26,"minecraft:lilac":4,"farmersdelight:rice":6,"minecraft:andesite":111,"minecraft:smoker":9,"minecraft:potato":501,"paraglider:spirit_orb":6,"minecraft:flint":6,"minecraft:tuff":213,"alexsmobs:cooked_kangaroo_meat":1,"minecraft:lapis_lazuli":83,"minecraft:dirt":2415,"minecraft:chipped_anvil":1,"minecraft:glass":30,"minecraft:bone":20,"bloomingnature:bluebell":5,"minecraft:stonecutter":1,"biomesoplenty:brimstone_bricks":1,"minecraft:bow":4,"minecraft:wheat_seeds":873,"minecraft:raw_gold":162,"minecraft:cobbled_deepslate_slab":1,"minecraft:diamond_helmet":1,"minecraft:glowstone_dust":33,"minecraft:oak_planks":153,"friendsandfoes:totem_of_freezing":1,"biomesoplenty:toadstool":1,"aquaculture:gar":1,"spartanshields:iron_tower_shield":1,"minecraft:music_disc_13":3,"ecologics:coconut_husk":2,"minecraft:poisonous_potato":3,"minecraft:sand":16,"orcz:blue_orcshroom":4,"minecraft:ink_sac":2,"minecraft:lily_of_the_valley":9,"minecraft:mossy_cobblestone":1,"minecraft:bundle":4,"travelersbackpack:white_sleeping_bag":13,"stalwart_dungeons:spore_vaporizer":4,"minecraft:deepslate":48,"minecraft:diamond":71,"bloomingnature:swamp_oak_log":48,"minecraft:soul_lantern":1,"waystones:waystone":1,"minecraft:emerald":1,"orcz:ironscrap":1,"minecraft:cracked_polished_blackstone_bricks":5,"minecraft:blue_ice":1,"minecraft:granite":76,"minecraft:golden_apple":1,"minecraft:golden_horse_armor":1,"minecraft:bread":2,"alexsmobs:maggot":1,"minecraft:oak_sapling":3,"minecraft:netherrack":157,"minecraft:diamond_pickaxe":1,"minecraft:crafting_table":18,"minecraft:azure_bluet":6,"travelersbackpack:hay":3,"minecraft:nether_wart":180,"minecraft:chest_minecart":1,"minecraft:brown_mushroom":1,"minecraft:wooden_pickaxe":1,"travelersbackpack:sandstone":1,"minecraft:cornflower":12,"minecraft:iron_axe":3,"minecraft:item_frame":3,"minecraft:blackstone":3,"minecraft:cyan_carpet":1,"mcdw:sword_diamond_sword_var":1,"minecraft:oak_boat":1,"minecraft:poppy":18,"minecraft:chest":20,"minecraft:sugar_cane":624,"minecraft:phantom_membrane":6,"minecraft:raw_iron":206,"minecraft:stone":111,"minecraft:oak_door":2,"ecologics:coconut_slice":8,"minecraft:copper_ingot":1,"minecraft:note_block":1,"orcz:orchorn":1,"minecraft:cookie":1,"minecraft:carrot":558,"minecraft:redstone":306,"minecraft:mushroom_stem":1,"minecraft:mangrove_trapdoor":1,"minecraft:iron_horse_armor":1,"minecraft:tnt":1,"minecraft:arrow":20,"minecraft:beetroot_seeds":3,"minecraft:pumpkin_pie":1,"mcda:phantom_bones":6,"minecraft:nether_bricks":71,"minecraft:deepslate_bricks":302,"minecraft:diamond_boots":2,"minecraft:hay_block":7,"aquaculture:carp":1,"minecraft:gold_ingot":4,"minecraft:glow_berries":5,"minecraft:mutton":5,"minecraft:rail":77,"minecraft:white_wool":25,"minecraft:oxeye_daisy":20,"minecraft:stripped_oak_log":18,"enemyexpansion:horsehead_helmet":1,"minecraft:golden_carrot":186,"bloomingnature:swamp_oak_planks":13,"minecraft:red_mushroom":1,"enemyexpansion:headbiter_helmet":1,"bloomingnature:genisteae":1,"minecraft:oak_log":145,"minecraft:waxed_copper_block":1,"biomesoplenty:jacaranda_planks":1,"minecraft:nether_wart_block":2,"minecraft:gunpowder":46,"minecraft:white_banner":3,"bloomingnature:swamp_oak_door":4,"bloomingnature:swamp_oak_sapling":10,"minecraft:kelp":5153,"minecraft:iron_ingot":6,"minecraft:cooked_chicken":2,"bloomingnature:chestnut_sapling":1,"minecraft:glass_bottle":8,"mcda:evocation_robe_chestplate":1,"minecraft:soul_sand":11,"minecraft:iron_sword":2,"minecraft:book":56,"stalwart_dungeons:transient_block_close":80,"minecraft:sculk_catalyst":1,"enemyexpansion:phantom_eye":2,"minecraft:smooth_basalt":30,"minecraft:pumpkin":9,"minecraft:cracked_nether_bricks":3,"minecraft:quartz":24,"minecraft:dandelion":10,"minecraft:spyglass":1,"minecraft:gravel":44,"minecraft:amethyst_shard":6,"orcz:orcamanita":2,"minecraft:blast_furnace":7,"minecraft:crying_obsidian":1,"minecraft:spider_eye":21,"alexsmobs:raw_catfish":3,"minecraft:diamond_shovel":2,"minecraft:dried_kelp_block":116,"minecraft:iron_helmet":1,"minecraft:gray_wool":79,"minecraft:baked_potato":204,"tombstone:magic_scroll":3,"orcz:orcteeth_tool_pickaxe":1,"minecraft:coal":282,"minecraft:ender_pearl":3},"minecraft:mined":{"stalwart_dungeons:transient_block_open":14,"stalwart_dungeons:spore_vaporizer":5,"orcz:orcamanita":1,"minecraft:sculk_vein":70,"minecraft:red_nether_bricks":7,"biomesoplenty:brimstone":4,"minecraft:brewing_stand":5,"minecraft:obsidian":14,"minecraft:granite":75,"minecraft:grass_block":1350,"biomesoplenty:rose_quartz_block":1,"bloomingnature:genisteae":2,"minecraft:deepslate_bricks":89,"minecraft:oak_wall_sign":1,"minecraft:oxeye_daisy":18,"minecraft:nether_wart":24,"minecraft:spawner":3,"biomesoplenty:blackstone_bulb":2,"minecraft:tall_seagrass":41,"minecraft:magma_block":11,"minecraft:glowstone":14,"minecraft:sculk_catalyst":3,"minecraft:iron_ore":73,"minecraft:cobbled_deepslate":22,"minecraft:fire":34,"minecraft:pumpkin":9,"minecraft:deepslate_lapis_ore":9,"minecraft:azure_bluet":4,"minecraft:sculk_shrieker":2,"minecraft:dirt_path":1,"minecraft:small_amethyst_bud":2,"minecraft:waxed_cut_copper_stairs":2,"minecraft:waxed_cut_copper":3,"minecraft:deepslate_redstone_ore":42,"minecraft:brown_mushroom":1,"minecraft:blackstone":3,"minecraft:smoker":9,"minecraft:kelp_plant":1150,"minecraft:medium_amethyst_bud":1,"stalwart_dungeons:transient_block_close":62,"minecraft:amethyst_cluster":2,"minecraft:soul_lantern":1,"biomesoplenty:brimstone_fumarole":1,"minecraft:torch":19,"minecraft:note_block":1,"bloomingnature:fan_palm_leaves":1,"bloomingnature:swamp_oak_door":2,"minecraft:blast_furnace":6,"minecraft:calcite":92,"minecraft:poppy":11,"minecraft:chest":20,"minecraft:nether_quartz_ore":24,"minecraft:cobblestone":20,"minecraft:oak_planks":34,"minecraft:sugar_cane":354,"minecraft:wall_torch":15,"minecraft:amethyst_block":35,"minecraft:seagrass":49,"minecraft:nether_wart_block":2,"minecraft:wheat":253,"minecraft:birch_trapdoor":12,"minecraft:lilac":4,"biomesoplenty:large_rose_quartz_bud":3,"minecraft:waxed_copper_block":1,"minecraft:birch_door":7,"minecraft:tnt":1,"minecraft:grass":1429,"orcz:blue_orcshroom":1,"minecraft:oak_log":153,"minecraft:dirt":1085,"minecraft:sand":16,"minecraft:smooth_basalt":24,"minecraft:stonecutter":1,"minecraft:netherrack":200,"minecraft:oak_leaves":15,"minecraft:deepslate":1190,"minecraft:nether_gold_ore":10,"minecraft:crying_obsidian":1,"minecraft:tuff":168,"minecraft:mossy_cobblestone":1,"minecraft:deepslate_diamond_ore":35,"minecraft:oak_door":2,"minecraft:nether_bricks":77,"minecraft:cobbled_deepslate_slab":1,"travelersbackpack:white_sleeping_bag":12,"minecraft:mangrove_trapdoor":1,"minecraft:kelp":233,"minecraft:red_mushroom":1,"minecraft:cracked_nether_bricks":2,"minecraft:large_fern":91,"minecraft:hay_block":7,"minecraft:furnace":20,"minecraft:carrots":198,"minecraft:andesite":112,"minecraft:chiseled_deepslate":1,"bloomingnature:swamp_oak_leaves":5,"minecraft:polished_deepslate":1,"minecraft:bookshelf":6,"minecraft:potatoes":164,"minecraft:deepslate_iron_ore":75,"biomesoplenty:brimstone_bud":8,"minecraft:rail":25,"minecraft:stripped_oak_log":18,"bloomingnature:bluebell":2,"minecraft:stone":667,"biomesoplenty:rose_quartz_cluster":3,"minecraft:cake":1,"minecraft:smithing_table":2,"minecraft:lily_of_the_valley":8,"bloomingnature:swamp_oak_planks":5,"minecraft:dandelion":4,"minecraft:crafting_table":15,"minecraft:cornflower":12,"minecraft:rose_bush":3,"minecraft:sculk_sensor":10,"minecraft:lightning_rod":2,"minecraft:copper_ore":3,"minecraft:tall_grass":503,"minecraft:lapis_ore":2,"minecraft:deepslate_gold_ore":79,"minecraft:sculk":720,"minecraft:diorite":62,"travelersbackpack:hay":1,"biomesoplenty:brimstone_bricks":1,"minecraft:gray_wool":81,"minecraft:birch_planks":1,"bloomingnature:swamp_oak_log":48,"minecraft:beehive":2,"minecraft:redstone_torch":2,"bloomingnature:fan_palm_log":3,"minecraft:coal_ore":168,"minecraft:zombie_head":1,"minecraft:cyan_carpet":1,"minecraft:gravel":42,"minecraft:chipped_anvil":1,"minecraft:fern":68},"minecraft:used":{"minecraft:nether_wart":11,"orcz:orcteeth_tool_shovel":133,"minecraft:iron_shovel":497,"minecraft:polished_deepslate":33,"bloomingnature:swamp_oak_door":3,"minecraft:oak_sign":12,"minecraft:diamond_hoe":795,"minecraft:chest":51,"minecraft:shield":122,"minecraft:iron_sword":201,"minecraft:creeper_head":1,"minecraft:rotten_flesh":6,"minecraft:iron_chestplate":1,"minecraft:soul_sand":11,"travelersbackpack:hay":14,"minecraft:nether_bricks":23,"minecraft:carrot":223,"minecraft:honey_bottle":2,"minecraft:tuff":44,"minecraft:beehive":2,"minecraft:obsidian":12,"minecraft:lava_bucket":12,"biomesoplenty:brimstone_bricks":1,"minecraft:quartz_block":1,"minecraft:iron_helmet":1,"minecraft:item_frame":2,"minecraft:bow":70,"minecraft:furnace":39,"minecraft:skeleton_skull":1,"bloomingnature:swamp_oak_planks":102,"minecraft:potato":194,"travelersbackpack:spider":9,"minecraft:diorite":11,"minecraft:oak_planks":123,"minecraft:stone_pickaxe":131,"minecraft:white_wool":6,"minecraft:wooden_pickaxe":7,"minecraft:sugar_cane":44,"stalwart_dungeons:transient_block_close":4,"minecraft:diamond_axe":305,"bloomingnature:swamp_oak_log":5,"minecraft:cookie":1,"minecraft:blast_furnace":7,"minecraft:shears":75,"minecraft:redstone_torch":26,"waystones:waystone":1,"orcz:orcteeth_tool_sword":160,"minecraft:zombie_head":2,"minecraft:bread":37,"tombstone:grave_key":4,"minecraft:gravel":23,"ecologics:coconut_slice":8,"minecraft:nether_wart_block":2,"minecraft:oak_boat":1,"minecraft:smithing_table":2,"minecraft:andesite":3,"minecraft:air":2,"minecraft:bone_meal":51,"bloomingnature:genisteae":1,"minecraft:oak_trapdoor":2,"minecraft:flint_and_steel":208,"mcdw:pick_diamond_pickaxe_var":52,"minecraft:dried_kelp":5,"minecraft:netherrack":86,"minecraft:oak_door":1,"mcdw:sword_diamond_sword_var":44,"minecraft:torch":595,"minecraft:brewing_stand":8,"minecraft:dirt":574,"minecraft:spyglass":65,"alexsmobs:cooked_kangaroo_meat":1,"minecraft:iron_hoe":171,"minecraft:chipped_anvil":2,"minecraft:bookshelf":2,"minecraft:oak_stairs":8,"minecraft:iron_axe":244,"minecraft:iron_boots":2,"minecraft:smooth_basalt":6,"minecraft:golden_carrot":6,"biomesoplenty:rose_quartz_block":2,"tombstone:gift":10,"minecraft:cobbled_deepslate":196,"minecraft:iron_leggings":1,"minecraft:calcite":16,"minecraft:wheat_seeds":361,"minecraft:cooked_mutton":5,"minecraft:water_bucket":50,"minecraft:baked_potato":159,"minecraft:glass_bottle":56,"minecraft:red_nether_bricks":4,"minecraft:brown_mushroom":1,"minecraft:deepslate_bricks":906,"spartanshields:iron_tower_shield":27,"minecraft:mossy_cobblestone":1,"minecraft:rail":1,"minecraft:crafting_table":29,"minecraft:smoker":9,"minecraft:oak_log":17,"bloomingnature:bluebell":1,"minecraft:diamond_pickaxe":1948,"minecraft:diamond_shovel":1724,"minecraft:iron_pickaxe":1563,"travelersbackpack:white_sleeping_bag":12,"tombstone:magic_scroll":7,"mcdw:sword_iron_sword_var":117,"minecraft:stone_axe":110,"minecraft:cobblestone":153,"minecraft:potion":13,"travelersbackpack:standard":36,"minecraft:cobbled_deepslate_slab":1,"minecraft:cooked_porkchop":5,"minecraft:bucket":103,"minecraft:splash_potion":10,"minecraft:kelp":206,"minecraft:gray_wool":78},"minecraft:killed":{"enemyexpansion:equestrian":3,"minecraft:spider":4,"aquaculture:gar":1,"minecraft:skeleton":15,"minecraft:silverfish":5,"aquaculture:carp":1,"minecraft:piglin":2,"minecraft:pig":2,"orcz:goblinsavagemace":1,"stalwart_dungeons:giddy_blaze":79,"minecraft:creeper":3,"minecraft:sheep":3,"minecraft:pillager":3,"minecraft:zombie":22,"alexsmobs:terrapin":1,"enemyexpansion:botfly":5,"alexsmobs:fly":1,"enemyexpansion:vampbiter":1,"enemyexpansion:direwolf":9,"enemyexpansion:goblin_fear":1,"minecraft:phantom":2,"stalwart_dungeons:nether_wart_cocoon":3,"minecraft:drowned":3,"minecraft:warden":1,"enemyexpansion:goblin":1,"alexsmobs:flying_fish":1,"enemyexpansion:sprinter":5,"alexsmobs:catfish":1,"enemyexpansion:huntsman":1,"alexsmobs:crow":1,"minecraft:player":4,"enemyexpansion:slugger":2},"minecraft:killed_by":{"minecraft:wither_skeleton":1,"enemyexpansion:invisicreeper":3,"minecraft:player":6,"enemyexpansion:equestrian":1,"stalwart_dungeons:giddy_blaze":7,"minecraft:warden":3,"minecraft:skeleton":1},"minecraft:broken":{"minecraft:iron_boots":1,"minecraft:iron_chestplate":1,"minecraft:stone_pickaxe":1,"minecraft:stone_axe":1,"orcz:orcteeth_tool_shovel":1,"minecraft:flint_and_steel":2,"minecraft:shield":1,"minecraft:iron_axe":1,"orcz:orcteeth_tool_sword":1,"minecraft:iron_pickaxe":6},"minecraft:crafted":{"minecraft:oak_planks":532,"travelersbackpack:crafting_upgrade":1,"minecraft:oak_sign":9,"spartanshields:wooden_tower_shield":1,"minecraft:blaze_powder":260,"bloomingnature:swamp_oak_door":3,"biomesoplenty:rose_quartz_block":1,"mcdw:sword_diamond_sword_var":1,"minecraft:bookshelf":1,"minecraft:cooked_mutton":5,"minecraft:quartz_block":1,"minecraft:glass":16,"minecraft:diamond_leggings":1,"minecraft:bow":2,"minecraft:iron_boots":3,"tombstone:grave_key":2,"minecraft:chest":32,"minecraft:dried_kelp_block":307,"minecraft:glass_bottle":66,"spartanshields:diamond_tower_shield":1,"travelersbackpack:iron_tier_upgrade":1,"minecraft:cooked_porkchop":5,"minecraft:diamond_axe":2,"minecraft:crafting_table":17,"minecraft:iron_helmet":1,"spartanshields:iron_tower_shield":1,"minecraft:wooden_pickaxe":1,"minecraft:baked_potato":807,"bloomingnature:swamp_oak_planks":136,"minecraft:copper_ingot":3,"bloomingnature:fan_palm_planks":12,"minecraft:brewing_stand":3,"minecraft:iron_chestplate":2,"minecraft:book":1,"minecraft:paper":3,"minecraft:diamond_pickaxe":1,"minecraft:shield":2,"minecraft:stick":200,"minecraft:iron_ingot":157,"minecraft:iron_pickaxe":9,"minecraft:gold_ingot":9,"minecraft:redstone_torch":24,"minecraft:deepslate_bricks":836,"minecraft:shears":1,"minecraft:golden_carrot":1,"minecraft:cobbled_deepslate_slab":6,"minecraft:diamond_hoe":1,"minecraft:furnace":20,"minecraft:bone_meal":51,"travelersbackpack:blank_upgrade":4,"minecraft:oak_trapdoor":2,"minecraft:flint_and_steel":6,"travelersbackpack:white_sleeping_bag":1,"minecraft:polished_deepslate":868,"minecraft:iron_axe":1,"minecraft:iron_hoe":1,"minecraft:stone_pickaxe":1,"minecraft:diamond_boots":1,"travelersbackpack:spider":2,"minecraft:wheat":63,"minecraft:sugar":10,"travelersbackpack:backpack_tank":2,"minecraft:dried_kelp":2934,"minecraft:nether_bricks":89,"biomesoplenty:brimstone_bricks":4,"minecraft:bucket":3,"minecraft:stone_axe":1,"minecraft:bread":90,"minecraft:air":0,"minecraft:golden_apple":1,"minecraft:oak_stairs":8,"minecraft:iron_shovel":2,"minecraft:iron_leggings":3,"minecraft:torch":388,"minecraft:diamond_chestplate":1},"minecraft:custom":{"minecraft:interact_with_crafting_table":205,"minecraft:open_barrel":27,"minecraft:eat_cake_slice":10,"minecraft:leave_game":17,"minecraft:time_since_death":1324,"minecraft:damage_resisted":74,"minecraft:sprint_one_cm":2380427,"minecraft:damage_blocked_by_shield":5490,"minecraft:drop":205,"minecraft:play_noteblock":1,"minecraft:play_time":891739,"minecraft:deaths":26,"minecraft:jump":16471,"minecraft:interact_with_brewingstand":130,"minecraft:walk_on_water_one_cm":217824,"minecraft:enchant_item":12,"minecraft:interact_with_furnace":550,"minecraft:sleep_in_bed":17,"minecraft:waystone_activated":3,"tombstone:sneak_grave":3,"minecraft:damage_dealt":35642,"minecraft:player_kills":4,"minecraft:crouch_one_cm":246316,"tombstone:undead_killed":54,"minecraft:interact_with_smoker":290,"minecraft:horse_one_cm":21097,"minecraft:interact_with_smithing_table":4,"minecraft:interact_with_anvil":1,"minecraft:mob_kills":199,"minecraft:climb_one_cm":2860,"minecraft:walk_one_cm":2095699,"minecraft:sneak_time":64101,"minecraft:walk_under_water_one_cm":109958,"minecraft:boat_one_cm":86940,"minecraft:interact_with_blast_furnace":24,"minecraft:total_world_time":891739,"spartanshields:shield_bash_hits":11,"tombstone:raider_killed":5,"minecraft:tune_noteblock":73,"minecraft:time_since_rest":809,"minecraft:damage_taken":14654,"minecraft:swim_one_cm":523602,"minecraft:fly_one_cm":2770176,"minecraft:open_chest":1430,"minecraft:fall_one_cm":324053}},"DataVersion":3465}