{"stats":{"minecraft:broken":{"minecraft:stone_pickaxe":1,"minecraft:stone_axe":1,"minecraft:shield":1,"minecraft:iron_axe":1,"orcz:orcteeth_tool_sword":1,"minecraft:iron_pickaxe":4},"minecraft:used":{"minecraft:iron_shovel":497,"minecraft:polished_deepslate":33,"bloomingnature:swamp_oak_door":3,"minecraft:chest":4,"minecraft:shield":122,"minecraft:rotten_flesh":6,"minecraft:iron_chestplate":1,"travelersbackpack:hay":1,"minecraft:nether_bricks":2,"minecraft:carrot":31,"minecraft:tuff":27,"minecraft:beehive":2,"minecraft:obsidian":12,"minecraft:lava_bucket":2,"biomesoplenty:brimstone_bricks":1,"minecraft:quartz_block":1,"minecraft:iron_helmet":1,"minecraft:furnace":24,"bloomingnature:swamp_oak_planks":97,"minecraft:potato":62,"minecraft:diorite":11,"minecraft:stone_pickaxe":131,"minecraft:oak_planks":89,"minecraft:wooden_pickaxe":7,"stalwart_dungeons:transient_block_close":2,"minecraft:sugar_cane":25,"minecraft:diamond_axe":48,"minecraft:cookie":1,"minecraft:blast_furnace":2,"minecraft:redstone_torch":26,"orcz:orcteeth_tool_sword":160,"minecraft:bread":34,"tombstone:grave_key":1,"minecraft:gravel":21,"ecologics:coconut_slice":8,"minecraft:andesite":3,"minecraft:bone_meal":51,"minecraft:flint_and_steel":8,"minecraft:dried_kelp":4,"minecraft:netherrack":81,"minecraft:torch":448,"minecraft:dirt":115,"minecraft:spyglass":56,"alexsmobs:cooked_kangaroo_meat":1,"minecraft:iron_hoe":171,"minecraft:bookshelf":1,"minecraft:iron_axe":244,"minecraft:iron_boots":1,"biomesoplenty:rose_quartz_block":2,"tombstone:gift":6,"minecraft:cobbled_deepslate":76,"minecraft:iron_leggings":1,"minecraft:wheat_seeds":205,"minecraft:cooked_mutton":5,"minecraft:water_bucket":33,"minecraft:baked_potato":38,"minecraft:brown_mushroom":1,"minecraft:crafting_table":16,"minecraft:oak_log":17,"minecraft:diamond_pickaxe":386,"minecraft:iron_pickaxe":1030,"travelersbackpack:white_sleeping_bag":12,"tombstone:magic_scroll":7,"minecraft:stone_axe":110,"minecraft:cobblestone":141,"minecraft:potion":1,"minecraft:cooked_porkchop":5,"minecraft:bucket":47,"minecraft:kelp":206},"minecraft:crafted":{"minecraft:oak_planks":248,"bloomingnature:swamp_oak_door":3,"biomesoplenty:rose_quartz_block":1,"minecraft:bookshelf":1,"minecraft:cooked_mutton":5,"minecraft:quartz_block":1,"minecraft:bow":2,"minecraft:iron_boots":2,"tombstone:grave_key":1,"minecraft:chest":4,"minecraft:dried_kelp_block":137,"minecraft:cooked_porkchop":5,"minecraft:diamond_axe":1,"minecraft:crafting_table":9,"minecraft:iron_helmet":1,"minecraft:wooden_pickaxe":1,"minecraft:baked_potato":88,"bloomingnature:swamp_oak_planks":124,"minecraft:copper_ingot":3,"bloomingnature:fan_palm_planks":12,"minecraft:book":1,"minecraft:iron_chestplate":2,"minecraft:paper":3,"minecraft:diamond_pickaxe":1,"minecraft:shield":2,"minecraft:stick":164,"minecraft:iron_ingot":98,"minecraft:iron_pickaxe":5,"minecraft:gold_ingot":8,"minecraft:redstone_torch":24,"minecraft:furnace":16,"minecraft:bone_meal":51,"minecraft:flint_and_steel":1,"travelersbackpack:white_sleeping_bag":1,"minecraft:polished_deepslate":32,"minecraft:iron_axe":1,"minecraft:iron_hoe":1,"minecraft:stone_pickaxe":1,"minecraft:wheat":63,"minecraft:dried_kelp":1316,"biomesoplenty:brimstone_bricks":4,"minecraft:bucket":2,"minecraft:stone_axe":1,"minecraft:bread":38,"minecraft:air":0,"minecraft:golden_apple":1,"minecraft:iron_shovel":2,"minecraft:iron_leggings":2,"minecraft:torch":388},"minecraft:mined":{"stalwart_dungeons:spore_vaporizer":4,"orcz:orcamanita":1,"minecraft:red_nether_bricks":2,"biomesoplenty:brimstone":4,"minecraft:brewing_stand":1,"minecraft:obsidian":14,"minecraft:granite":32,"minecraft:grass_block":377,"biomesoplenty:rose_quartz_block":1,"minecraft:nether_wart":24,"minecraft:oxeye_daisy":12,"minecraft:spawner":3,"biomesoplenty:blackstone_bulb":2,"minecraft:tall_seagrass":37,"minecraft:magma_block":11,"minecraft:glowstone":12,"minecraft:iron_ore":67,"minecraft:cobbled_deepslate":9,"minecraft:fire":32,"minecraft:deepslate_lapis_ore":9,"minecraft:azure_bluet":2,"minecraft:dirt_path":1,"minecraft:waxed_cut_copper":3,"minecraft:waxed_cut_copper_stairs":2,"minecraft:deepslate_redstone_ore":10,"minecraft:brown_mushroom":1,"minecraft:blackstone":3,"minecraft:kelp_plant":426,"stalwart_dungeons:transient_block_close":7,"minecraft:soul_lantern":1,"biomesoplenty:brimstone_fumarole":1,"minecraft:torch":11,"minecraft:note_block":1,"bloomingnature:swamp_oak_door":2,"bloomingnature:fan_palm_leaves":1,"minecraft:blast_furnace":1,"minecraft:poppy":9,"minecraft:nether_quartz_ore":18,"minecraft:cobblestone":13,"minecraft:sugar_cane":144,"minecraft:oak_planks":11,"minecraft:wall_torch":11,"minecraft:seagrass":45,"minecraft:nether_wart_block":2,"minecraft:wheat":95,"minecraft:birch_trapdoor":12,"minecraft:lilac":4,"biomesoplenty:large_rose_quartz_bud":3,"minecraft:waxed_copper_block":1,"minecraft:birch_door":6,"minecraft:tnt":1,"minecraft:grass":1051,"orcz:blue_orcshroom":1,"minecraft:oak_log":76,"minecraft:dirt":152,"minecraft:stonecutter":1,"minecraft:netherrack":127,"minecraft:oak_leaves":3,"minecraft:deepslate":404,"minecraft:nether_gold_ore":10,"minecraft:crying_obsidian":1,"minecraft:tuff":63,"minecraft:deepslate_diamond_ore":10,"minecraft:nether_bricks":13,"travelersbackpack:white_sleeping_bag":11,"minecraft:mangrove_trapdoor":1,"minecraft:red_mushroom":1,"minecraft:kelp":141,"minecraft:cracked_nether_bricks":2,"minecraft:large_fern":69,"minecraft:hay_block":7,"minecraft:furnace":8,"minecraft:carrots":12,"minecraft:andesite":29,"minecraft:polished_deepslate":1,"minecraft:bookshelf":6,"minecraft:potatoes":24,"minecraft:deepslate_iron_ore":41,"biomesoplenty:brimstone_bud":8,"minecraft:rail":25,"minecraft:stripped_oak_log":6,"bloomingnature:bluebell":1,"minecraft:stone":330,"biomesoplenty:rose_quartz_cluster":3,"minecraft:cake":1,"minecraft:lily_of_the_valley":5,"minecraft:dandelion":3,"minecraft:crafting_table":10,"minecraft:cornflower":8,"minecraft:rose_bush":3,"minecraft:lightning_rod":2,"minecraft:tall_grass":385,"minecraft:deepslate_gold_ore":35,"minecraft:lapis_ore":2,"minecraft:diorite":54,"biomesoplenty:brimstone_bricks":1,"minecraft:birch_planks":1,"bloomingnature:swamp_oak_log":31,"minecraft:beehive":2,"minecraft:redstone_torch":2,"bloomingnature:fan_palm_log":3,"minecraft:coal_ore":100,"minecraft:gravel":31,"minecraft:cyan_carpet":1,"minecraft:fern":43},"minecraft:killed":{"enemyexpansion:equestrian":2,"minecraft:spider":2,"aquaculture:gar":1,"minecraft:skeleton":9,"aquaculture:carp":1,"minecraft:pig":2,"stalwart_dungeons:giddy_blaze":2,"minecraft:creeper":2,"minecraft:sheep":3,"minecraft:zombie":17,"alexsmobs:terrapin":1,"enemyexpansion:botfly":5,"alexsmobs:fly":1,"enemyexpansion:vampbiter":1,"enemyexpansion:direwolf":5,"enemyexpansion:goblin_fear":1,"stalwart_dungeons:nether_wart_cocoon":3,"enemyexpansion:goblin":1,"alexsmobs:flying_fish":1,"enemyexpansion:sprinter":5,"alexsmobs:catfish":1,"enemyexpansion:huntsman":1,"alexsmobs:crow":1,"minecraft:player":4,"enemyexpansion:slugger":2},"minecraft:killed_by":{"minecraft:wither_skeleton":1,"enemyexpansion:invisicreeper":1,"minecraft:player":3,"enemyexpansion:equestrian":1,"stalwart_dungeons:giddy_blaze":5},"minecraft:picked_up":{"minecraft:birch_door":6,"minecraft:iron_chestplate":1,"minecraft:wheat":89,"minecraft:potion":1,"minecraft:enchanted_book":1,"minecraft:nether_brick":11,"bloomingnature:fan_palm_log":3,"minecraft:brewing_stand":1,"minecraft:polished_deepslate":1,"minecraft:string":1,"alexsmobs:ancient_dart":2,"minecraft:red_nether_bricks":2,"minecraft:iron_leggings":1,"minecraft:experience_bottle":1,"biomesoplenty:brimstone":4,"minecraft:gold_nugget":36,"minecraft:cobbled_deepslate":414,"minecraft:rose_bush":3,"minecraft:redstone_torch":2,"farmersdelight:cabbage_seeds":3,"minecraft:furnace":8,"minecraft:iron_boots":1,"biomesoplenty:rose_quartz_block":1,"minecraft:beehive":4,"minecraft:birch_trapdoor":9,"minecraft:torch":85,"minecraft:porkchop":5,"minecraft:lightning_rod":2,"minecraft:dried_kelp":1,"tombstone:grave_dust":7,"minecraft:diorite":53,"minecraft:waxed_cut_copper_stairs":1,"minecraft:rotten_flesh":23,"minecraft:honey_bottle":1,"biomesoplenty:rose_quartz_chunk":6,"farmersdelight:rope":7,"minecraft:waxed_cut_copper":3,"minecraft:blaze_rod":7,"minecraft:obsidian":14,"alexsmobs:flying_fish":1,"minecraft:cobblestone":352,"minecraft:magma_block":11,"minecraft:lilac":4,"farmersdelight:rice":3,"minecraft:andesite":33,"minecraft:potato":79,"paraglider:spirit_orb":6,"minecraft:flint":2,"minecraft:tuff":67,"alexsmobs:cooked_kangaroo_meat":1,"minecraft:lapis_lazuli":83,"minecraft:dirt":575,"minecraft:bone":13,"bloomingnature:bluebell":3,"minecraft:stonecutter":1,"biomesoplenty:brimstone_bricks":1,"minecraft:bow":2,"minecraft:wheat_seeds":396,"minecraft:raw_gold":35,"minecraft:diamond_helmet":1,"minecraft:glowstone_dust":33,"minecraft:oak_planks":74,"aquaculture:gar":1,"orcz:blue_orcshroom":1,"minecraft:lily_of_the_valley":4,"travelersbackpack:white_sleeping_bag":11,"stalwart_dungeons:spore_vaporizer":3,"minecraft:diamond":21,"bloomingnature:swamp_oak_log":31,"minecraft:soul_lantern":1,"minecraft:granite":33,"minecraft:golden_apple":1,"minecraft:bread":2,"alexsmobs:maggot":1,"minecraft:netherrack":88,"minecraft:crafting_table":10,"travelersbackpack:hay":1,"minecraft:azure_bluet":5,"minecraft:nether_wart":57,"minecraft:chest_minecart":1,"minecraft:brown_mushroom":1,"minecraft:wooden_pickaxe":1,"minecraft:cornflower":6,"minecraft:iron_axe":2,"minecraft:item_frame":2,"minecraft:blackstone":3,"minecraft:cyan_carpet":1,"minecraft:poppy":16,"minecraft:sugar_cane":237,"minecraft:raw_iron":115,"ecologics:coconut_slice":8,"minecraft:copper_ingot":1,"minecraft:note_block":1,"orcz:orchorn":1,"minecraft:cookie":1,"minecraft:carrot":35,"minecraft:redstone":41,"minecraft:mangrove_trapdoor":1,"minecraft:tnt":1,"minecraft:arrow":13,"minecraft:beetroot_seeds":3,"minecraft:pumpkin_pie":1,"minecraft:nether_bricks":8,"minecraft:hay_block":7,"aquaculture:carp":1,"minecraft:gold_ingot":4,"minecraft:glow_berries":5,"minecraft:mutton":5,"minecraft:white_wool":3,"minecraft:rail":39,"minecraft:oxeye_daisy":13,"minecraft:stripped_oak_log":6,"minecraft:golden_carrot":2,"bloomingnature:swamp_oak_planks":8,"minecraft:red_mushroom":1,"enemyexpansion:headbiter_helmet":1,"minecraft:oak_log":74,"minecraft:waxed_copper_block":1,"minecraft:nether_wart_block":2,"minecraft:gunpowder":6,"bloomingnature:swamp_oak_door":4,"minecraft:kelp":1684,"minecraft:iron_ingot":5,"minecraft:cooked_chicken":2,"bloomingnature:chestnut_sapling":1,"minecraft:glass_bottle":1,"stalwart_dungeons:transient_block_close":9,"minecraft:book":19,"minecraft:cracked_nether_bricks":3,"minecraft:quartz":12,"minecraft:dandelion":6,"minecraft:gravel":33,"orcz:orcamanita":1,"minecraft:blast_furnace":2,"minecraft:crying_obsidian":1,"minecraft:spider_eye":1,"alexsmobs:raw_catfish":3,"minecraft:dried_kelp_block":24,"minecraft:iron_helmet":1,"minecraft:baked_potato":126,"tombstone:magic_scroll":1,"minecraft:coal":117},"minecraft:custom":{"minecraft:interact_with_crafting_table":124,"minecraft:open_barrel":22,"minecraft:eat_cake_slice":10,"minecraft:leave_game":13,"minecraft:time_since_death":1405,"minecraft:damage_resisted":74,"minecraft:sprint_one_cm":890694,"minecraft:damage_blocked_by_shield":3870,"minecraft:drop":83,"minecraft:play_noteblock":1,"minecraft:play_time":368137,"minecraft:deaths":14,"minecraft:jump":8684,"minecraft:walk_on_water_one_cm":147853,"minecraft:interact_with_furnace":490,"minecraft:sleep_in_bed":12,"minecraft:damage_dealt":13557,"minecraft:player_kills":4,"minecraft:crouch_one_cm":65843,"tombstone:undead_killed":37,"minecraft:interact_with_smoker":49,"minecraft:horse_one_cm":196,"minecraft:mob_kills":75,"minecraft:walk_one_cm":932808,"minecraft:sneak_time":19603,"minecraft:walk_under_water_one_cm":85411,"minecraft:interact_with_blast_furnace":12,"minecraft:total_world_time":368137,"spartanshields:shield_bash_hits":6,"minecraft:tune_noteblock":73,"minecraft:time_since_rest":1,"minecraft:damage_taken":7313,"minecraft:swim_one_cm":319350,"minecraft:fly_one_cm":1426572,"minecraft:open_chest":274,"minecraft:fall_one_cm":159787},"minecraft:dropped":{"stalwart_dungeons:spore_vaporizer":3,"bloomingnature:fan_palm_planks":12,"minecraft:glass_bottle":2,"minecraft:diamond":9,"paraglider:spirit_orb":4,"minecraft:item_frame":1,"minecraft:dirt":75,"minecraft:cornflower":2,"minecraft:gravel":12,"minecraft:waxed_cut_copper_stairs":1,"bloomingnature:swamp_oak_planks":8,"minecraft:wheat":2,"minecraft:beetroot":1,"minecraft:rotten_flesh":3,"minecraft:oak_planks":10,"minecraft:beehive":2,"minecraft:poppy":3,"minecraft:birch_trapdoor":9,"ecologics:coconut_husk":3,"minecraft:birch_door":6,"minecraft:red_nether_bricks":2,"minecraft:arrow":4,"minecraft:cracked_nether_bricks":3,"minecraft:netherrack":7,"minecraft:enchanted_book":2,"minecraft:iron_ingot":17,"minecraft:wheat_seeds":14,"minecraft:book":1,"minecraft:granite":26,"minecraft:oxeye_daisy":3,"minecraft:diorite":39,"minecraft:torch":17,"tombstone:grave_dust":2,"minecraft:stonecutter":1,"minecraft:redstone":2,"minecraft:tuff":22,"minecraft:raw_iron":1,"minecraft:lily_of_the_valley":2,"minecraft:andesite":13,"minecraft:wooden_pickaxe":1,"orcz:orchorn":1}},"DataVersion":3465}