{"stats":{"minecraft:dropped":{"stalwart_dungeons:spore_vaporizer":3,"bloomingnature:fan_palm_planks":12,"minecraft:baked_potato":46,"minecraft:glass_bottle":2,"minecraft:diamond":9,"mcdw:pick_diamond_pickaxe_var":1,"minecraft:item_frame":1,"paraglider:spirit_orb":4,"minecraft:dirt":75,"minecraft:cornflower":2,"minecraft:iron_pickaxe":1,"minecraft:gravel":12,"minecraft:waxed_cut_copper_stairs":1,"minecraft:spyglass":1,"bloomingnature:swamp_oak_planks":8,"minecraft:wheat":2,"minecraft:beetroot":1,"minecraft:rotten_flesh":3,"minecraft:oak_planks":40,"minecraft:beehive":2,"minecraft:poppy":3,"minecraft:birch_trapdoor":9,"ecologics:coconut_husk":3,"minecraft:birch_door":6,"minecraft:red_nether_bricks":2,"minecraft:arrow":4,"minecraft:cracked_nether_bricks":3,"minecraft:netherrack":7,"minecraft:enchanted_book":2,"minecraft:iron_ingot":17,"minecraft:wheat_seeds":17,"minecraft:book":1,"minecraft:granite":26,"minecraft:oxeye_daisy":3,"minecraft:diorite":39,"minecraft:torch":17,"tombstone:grave_key":1,"tombstone:grave_dust":3,"travelersbackpack:spider":1,"minecraft:potion":4,"minecraft:stonecutter":1,"minecraft:string":38,"minecraft:redstone":2,"minecraft:kelp":7,"minecraft:tuff":22,"minecraft:raw_iron":1,"minecraft:lily_of_the_valley":2,"minecraft:diamond_pickaxe":1,"minecraft:andesite":13,"minecraft:wooden_pickaxe":1,"orcz:orchorn":1},"minecraft:picked_up":{"minecraft:wheat":247,"minecraft:birch_door":6,"minecraft:iron_chestplate":1,"minecraft:potion":6,"minecraft:enchanted_book":1,"minecraft:nether_brick":11,"bloomingnature:fan_palm_log":3,"minecraft:brewing_stand":1,"minecraft:amethyst_block":34,"minecraft:polished_deepslate":1,"minecraft:string":3,"minecraft:raw_copper":25,"alexsmobs:ancient_dart":2,"minecraft:red_nether_bricks":6,"minecraft:iron_leggings":1,"minecraft:experience_bottle":1,"minecraft:zombie_head":1,"biomesoplenty:brimstone":4,"minecraft:gold_nugget":60,"minecraft:cobbled_deepslate":1002,"minecraft:rose_bush":3,"minecraft:redstone_torch":2,"minecraft:calcite":91,"farmersdelight:cabbage_seeds":3,"minecraft:furnace":10,"minecraft:iron_boots":1,"biomesoplenty:rose_quartz_block":1,"minecraft:beehive":4,"minecraft:birch_trapdoor":9,"minecraft:torch":124,"minecraft:porkchop":5,"minecraft:dried_kelp":1,"minecraft:lightning_rod":2,"tombstone:grave_dust":8,"minecraft:diorite":53,"minecraft:waxed_cut_copper_stairs":1,"minecraft:rotten_flesh":33,"minecraft:honey_bottle":1,"mcdw:pick_diamond_pickaxe_var":1,"biomesoplenty:rose_quartz_chunk":6,"farmersdelight:rope":7,"minecraft:bookshelf":3,"minecraft:waxed_cut_copper":3,"minecraft:blaze_rod":39,"minecraft:obsidian":14,"alexsmobs:flying_fish":1,"minecraft:cobblestone":395,"minecraft:magma_block":11,"minecraft:lilac":4,"farmersdelight:rice":3,"minecraft:andesite":60,"minecraft:potato":500,"paraglider:spirit_orb":6,"minecraft:flint":6,"minecraft:tuff":163,"alexsmobs:cooked_kangaroo_meat":1,"minecraft:lapis_lazuli":83,"minecraft:dirt":592,"minecraft:bone":15,"bloomingnature:bluebell":4,"minecraft:stonecutter":1,"biomesoplenty:brimstone_bricks":1,"minecraft:bow":3,"minecraft:wheat_seeds":818,"minecraft:raw_gold":161,"minecraft:cobbled_deepslate_slab":1,"minecraft:diamond_helmet":1,"minecraft:glowstone_dust":33,"minecraft:oak_planks":120,"aquaculture:gar":1,"minecraft:poisonous_potato":3,"minecraft:sand":16,"orcz:blue_orcshroom":1,"minecraft:ink_sac":1,"minecraft:lily_of_the_valley":4,"travelersbackpack:white_sleeping_bag":12,"stalwart_dungeons:spore_vaporizer":3,"minecraft:diamond":64,"bloomingnature:swamp_oak_log":45,"minecraft:soul_lantern":1,"minecraft:granite":56,"minecraft:golden_apple":1,"minecraft:bread":2,"alexsmobs:maggot":1,"minecraft:oak_sapling":1,"minecraft:netherrack":127,"minecraft:diamond_pickaxe":1,"minecraft:crafting_table":10,"minecraft:azure_bluet":5,"travelersbackpack:hay":2,"minecraft:nether_wart":57,"minecraft:chest_minecart":1,"minecraft:brown_mushroom":1,"minecraft:wooden_pickaxe":1,"minecraft:cornflower":6,"minecraft:iron_axe":2,"minecraft:item_frame":2,"minecraft:blackstone":3,"minecraft:cyan_carpet":1,"minecraft:poppy":16,"minecraft:sugar_cane":608,"minecraft:raw_iron":197,"ecologics:coconut_slice":8,"minecraft:copper_ingot":1,"minecraft:note_block":1,"orcz:orchorn":1,"minecraft:cookie":1,"minecraft:carrot":125,"minecraft:redstone":226,"minecraft:mangrove_trapdoor":1,"minecraft:tnt":1,"minecraft:arrow":20,"minecraft:beetroot_seeds":3,"minecraft:pumpkin_pie":1,"minecraft:nether_bricks":12,"minecraft:hay_block":7,"aquaculture:carp":1,"minecraft:gold_ingot":4,"minecraft:glow_berries":5,"minecraft:mutton":5,"minecraft:rail":39,"minecraft:white_wool":3,"minecraft:oxeye_daisy":13,"minecraft:stripped_oak_log":18,"minecraft:golden_carrot":2,"bloomingnature:swamp_oak_planks":12,"minecraft:red_mushroom":1,"enemyexpansion:headbiter_helmet":1,"bloomingnature:genisteae":1,"minecraft:oak_log":135,"minecraft:waxed_copper_block":1,"minecraft:nether_wart_block":2,"minecraft:gunpowder":12,"minecraft:white_banner":1,"bloomingnature:swamp_oak_door":4,"minecraft:kelp":4161,"minecraft:iron_ingot":5,"minecraft:cooked_chicken":2,"bloomingnature:chestnut_sapling":1,"minecraft:glass_bottle":1,"minecraft:book":56,"stalwart_dungeons:transient_block_close":9,"minecraft:smooth_basalt":30,"minecraft:pumpkin":9,"minecraft:cracked_nether_bricks":3,"minecraft:quartz":12,"minecraft:dandelion":6,"minecraft:gravel":35,"minecraft:amethyst_shard":6,"orcz:orcamanita":1,"minecraft:blast_furnace":2,"minecraft:crying_obsidian":1,"minecraft:spider_eye":1,"alexsmobs:raw_catfish":3,"minecraft:dried_kelp_block":24,"minecraft:iron_helmet":1,"minecraft:baked_potato":126,"tombstone:magic_scroll":2,"minecraft:coal":229},"minecraft:mined":{"stalwart_dungeons:spore_vaporizer":4,"orcz:orcamanita":1,"minecraft:sculk_vein":47,"minecraft:red_nether_bricks":7,"biomesoplenty:brimstone":4,"minecraft:brewing_stand":1,"minecraft:obsidian":14,"minecraft:granite":55,"minecraft:grass_block":385,"biomesoplenty:rose_quartz_block":1,"bloomingnature:genisteae":1,"minecraft:oxeye_daisy":13,"minecraft:nether_wart":24,"minecraft:spawner":3,"biomesoplenty:blackstone_bulb":2,"minecraft:tall_seagrass":41,"minecraft:magma_block":11,"minecraft:glowstone":14,"minecraft:sculk_catalyst":3,"minecraft:iron_ore":67,"minecraft:cobbled_deepslate":12,"minecraft:fire":34,"minecraft:pumpkin":9,"minecraft:deepslate_lapis_ore":9,"minecraft:azure_bluet":2,"minecraft:sculk_shrieker":1,"minecraft:dirt_path":1,"minecraft:small_amethyst_bud":2,"minecraft:waxed_cut_copper_stairs":2,"minecraft:waxed_cut_copper":3,"minecraft:deepslate_redstone_ore":42,"minecraft:brown_mushroom":1,"minecraft:blackstone":3,"minecraft:kelp_plant":968,"minecraft:medium_amethyst_bud":1,"stalwart_dungeons:transient_block_close":7,"minecraft:amethyst_cluster":2,"minecraft:soul_lantern":1,"biomesoplenty:brimstone_fumarole":1,"minecraft:torch":11,"minecraft:note_block":1,"bloomingnature:fan_palm_leaves":1,"bloomingnature:swamp_oak_door":2,"minecraft:blast_furnace":1,"minecraft:calcite":92,"minecraft:poppy":10,"minecraft:nether_quartz_ore":18,"minecraft:cobblestone":13,"minecraft:oak_planks":11,"minecraft:sugar_cane":348,"minecraft:wall_torch":12,"minecraft:amethyst_block":35,"minecraft:seagrass":49,"minecraft:nether_wart_block":2,"minecraft:wheat":253,"minecraft:birch_trapdoor":12,"minecraft:lilac":4,"biomesoplenty:large_rose_quartz_bud":3,"minecraft:waxed_copper_block":1,"minecraft:birch_door":6,"minecraft:tnt":1,"minecraft:grass":1116,"orcz:blue_orcshroom":1,"minecraft:oak_log":141,"minecraft:dirt":162,"minecraft:sand":16,"minecraft:smooth_basalt":24,"minecraft:stonecutter":1,"minecraft:netherrack":167,"minecraft:oak_leaves":12,"minecraft:deepslate":974,"minecraft:nether_gold_ore":10,"minecraft:crying_obsidian":1,"minecraft:tuff":155,"minecraft:deepslate_diamond_ore":31,"minecraft:nether_bricks":17,"minecraft:cobbled_deepslate_slab":1,"travelersbackpack:white_sleeping_bag":12,"minecraft:mangrove_trapdoor":1,"minecraft:kelp":226,"minecraft:red_mushroom":1,"minecraft:cracked_nether_bricks":2,"minecraft:large_fern":76,"minecraft:hay_block":7,"minecraft:furnace":10,"minecraft:carrots":21,"minecraft:andesite":56,"minecraft:polished_deepslate":1,"minecraft:bookshelf":6,"minecraft:potatoes":164,"minecraft:deepslate_iron_ore":74,"biomesoplenty:brimstone_bud":8,"minecraft:rail":25,"minecraft:stripped_oak_log":18,"bloomingnature:bluebell":2,"minecraft:stone":373,"biomesoplenty:rose_quartz_cluster":3,"minecraft:cake":1,"minecraft:lily_of_the_valley":5,"bloomingnature:swamp_oak_planks":4,"minecraft:dandelion":3,"minecraft:crafting_table":10,"minecraft:cornflower":8,"minecraft:rose_bush":3,"minecraft:sculk_sensor":1,"minecraft:lightning_rod":2,"minecraft:copper_ore":2,"minecraft:tall_grass":419,"minecraft:lapis_ore":2,"minecraft:deepslate_gold_ore":78,"minecraft:sculk":580,"minecraft:diorite":54,"biomesoplenty:brimstone_bricks":1,"minecraft:birch_planks":1,"bloomingnature:swamp_oak_log":45,"minecraft:beehive":2,"minecraft:redstone_torch":2,"bloomingnature:fan_palm_log":3,"minecraft:coal_ore":151,"minecraft:cyan_carpet":1,"minecraft:gravel":38,"minecraft:fern":48},"minecraft:used":{"orcz:orcteeth_tool_shovel":27,"minecraft:iron_shovel":497,"minecraft:polished_deepslate":33,"bloomingnature:swamp_oak_door":3,"minecraft:diamond_hoe":630,"minecraft:chest":9,"minecraft:shield":122,"minecraft:rotten_flesh":6,"minecraft:iron_chestplate":1,"travelersbackpack:hay":8,"minecraft:nether_bricks":3,"minecraft:carrot":48,"minecraft:tuff":43,"minecraft:beehive":2,"minecraft:obsidian":12,"minecraft:lava_bucket":3,"biomesoplenty:brimstone_bricks":1,"minecraft:quartz_block":1,"minecraft:iron_helmet":1,"minecraft:bow":19,"minecraft:furnace":27,"bloomingnature:swamp_oak_planks":101,"minecraft:potato":194,"minecraft:diorite":11,"minecraft:oak_planks":110,"minecraft:stone_pickaxe":131,"minecraft:wooden_pickaxe":7,"minecraft:sugar_cane":44,"stalwart_dungeons:transient_block_close":3,"minecraft:diamond_axe":176,"bloomingnature:swamp_oak_log":5,"minecraft:cookie":1,"minecraft:blast_furnace":2,"minecraft:redstone_torch":26,"orcz:orcteeth_tool_sword":160,"minecraft:bread":34,"tombstone:grave_key":4,"minecraft:gravel":23,"ecologics:coconut_slice":8,"minecraft:nether_wart_block":2,"minecraft:andesite":3,"minecraft:air":1,"minecraft:bone_meal":51,"bloomingnature:genisteae":1,"minecraft:oak_trapdoor":2,"minecraft:flint_and_steel":8,"mcdw:pick_diamond_pickaxe_var":52,"minecraft:dried_kelp":4,"minecraft:netherrack":81,"minecraft:torch":456,"minecraft:brewing_stand":4,"minecraft:dirt":130,"minecraft:spyglass":64,"alexsmobs:cooked_kangaroo_meat":1,"minecraft:iron_hoe":171,"minecraft:chipped_anvil":1,"minecraft:bookshelf":2,"minecraft:iron_axe":244,"minecraft:iron_boots":2,"minecraft:smooth_basalt":6,"biomesoplenty:rose_quartz_block":2,"tombstone:gift":8,"minecraft:cobbled_deepslate":154,"minecraft:iron_leggings":1,"minecraft:calcite":16,"minecraft:wheat_seeds":361,"minecraft:cooked_mutton":5,"minecraft:water_bucket":36,"minecraft:baked_potato":82,"minecraft:glass_bottle":18,"minecraft:red_nether_bricks":4,"minecraft:brown_mushroom":1,"spartanshields:iron_tower_shield":25,"minecraft:rail":1,"minecraft:crafting_table":19,"minecraft:oak_log":17,"bloomingnature:bluebell":1,"minecraft:diamond_pickaxe":1380,"minecraft:iron_pickaxe":1151,"travelersbackpack:white_sleeping_bag":12,"tombstone:magic_scroll":7,"mcdw:sword_iron_sword_var":101,"minecraft:stone_axe":110,"minecraft:cobblestone":141,"minecraft:potion":6,"minecraft:cobbled_deepslate_slab":1,"minecraft:cooked_porkchop":5,"minecraft:bucket":70,"minecraft:kelp":206},"minecraft:killed":{"enemyexpansion:equestrian":2,"minecraft:spider":4,"aquaculture:gar":1,"minecraft:skeleton":15,"minecraft:silverfish":5,"aquaculture:carp":1,"minecraft:piglin":2,"minecraft:pig":2,"stalwart_dungeons:giddy_blaze":2,"minecraft:creeper":3,"minecraft:sheep":3,"minecraft:pillager":3,"minecraft:zombie":22,"alexsmobs:terrapin":1,"enemyexpansion:botfly":5,"alexsmobs:fly":1,"enemyexpansion:vampbiter":1,"enemyexpansion:direwolf":7,"enemyexpansion:goblin_fear":1,"stalwart_dungeons:nether_wart_cocoon":3,"enemyexpansion:goblin":1,"alexsmobs:flying_fish":1,"enemyexpansion:sprinter":5,"alexsmobs:catfish":1,"enemyexpansion:huntsman":1,"alexsmobs:crow":1,"minecraft:player":4,"enemyexpansion:slugger":2},"minecraft:killed_by":{"minecraft:wither_skeleton":1,"enemyexpansion:invisicreeper":2,"minecraft:player":4,"enemyexpansion:equestrian":1,"stalwart_dungeons:giddy_blaze":6,"minecraft:skeleton":1},"minecraft:broken":{"minecraft:iron_boots":1,"minecraft:stone_pickaxe":1,"minecraft:stone_axe":1,"minecraft:shield":1,"minecraft:iron_axe":1,"orcz:orcteeth_tool_sword":1,"minecraft:iron_pickaxe":4},"minecraft:crafted":{"minecraft:oak_planks":368,"minecraft:blaze_powder":2,"bloomingnature:swamp_oak_door":3,"biomesoplenty:rose_quartz_block":1,"minecraft:bookshelf":1,"minecraft:cooked_mutton":5,"minecraft:quartz_block":1,"minecraft:glass":16,"minecraft:bow":2,"minecraft:iron_boots":3,"tombstone:grave_key":2,"minecraft:chest":9,"minecraft:dried_kelp_block":269,"minecraft:glass_bottle":15,"minecraft:cooked_porkchop":5,"minecraft:diamond_axe":1,"minecraft:crafting_table":12,"minecraft:iron_helmet":1,"spartanshields:iron_tower_shield":1,"minecraft:wooden_pickaxe":1,"minecraft:baked_potato":615,"bloomingnature:swamp_oak_planks":124,"minecraft:copper_ingot":3,"bloomingnature:fan_palm_planks":12,"minecraft:brewing_stand":3,"minecraft:iron_chestplate":2,"minecraft:book":1,"minecraft:paper":3,"minecraft:diamond_pickaxe":1,"minecraft:shield":2,"minecraft:stick":176,"minecraft:iron_ingot":150,"minecraft:iron_pickaxe":7,"minecraft:gold_ingot":9,"minecraft:redstone_torch":24,"minecraft:golden_carrot":1,"minecraft:cobbled_deepslate_slab":6,"minecraft:diamond_hoe":1,"minecraft:furnace":18,"minecraft:bone_meal":51,"minecraft:oak_trapdoor":2,"minecraft:flint_and_steel":1,"travelersbackpack:white_sleeping_bag":1,"minecraft:polished_deepslate":32,"minecraft:iron_axe":1,"minecraft:iron_hoe":1,"minecraft:stone_pickaxe":1,"minecraft:wheat":63,"minecraft:dried_kelp":2502,"biomesoplenty:brimstone_bricks":4,"minecraft:bucket":2,"minecraft:stone_axe":1,"minecraft:bread":90,"minecraft:air":0,"minecraft:golden_apple":1,"minecraft:iron_shovel":2,"minecraft:iron_leggings":3,"minecraft:torch":388},"minecraft:custom":{"minecraft:interact_with_crafting_table":158,"minecraft:open_barrel":25,"minecraft:eat_cake_slice":10,"minecraft:leave_game":17,"minecraft:time_since_death":6927,"minecraft:damage_resisted":74,"minecraft:sprint_one_cm":1380799,"minecraft:damage_blocked_by_shield":5480,"minecraft:drop":107,"minecraft:play_noteblock":1,"minecraft:play_time":567739,"minecraft:deaths":19,"minecraft:jump":11883,"minecraft:interact_with_brewingstand":18,"minecraft:walk_on_water_one_cm":201546,"minecraft:enchant_item":2,"minecraft:interact_with_furnace":536,"minecraft:sleep_in_bed":17,"minecraft:waystone_activated":2,"tombstone:sneak_grave":1,"minecraft:damage_dealt":18422,"minecraft:player_kills":4,"minecraft:crouch_one_cm":125419,"tombstone:undead_killed":48,"minecraft:interact_with_smoker":228,"minecraft:horse_one_cm":21097,"minecraft:interact_with_smithing_table":2,"minecraft:interact_with_anvil":1,"minecraft:mob_kills":108,"minecraft:walk_one_cm":1326512,"minecraft:sneak_time":36110,"minecraft:walk_under_water_one_cm":103775,"minecraft:boat_one_cm":86940,"minecraft:interact_with_blast_furnace":20,"minecraft:total_world_time":567739,"spartanshields:shield_bash_hits":11,"tombstone:raider_killed":3,"minecraft:tune_noteblock":73,"minecraft:time_since_rest":6460,"minecraft:damage_taken":9939,"minecraft:swim_one_cm":481961,"minecraft:fly_one_cm":1965714,"minecraft:open_chest":615,"minecraft:fall_one_cm":239099}},"DataVersion":3465}