{"stats":{"minecraft:broken":{"minecraft:stone_pickaxe":1,"minecraft:shield":1,"minecraft:iron_axe":1,"minecraft:stone_axe":1,"minecraft:iron_pickaxe":4},"minecraft:custom":{"minecraft:mob_kills":63,"minecraft:interact_with_crafting_table":97,"minecraft:open_barrel":22,"minecraft:eat_cake_slice":10,"minecraft:leave_game":9,"minecraft:time_since_death":6335,"minecraft:damage_resisted":4,"minecraft:sprint_one_cm":647345,"minecraft:walk_one_cm":757912,"minecraft:damage_blocked_by_shield":3870,"minecraft:drop":79,"minecraft:play_noteblock":1,"minecraft:play_time":258226,"minecraft:sneak_time":8886,"minecraft:deaths":6,"minecraft:walk_under_water_one_cm":36048,"minecraft:jump":6261,"minecraft:interact_with_blast_furnace":9,"minecraft:walk_on_water_one_cm":81042,"minecraft:total_world_time":258226,"minecraft:interact_with_furnace":322,"spartanshields:shield_bash_hits":6,"minecraft:tune_noteblock":73,"minecraft:sleep_in_bed":7,"minecraft:time_since_rest":3936,"minecraft:damage_taken":4359,"minecraft:damage_dealt":11557,"minecraft:player_kills":4,"minecraft:swim_one_cm":141236,"minecraft:fly_one_cm":894080,"minecraft:crouch_one_cm":31921,"minecraft:open_chest":138,"tombstone:undead_killed":36,"minecraft:interact_with_smoker":2,"minecraft:fall_one_cm":93019,"minecraft:horse_one_cm":196},"minecraft:mined":{"minecraft:tuff":62,"orcz:orcamanita":1,"minecraft:deepslate_diamond_ore":10,"minecraft:brewing_stand":1,"minecraft:obsidian":14,"minecraft:granite":32,"minecraft:grass_block":239,"travelersbackpack:white_sleeping_bag":11,"minecraft:mangrove_trapdoor":1,"minecraft:kelp":17,"minecraft:oxeye_daisy":12,"minecraft:spawner":3,"minecraft:large_fern":54,"minecraft:hay_block":7,"minecraft:tall_seagrass":28,"minecraft:furnace":8,"minecraft:carrots":6,"minecraft:iron_ore":67,"minecraft:cobbled_deepslate":9,"minecraft:andesite":27,"minecraft:deepslate_lapis_ore":9,"minecraft:azure_bluet":2,"minecraft:polished_deepslate":1,"minecraft:bookshelf":6,"minecraft:potatoes":18,"minecraft:deepslate_iron_ore":41,"minecraft:rail":25,"minecraft:stripped_oak_log":6,"minecraft:stone":287,"minecraft:waxed_cut_copper_stairs":2,"minecraft:cake":1,"minecraft:waxed_cut_copper":3,"minecraft:deepslate_redstone_ore":10,"minecraft:kelp_plant":108,"minecraft:lily_of_the_valley":4,"minecraft:dandelion":3,"minecraft:soul_lantern":1,"minecraft:cornflower":7,"minecraft:crafting_table":10,"minecraft:torch":10,"minecraft:note_block":1,"bloomingnature:fan_palm_leaves":1,"bloomingnature:swamp_oak_door":1,"minecraft:blast_furnace":1,"minecraft:poppy":8,"minecraft:rose_bush":3,"minecraft:lightning_rod":2,"minecraft:tall_grass":363,"minecraft:cobblestone":7,"minecraft:deepslate_gold_ore":35,"minecraft:lapis_ore":2,"minecraft:oak_planks":11,"minecraft:sugar_cane":31,"minecraft:diorite":50,"minecraft:wall_torch":11,"minecraft:seagrass":35,"minecraft:birch_planks":1,"bloomingnature:swamp_oak_log":22,"minecraft:redstone_torch":2,"minecraft:beehive":2,"minecraft:wheat":50,"minecraft:birch_trapdoor":12,"minecraft:lilac":4,"minecraft:waxed_copper_block":1,"minecraft:birch_door":6,"minecraft:tnt":1,"orcz:blue_orcshroom":1,"minecraft:grass":976,"bloomingnature:fan_palm_log":3,"minecraft:coal_ore":100,"minecraft:oak_log":75,"minecraft:cyan_carpet":1,"minecraft:gravel":31,"minecraft:dirt":34,"minecraft:stonecutter":1,"minecraft:deepslate":404,"minecraft:fern":31},"minecraft:used":{"minecraft:iron_shovel":239,"minecraft:polished_deepslate":33,"bloomingnature:swamp_oak_door":2,"minecraft:dried_kelp":4,"minecraft:chest":4,"minecraft:shield":122,"minecraft:rotten_flesh":6,"minecraft:iron_chestplate":1,"minecraft:torch":446,"minecraft:dirt":83,"travelersbackpack:hay":1,"alexsmobs:cooked_kangaroo_meat":1,"minecraft:carrot":29,"minecraft:tuff":14,"minecraft:beehive":2,"minecraft:iron_hoe":171,"minecraft:lava_bucket":2,"minecraft:iron_axe":244,"minecraft:iron_helmet":1,"minecraft:iron_boots":1,"minecraft:furnace":18,"tombstone:gift":6,"minecraft:potato":54,"bloomingnature:swamp_oak_planks":18,"minecraft:cobbled_deepslate":74,"minecraft:iron_leggings":1,"minecraft:wheat_seeds":154,"minecraft:cooked_mutton":5,"minecraft:water_bucket":16,"minecraft:diorite":7,"minecraft:baked_potato":17,"minecraft:stone_pickaxe":131,"minecraft:oak_planks":89,"minecraft:sugar_cane":10,"minecraft:wooden_pickaxe":7,"minecraft:cookie":1,"minecraft:crafting_table":16,"minecraft:blast_furnace":2,"minecraft:redstone_torch":26,"minecraft:oak_log":17,"orcz:orcteeth_tool_sword":147,"minecraft:diamond_pickaxe":88,"minecraft:iron_pickaxe":1030,"minecraft:bread":34,"travelersbackpack:white_sleeping_bag":11,"tombstone:magic_scroll":7,"minecraft:gravel":10,"minecraft:stone_axe":110,"ecologics:coconut_slice":8,"minecraft:potion":1,"minecraft:cobblestone":91,"minecraft:cooked_porkchop":5,"minecraft:bucket":23,"minecraft:kelp":65,"minecraft:bone_meal":42},"minecraft:picked_up":{"minecraft:iron_chestplate":1,"minecraft:birch_door":6,"minecraft:crafting_table":10,"minecraft:wheat":45,"travelersbackpack:hay":1,"minecraft:azure_bluet":3,"minecraft:chest_minecart":1,"minecraft:wooden_pickaxe":1,"minecraft:potion":1,"minecraft:enchanted_book":1,"minecraft:brewing_stand":1,"bloomingnature:fan_palm_log":3,"minecraft:cornflower":6,"minecraft:polished_deepslate":1,"minecraft:string":1,"alexsmobs:ancient_dart":2,"minecraft:iron_axe":2,"minecraft:iron_leggings":1,"minecraft:item_frame":2,"minecraft:experience_bottle":1,"minecraft:cyan_carpet":1,"minecraft:cobbled_deepslate":414,"minecraft:redstone_torch":2,"minecraft:rose_bush":2,"minecraft:poppy":12,"minecraft:sugar_cane":30,"farmersdelight:cabbage_seeds":3,"minecraft:iron_boots":1,"minecraft:furnace":8,"minecraft:raw_iron":115,"minecraft:beehive":4,"ecologics:coconut_slice":8,"minecraft:birch_trapdoor":9,"minecraft:copper_ingot":1,"minecraft:torch":84,"minecraft:note_block":1,"minecraft:porkchop":5,"minecraft:dried_kelp":1,"minecraft:lightning_rod":2,"orcz:orchorn":1,"minecraft:cookie":1,"tombstone:grave_dust":7,"minecraft:diorite":49,"minecraft:carrot":17,"minecraft:redstone":41,"minecraft:mangrove_trapdoor":1,"minecraft:waxed_cut_copper_stairs":1,"minecraft:tnt":1,"minecraft:arrow":13,"minecraft:honey_bottle":1,"minecraft:rotten_flesh":23,"minecraft:beetroot_seeds":3,"minecraft:pumpkin_pie":1,"minecraft:hay_block":7,"farmersdelight:rope":7,"minecraft:obsidian":14,"minecraft:waxed_cut_copper":3,"minecraft:glow_berries":5,"minecraft:mutton":5,"minecraft:rail":39,"minecraft:white_wool":3,"minecraft:cobblestone":301,"minecraft:oxeye_daisy":12,"minecraft:stripped_oak_log":6,"minecraft:lilac":4,"farmersdelight:rice":3,"minecraft:andesite":32,"enemyexpansion:headbiter_helmet":1,"bloomingnature:swamp_oak_planks":8,"minecraft:potato":56,"paraglider:spirit_orb":6,"minecraft:flint":2,"minecraft:tuff":66,"minecraft:oak_log":73,"minecraft:waxed_copper_block":1,"alexsmobs:cooked_kangaroo_meat":1,"minecraft:gunpowder":6,"minecraft:lapis_lazuli":83,"minecraft:dirt":320,"bloomingnature:swamp_oak_door":3,"minecraft:bone":13,"minecraft:kelp":436,"minecraft:bow":2,"minecraft:stonecutter":1,"minecraft:wheat_seeds":257,"minecraft:raw_gold":35,"minecraft:iron_ingot":1,"minecraft:cooked_chicken":2,"bloomingnature:chestnut_sapling":1,"minecraft:diamond_helmet":1,"minecraft:glass_bottle":1,"minecraft:oak_planks":74,"minecraft:book":19,"orcz:blue_orcshroom":1,"minecraft:dandelion":2,"minecraft:gravel":33,"orcz:orcamanita":1,"minecraft:blast_furnace":2,"minecraft:lily_of_the_valley":2,"minecraft:spider_eye":1,"travelersbackpack:white_sleeping_bag":11,"minecraft:dried_kelp_block":24,"minecraft:diamond":21,"bloomingnature:swamp_oak_log":22,"minecraft:soul_lantern":1,"minecraft:iron_helmet":1,"minecraft:granite":33,"minecraft:golden_apple":1,"minecraft:bread":2,"minecraft:baked_potato":111,"tombstone:magic_scroll":1,"minecraft:coal":117},"minecraft:killed":{"enemyexpansion:vampbiter":1,"enemyexpansion:equestrian":2,"minecraft:spider":2,"enemyexpansion:direwolf":5,"enemyexpansion:goblin_fear":1,"minecraft:skeleton":9,"enemyexpansion:goblin":1,"minecraft:pig":2,"enemyexpansion:sprinter":5,"minecraft:creeper":2,"minecraft:sheep":3,"minecraft:zombie":16,"enemyexpansion:botfly":5,"enemyexpansion:huntsman":1,"alexsmobs:crow":1,"minecraft:player":4,"enemyexpansion:slugger":2},"minecraft:killed_by":{"minecraft:player":3,"enemyexpansion:equestrian":1,"enemyexpansion:invisicreeper":1},"minecraft:dropped":{"minecraft:enchanted_book":2,"minecraft:iron_ingot":17,"minecraft:wheat_seeds":14,"bloomingnature:fan_palm_planks":12,"minecraft:glass_bottle":2,"minecraft:diamond":9,"minecraft:book":1,"minecraft:granite":26,"paraglider:spirit_orb":4,"minecraft:item_frame":1,"minecraft:oxeye_daisy":3,"minecraft:dirt":75,"minecraft:torch":17,"minecraft:diorite":39,"minecraft:cornflower":2,"tombstone:grave_dust":2,"minecraft:stonecutter":1,"minecraft:redstone":2,"minecraft:gravel":12,"minecraft:waxed_cut_copper_stairs":1,"bloomingnature:swamp_oak_planks":8,"minecraft:tuff":22,"minecraft:wheat":2,"minecraft:raw_iron":1,"minecraft:beetroot":1,"minecraft:rotten_flesh":3,"minecraft:oak_planks":10,"minecraft:beehive":2,"minecraft:lily_of_the_valley":2,"minecraft:poppy":3,"minecraft:birch_trapdoor":9,"minecraft:andesite":13,"ecologics:coconut_husk":3,"minecraft:birch_door":6,"minecraft:arrow":4,"minecraft:wooden_pickaxe":1,"orcz:orchorn":1},"minecraft:crafted":{"minecraft:oak_planks":248,"bloomingnature:swamp_oak_door":3,"minecraft:furnace":10,"minecraft:bone_meal":42,"minecraft:bookshelf":1,"minecraft:cooked_mutton":5,"travelersbackpack:white_sleeping_bag":1,"minecraft:iron_boots":2,"minecraft:polished_deepslate":32,"minecraft:iron_axe":1,"minecraft:iron_hoe":1,"minecraft:stone_pickaxe":1,"minecraft:chest":4,"minecraft:dried_kelp_block":47,"minecraft:wheat":63,"minecraft:cooked_porkchop":5,"minecraft:crafting_table":9,"minecraft:iron_helmet":1,"minecraft:dried_kelp":463,"minecraft:wooden_pickaxe":1,"minecraft:baked_potato":3,"bloomingnature:swamp_oak_planks":88,"minecraft:copper_ingot":3,"minecraft:bucket":2,"bloomingnature:fan_palm_planks":12,"minecraft:stone_axe":1,"minecraft:bread":38,"minecraft:air":0,"minecraft:iron_chestplate":2,"minecraft:book":1,"minecraft:paper":3,"minecraft:diamond_pickaxe":1,"minecraft:golden_apple":1,"minecraft:shield":2,"minecraft:stick":164,"minecraft:iron_ingot":98,"minecraft:iron_pickaxe":5,"minecraft:iron_shovel":2,"minecraft:iron_leggings":2,"minecraft:gold_ingot":8,"minecraft:redstone_torch":24,"minecraft:torch":388}},"DataVersion":3465}