{"stats":{"minecraft:dropped":{"minecraft:diamond":4,"minecraft:cobblestone":40,"bloomingnature:chestnut_planks":14,"spartanshields:stone_tower_shield":1,"bloomingnature:chestnut_sapling":1,"minecraft:tripwire_hook":1},"minecraft:picked_up":{"minecraft:stripped_oak_log":1,"minecraft:birch_log":9,"minecraft:wheat":3,"minecraft:iron_chestplate":1,"ecologics:walnut":1,"minecraft:tripwire_hook":1,"minecraft:andesite":21,"minecraft:leather":1,"minecraft:flint":4,"minecraft:tuff":3,"minecraft:gunpowder":5,"minecraft:lapis_lazuli":4,"minecraft:polished_deepslate":1,"minecraft:string":4,"minecraft:dirt":37,"minecraft:raw_copper":17,"minecraft:iron_shovel":1,"spartanshields:stone_tower_shield":2,"minecraft:bone":2,"minecraft:wheat_seeds":10,"minecraft:cobbled_deepslate":25,"minecraft:beef":2,"bloomingnature:chestnut_sapling":3,"aquaculture:minnow":2,"bloomingnature:chestnut_planks":3,"minecraft:stick":1,"minecraft:raw_iron":40,"minecraft:torch":2,"aquaculture:driftwood":1,"minecraft:porkchop":7,"aquaculture:perch":1,"minecraft:gravel":55,"minecraft:diorite":51,"minecraft:redstone":2,"aquaculture:fish_fillet_cooked":3,"minecraft:arrow":1,"bloomingnature:chestnut_log":9,"minecraft:rotten_flesh":6,"minecraft:stone_shovel":1,"minecraft:diamond":4,"aquaculture:algae":1,"minecraft:beetroot_seeds":2,"minecraft:pumpkin_pie":2,"minecraft:granite":26,"aquaculture:carp":2,"minecraft:cod":2,"minecraft:coal":31,"minecraft:skeleton_skull":1,"minecraft:cobblestone":398,"biomesoplenty:lavender":2},"minecraft:killed":{"minecraft:pig":3,"enemyexpansion:direwolf":1,"minecraft:skeleton":1,"minecraft:zombie":1,"enemyexpansion:silverqueen":1,"minecraft:silverfish":3,"minecraft:cow":2},"minecraft:killed_by":{"minecraft:skeleton":1,"minecraft:zombie":2,"enemyexpansion:invisicreeper":3},"minecraft:custom":{"minecraft:interact_with_furnace":8,"spartanshields:shield_bash_hits":4,"minecraft:mob_kills":17,"minecraft:interact_with_crafting_table":23,"minecraft:tune_noteblock":1,"minecraft:open_barrel":4,"minecraft:eat_cake_slice":4,"minecraft:time_since_death":21334,"minecraft:sleep_in_bed":1,"minecraft:time_since_rest":20899,"minecraft:sprint_one_cm":164498,"minecraft:damage_taken":2318,"minecraft:walk_one_cm":286729,"minecraft:damage_blocked_by_shield":1040,"minecraft:drop":6,"minecraft:damage_dealt":2305,"minecraft:play_noteblock":8,"minecraft:swim_one_cm":17987,"minecraft:fly_one_cm":183078,"minecraft:open_chest":10,"minecraft:crouch_one_cm":1348,"tombstone:undead_killed":2,"minecraft:play_time":95908,"minecraft:deaths":7,"minecraft:sneak_time":1880,"minecraft:walk_under_water_one_cm":26930,"minecraft:jump":1505,"minecraft:interact_with_blast_furnace":14,"minecraft:walk_on_water_one_cm":13384,"minecraft:total_world_time":95908,"minecraft:fish_caught":5,"minecraft:fall_one_cm":29146},"minecraft:mined":{"bloomingnature:chestnut_log":6,"minecraft:granite":30,"minecraft:grass_block":12,"bloomingnature:chestnut_leaves":1,"minecraft:cobblestone":1,"minecraft:tall_grass":11,"minecraft:copper_ore":4,"minecraft:diorite":51,"minecraft:wall_torch":1,"minecraft:birch_log":9,"minecraft:iron_ore":7,"minecraft:wheat":3,"minecraft:cobbled_deepslate":1,"biomesoplenty:lavender":2,"minecraft:andesite":27,"minecraft:birch_leaves":5,"minecraft:deepslate_lapis_ore":1,"minecraft:grass":16,"bloomingnature:chestnut_planks":2,"minecraft:coal_ore":32,"minecraft:deepslate_iron_ore":34,"minecraft:gravel":56,"minecraft:dirt":25,"minecraft:cobweb":8,"minecraft:tripwire_hook":1,"minecraft:stone":364,"minecraft:deepslate":12},"minecraft:used":{"minecraft:wheat_seeds":9,"minecraft:diorite":2,"minecraft:polished_deepslate":1,"minecraft:stone_shovel":45,"minecraft:stone_pickaxe":551,"minecraft:wooden_pickaxe":15,"minecraft:iron_sword":63,"minecraft:rotten_flesh":6,"minecraft:torch":25,"minecraft:dirt":26,"variantvanillablocks:birch_crafting_table":2,"spartanshields:stone_tower_shield":25,"minecraft:iron_pickaxe":19,"minecraft:fishing_rod":8,"minecraft:gravel":2,"minecraft:stone_axe":26,"minecraft:cobblestone":19,"minecraft:furnace":2,"minecraft:cooked_cod":2,"tombstone:gift":1,"minecraft:pumpkin_pie":2,"alexsmobs:animal_dictionary":1,"aquaculture:fish_fillet_cooked":3,"farmersdelight:tomato_seeds":3},"minecraft:broken":{"minecraft:stone_pickaxe":3},"minecraft:crafted":{"minecraft:cooked_cod":2,"bloomingnature:chestnut_planks":36,"minecraft:cobblestone_slab":6,"minecraft:stone_shovel":1,"minecraft:fishing_rod":1,"minecraft:iron_helmet":1,"minecraft:wooden_pickaxe":1,"minecraft:iron_sword":1,"minecraft:furnace":2,"minecraft:birch_planks":36,"minecraft:stone_axe":1,"minecraft:bread":1,"minecraft:iron_boots":1,"minecraft:iron_axe":1,"minecraft:stick":52,"minecraft:iron_ingot":41,"minecraft:iron_pickaxe":1,"minecraft:stone_pickaxe":6,"minecraft:wooden_axe":1,"minecraft:iron_leggings":1,"variantvanillablocks:birch_crafting_table":2,"minecraft:torch":28}},"DataVersion":3465}