{"stats":{"minecraft:broken":{"minecraft:wooden_shovel":1,"minecraft:iron_boots":1,"minecraft:stone_pickaxe":6,"minecraft:stone_shovel":1,"minecraft:iron_pickaxe":2,"minecraft:iron_helmet":1},"minecraft:custom":{"minecraft:interact_with_crafting_table":84,"minecraft:open_barrel":18,"minecraft:eat_cake_slice":4,"minecraft:leave_game":12,"minecraft:time_since_death":39590,"minecraft:sprint_one_cm":598151,"minecraft:damage_blocked_by_shield":2310,"minecraft:drop":47,"minecraft:play_noteblock":8,"minecraft:play_time":367326,"minecraft:deaths":23,"minecraft:jump":5615,"minecraft:walk_on_water_one_cm":69926,"minecraft:interact_with_furnace":68,"minecraft:interact_with_cartography_table":4,"minecraft:interact_with_loom":4,"minecraft:sleep_in_bed":13,"minecraft:damage_dealt":12996,"minecraft:crouch_one_cm":3144,"tombstone:undead_killed":22,"minecraft:mob_kills":66,"minecraft:damage_dealt_resisted":232,"minecraft:walk_one_cm":1309668,"minecraft:sneak_time":3261,"minecraft:walk_under_water_one_cm":56315,"minecraft:interact_with_blast_furnace":26,"minecraft:total_world_time":367326,"spartanshields:shield_bash_hits":15,"minecraft:tune_noteblock":2,"minecraft:time_since_rest":24153,"minecraft:damage_taken":8921,"minecraft:swim_one_cm":113987,"minecraft:fly_one_cm":783039,"minecraft:open_chest":116,"minecraft:fish_caught":5,"minecraft:fall_one_cm":119357},"minecraft:mined":{"minecraft:spruce_planks":1,"orcz:orcamanita":3,"minecraft:red_nether_bricks":1,"minecraft:granite":53,"minecraft:grass_block":169,"minecraft:jungle_log":1,"bloomingnature:chestnut_leaves":1,"minecraft:spawner":1,"minecraft:tall_seagrass":3,"minecraft:iron_ore":40,"minecraft:cobbled_deepslate":1,"biomesoplenty:lavender":2,"minecraft:deepslate_lapis_ore":1,"minecraft:nether_brick_stairs":1,"minecraft:player_head":2,"bloomingnature:chestnut_log":6,"minecraft:red_bed":1,"minecraft:jungle_stairs":2,"minecraft:calcite":2,"minecraft:nether_brick_slab":1,"minecraft:cobblestone":12,"minecraft:oak_planks":12,"minecraft:wall_torch":2,"minecraft:birch_log":65,"orcz:orcagaric":2,"minecraft:wheat":22,"minecraft:lilac":3,"minecraft:grass":87,"orcz:blue_orcshroom":1,"minecraft:oak_log":20,"minecraft:sand":63,"minecraft:dirt":124,"minecraft:tripwire_hook":1,"minecraft:oak_leaves":7,"minecraft:deepslate":14,"alexscaves:spelunkery_table":1,"minecraft:ladder":2,"minecraft:jungle_planks":9,"minecraft:cartography_table":2,"minecraft:large_fern":11,"minecraft:furnace":5,"minecraft:andesite":32,"orcz:orcshroom":3,"bloomingnature:chestnut_planks":23,"minecraft:deepslate_iron_ore":35,"minecraft:cobblestone_slab":24,"minecraft:stone":887,"minecraft:glass_pane":11,"minecraft:red_wool":5,"bloomingnature:swamp_oak_planks":21,"minecraft:lily_of_the_valley":1,"minecraft:stone_brick_slab":2,"orcz:orcskull":1,"minecraft:oak_fence":1,"minecraft:crafting_table":1,"bloomingnature:foxglove_white":1,"minecraft:tall_grass":49,"minecraft:copper_ore":8,"minecraft:lapis_ore":9,"minecraft:deepslate_gold_ore":5,"minecraft:diorite":358,"minecraft:birch_planks":5,"bloomingnature:swamp_oak_log":25,"minecraft:birch_leaves":60,"minecraft:coal_ore":35,"minecraft:gravel":57,"minecraft:cobweb":8,"ecologics:walnut_planks":2,"minecraft:stone_bricks":40,"minecraft:fern":3},"minecraft:used":{"mcdw:sword_claymore":10,"bloomingnature:swamp_oak_door":2,"minecraft:iron_shovel":121,"minecraft:polished_deepslate":13,"minecraft:chest":2,"minecraft:iron_sword":131,"minecraft:rotten_flesh":10,"minecraft:polished_deepslate_stairs":4,"farmersdelight:tomato":2,"minecraft:stone_bricks":22,"ecologics:walnut_planks":2,"minecraft:furnace":8,"minecraft:cooked_cod":15,"bloomingnature:swamp_oak_planks":66,"aquaculture:fish_fillet_cooked":3,"minecraft:diorite":2,"mcdw:sword_broadsword":223,"minecraft:stone_pickaxe":1058,"minecraft:oak_planks":2,"minecraft:wooden_pickaxe":43,"spartanshields:stone_tower_shield":42,"minecraft:cyan_bed":1,"minecraft:bread":6,"minecraft:gravel":3,"ecologics:coconut_slice":10,"minecraft:oak_fence":1,"minecraft:stone_shovel":171,"ecologics:walnut_door":1,"minecraft:wooden_shovel":59,"minecraft:cooked_salmon":6,"minecraft:torch":29,"minecraft:dirt":442,"minecraft:stone_brick_slab":164,"alexsmobs:maggot":1,"minecraft:iron_axe":199,"alexscaves:spelunkery_table":1,"tombstone:gift":5,"minecraft:stone_pressure_plate":2,"farmersdelight:tomato_seeds":3,"minecraft:wheat_seeds":43,"spartanshields:wooden_basic_shield":9,"minecraft:baked_potato":2,"minecraft:cartography_table":2,"minecraft:cobblestone_slab":22,"minecraft:oak_slab":3,"minecraft:crafting_table":3,"minecraft:red_bed":2,"variantvanillablocks:birch_crafting_table":2,"minecraft:iron_pickaxe":502,"bloomingnature:chestnut_planks":35,"minecraft:stone_axe":88,"minecraft:fishing_rod":8,"minecraft:cobblestone":116,"minecraft:glass_pane":13,"minecraft:pumpkin_pie":5,"alexsmobs:animal_dictionary":1},"minecraft:picked_up":{"minecraft:iron_chestplate":1,"minecraft:wheat":30,"minecraft:potion":1,"minecraft:polished_deepslate":2,"minecraft:string":7,"minecraft:raw_copper":34,"minecraft:red_nether_bricks":1,"minecraft:cobbled_deepslate":28,"minecraft:spruce_planks":1,"minecraft:cobblestone_slab":22,"minecraft:calcite":2,"bloomingnature:chestnut_planks":54,"minecraft:furnace":5,"ecologics:crab_claw":1,"minecraft:stick":7,"orcz:orcskull":2,"minecraft:oak_fence":1,"minecraft:torch":4,"minecraft:porkchop":11,"orcz:squigs_claws":1,"tombstone:grave_dust":1,"minecraft:diorite":345,"aquaculture:fish_fillet_cooked":3,"bloomingnature:chestnut_log":9,"minecraft:rotten_flesh":13,"minecraft:honey_bottle":1,"aquaculture:algae":1,"minecraft:tropical_fish":2,"orcz:orcshroom":4,"minecraft:cod":18,"minecraft:cobblestone":937,"biomesoplenty:lavender":2,"minecraft:birch_log":65,"ecologics:walnut_planks":3,"ecologics:walnut":1,"orcz:orcteeth":65,"minecraft:water_bucket":2,"minecraft:andesite":26,"minecraft:jungle_log":1,"minecraft:potato":1,"paraglider:spirit_orb":2,"minecraft:flint":4,"minecraft:tuff":3,"minecraft:lapis_lazuli":56,"farmersdelight:tomato":2,"minecraft:dirt":304,"minecraft:bone":4,"minecraft:bow":1,"minecraft:wheat_seeds":90,"orcz:orcteeth_tool_sword":1,"minecraft:raw_gold":5,"minecraft:oak_planks":14,"orcz:orcagaric":3,"minecraft:jungle_planks":6,"minecraft:sand":65,"minecraft:nether_brick_stairs":1,"minecraft:cyan_bed":1,"minecraft:grass_block":1,"minecraft:lily_of_the_valley":1,"minecraft:diamond":4,"bloomingnature:swamp_oak_log":25,"minecraft:granite":48,"minecraft:golden_apple":1,"alexsmobs:maggot":1,"minecraft:crafting_table":1,"minecraft:ladder":2,"minecraft:red_bed":1,"spartanshields:stone_tower_shield":2,"minecraft:iron_shovel":1,"minecraft:cartography_table":2,"minecraft:beef":2,"minecraft:player_head":2,"minecraft:birch_sapling":6,"minecraft:raw_iron":74,"ecologics:coconut_slice":10,"aquaculture:driftwood":1,"aquaculture:perch":1,"minecraft:redstone":2,"minecraft:arrow":3,"minecraft:stone_shovel":1,"minecraft:beetroot_seeds":2,"minecraft:pumpkin_pie":2,"alexscaves:spelunkery_table":1,"aquaculture:carp":2,"minecraft:mutton":1,"minecraft:skeleton_skull":1,"minecraft:white_wool":1,"minecraft:stripped_oak_log":7,"minecraft:tripwire_hook":1,"minecraft:salmon":15,"minecraft:leather":1,"bloomingnature:swamp_oak_planks":23,"minecraft:birch_planks":3,"minecraft:oak_log":18,"minecraft:gunpowder":17,"bloomingnature:swamp_oak_door":2,"bloomingnature:foxglove_white":1,"minecraft:stone_bricks":39,"minecraft:iron_ingot":6,"bloomingnature:chestnut_sapling":3,"aquaculture:minnow":2,"minecraft:stone_brick_slab":2,"minecraft:red_wool":5,"minecraft:gravel":56,"orcz:orcamanita":2,"minecraft:nether_brick_slab":1,"minecraft:spider_eye":2,"mcdw:sword_broadsword":1,"minecraft:slime_ball":6,"minecraft:baked_potato":2,"minecraft:coal":40},"minecraft:killed":{"minecraft:spider":4,"minecraft:skeleton":2,"ecologics:coconut_crab":1,"minecraft:silverfish":3,"alexsmobs:centipede_head":1,"orcz:squig":1,"minecraft:pig":5,"orcz:goblinsavagemace":2,"minecraft:creeper":3,"minecraft:sheep":1,"minecraft:zombie":16,"enemyexpansion:vampire":1,"enemyexpansion:botfly":1,"orcz:snot":1,"orcz:orcshield":3,"minecraft:cow":2,"alexsmobs:tasmanian_devil":1,"minecraft:slime":1,"enemyexpansion:direwolf":3,"enemyexpansion:silverqueen":1,"orcz:orcsavagemace":2,"enemyexpansion:huntsman":1,"minecraft:enderman":1,"enemyexpansion:slugger":2},"minecraft:killed_by":{"minecraft:wither_skeleton":1,"minecraft:creeper":1,"enemyexpansion:slugger":1,"orcz:goblinsavagemace":1,"minecraft:zombie":3,"enemyexpansion:invisicreeper":3,"orcz:weirdboinecro":1,"minecraft:enderman":3,"enemyexpansion:equestrian":1,"alexsmobs:centipede_head":1,"minecraft:skeleton":3,"enemyexpansion:direwolf":1},"minecraft:dropped":{"minecraft:birch_planks":224,"mcdw:sword_broadsword":1,"minecraft:diamond":4,"minecraft:leather":1,"minecraft:jungle_planks":6,"minecraft:dirt":65,"spartanshields:stone_tower_shield":1,"bloomingnature:chestnut_sapling":1,"minecraft:cooked_cod":3,"minecraft:sand":5,"aquaculture:perch":1,"aquaculture:algae":1,"minecraft:beetroot_seeds":2,"minecraft:jungle_log":1,"minecraft:water_bucket":1,"minecraft:wheat_seeds":2,"minecraft:cobblestone":41,"minecraft:tropical_fish":2,"bloomingnature:chestnut_planks":44,"minecraft:torch":6,"minecraft:cooked_salmon":3,"minecraft:tripwire_hook":1,"minecraft:polished_deepslate":1,"orcz:orcteeth_tool_sword":5,"minecraft:spruce_planks":1,"minecraft:stone_bricks":4,"minecraft:stone_pickaxe":1},"minecraft:crafted":{"minecraft:oak_planks":96,"minecraft:cobblestone_slab":42,"minecraft:stone":72,"spartanshields:iron_basic_shield":1,"minecraft:glass":8,"minecraft:stone_brick_slab":162,"minecraft:iron_boots":2,"minecraft:stone_pressure_plate":2,"minecraft:chest":2,"minecraft:stone_bricks":68,"minecraft:wooden_shovel":1,"minecraft:crafting_table":2,"minecraft:iron_helmet":1,"minecraft:wooden_pickaxe":2,"bloomingnature:swamp_oak_planks":100,"minecraft:birch_planks":260,"minecraft:stick":120,"minecraft:iron_ingot":73,"minecraft:iron_pickaxe":2,"minecraft:iron_block":1,"minecraft:stone_sword":1,"spartanshields:wooden_basic_shield":1,"mcdw:sword_claymore":1,"bloomingnature:chestnut_planks":52,"minecraft:stone_shovel":1,"minecraft:fishing_rod":1,"orcz:orcteeth_tool_sword":4,"minecraft:polished_deepslate_stairs":4,"minecraft:furnace":3,"minecraft:glass_pane":16,"minecraft:iron_axe":1,"minecraft:stone_pickaxe":12,"mcdw:sword_broadsword":1,"variantvanillablocks:birch_crafting_table":2,"minecraft:cooked_cod":18,"minecraft:iron_sword":2,"minecraft:red_bed":1,"minecraft:cooked_salmon":11,"minecraft:stone_axe":1,"minecraft:bread":10,"minecraft:wooden_axe":1,"minecraft:iron_shovel":1,"minecraft:iron_leggings":1,"minecraft:torch":36}},"DataVersion":3465}