{"stats":{"minecraft:broken":{"minecraft:stone_pickaxe":3,"minecraft:stone_shovel":1},"minecraft:custom":{"minecraft:mob_kills":53,"minecraft:interact_with_crafting_table":47,"minecraft:open_barrel":18,"minecraft:damage_dealt_resisted":61,"minecraft:eat_cake_slice":4,"minecraft:leave_game":12,"minecraft:time_since_death":14024,"minecraft:sprint_one_cm":522674,"minecraft:walk_one_cm":887568,"minecraft:damage_blocked_by_shield":1860,"minecraft:drop":34,"minecraft:play_noteblock":8,"minecraft:play_time":264661,"minecraft:sneak_time":2993,"minecraft:deaths":18,"minecraft:walk_under_water_one_cm":51716,"minecraft:jump":4640,"minecraft:interact_with_blast_furnace":18,"minecraft:walk_on_water_one_cm":61660,"minecraft:total_world_time":264661,"minecraft:interact_with_furnace":32,"spartanshields:shield_bash_hits":14,"minecraft:interact_with_cartography_table":4,"minecraft:tune_noteblock":2,"minecraft:interact_with_loom":3,"minecraft:sleep_in_bed":10,"minecraft:time_since_rest":8049,"minecraft:damage_taken":7498,"minecraft:damage_dealt":9857,"minecraft:swim_one_cm":113663,"minecraft:fly_one_cm":704493,"minecraft:open_chest":94,"minecraft:crouch_one_cm":2636,"tombstone:undead_killed":17,"minecraft:fish_caught":5,"minecraft:fall_one_cm":100263},"minecraft:mined":{"minecraft:spruce_planks":1,"minecraft:red_nether_bricks":1,"minecraft:ladder":2,"minecraft:granite":30,"minecraft:grass_block":74,"minecraft:jungle_planks":9,"minecraft:jungle_log":1,"bloomingnature:chestnut_leaves":1,"minecraft:cartography_table":1,"minecraft:spawner":1,"minecraft:large_fern":8,"minecraft:iron_ore":7,"minecraft:cobbled_deepslate":1,"biomesoplenty:lavender":2,"minecraft:andesite":27,"minecraft:deepslate_lapis_ore":1,"minecraft:nether_brick_stairs":1,"bloomingnature:chestnut_planks":15,"minecraft:cobblestone_slab":7,"minecraft:deepslate_iron_ore":35,"minecraft:stone":395,"minecraft:player_head":2,"minecraft:glass_pane":9,"bloomingnature:chestnut_log":6,"minecraft:red_wool":5,"bloomingnature:swamp_oak_planks":12,"minecraft:oak_fence":1,"minecraft:crafting_table":1,"minecraft:jungle_stairs":2,"minecraft:calcite":2,"minecraft:nether_brick_slab":1,"minecraft:copper_ore":4,"minecraft:tall_grass":26,"minecraft:cobblestone":1,"minecraft:deepslate_gold_ore":5,"minecraft:oak_planks":12,"minecraft:diorite":51,"minecraft:wall_torch":1,"bloomingnature:swamp_oak_log":20,"minecraft:birch_log":65,"minecraft:wheat":3,"minecraft:lilac":3,"minecraft:birch_leaves":60,"minecraft:grass":69,"minecraft:oak_log":6,"minecraft:coal_ore":35,"minecraft:gravel":56,"minecraft:sand":25,"minecraft:dirt":89,"minecraft:cobweb":8,"minecraft:tripwire_hook":1,"minecraft:oak_leaves":6,"minecraft:deepslate":14,"minecraft:fern":3},"minecraft:picked_up":{"minecraft:crafting_table":1,"minecraft:iron_chestplate":1,"minecraft:wheat":3,"minecraft:ladder":2,"minecraft:potion":1,"minecraft:polished_deepslate":2,"minecraft:string":7,"minecraft:raw_copper":17,"minecraft:red_nether_bricks":1,"spartanshields:stone_tower_shield":2,"minecraft:iron_shovel":1,"minecraft:cartography_table":1,"minecraft:cobbled_deepslate":28,"minecraft:spruce_planks":1,"minecraft:beef":2,"minecraft:cobblestone_slab":5,"minecraft:player_head":2,"minecraft:calcite":2,"bloomingnature:chestnut_planks":33,"minecraft:birch_sapling":6,"ecologics:crab_claw":1,"minecraft:stick":7,"minecraft:raw_iron":41,"ecologics:coconut_slice":10,"minecraft:oak_fence":1,"minecraft:torch":2,"aquaculture:driftwood":1,"aquaculture:perch":1,"minecraft:porkchop":11,"orcz:squigs_claws":1,"tombstone:grave_dust":1,"minecraft:diorite":51,"minecraft:redstone":2,"bloomingnature:chestnut_log":9,"aquaculture:fish_fillet_cooked":3,"minecraft:stone_shovel":1,"minecraft:arrow":1,"minecraft:honey_bottle":1,"minecraft:rotten_flesh":10,"aquaculture:algae":1,"minecraft:tropical_fish":2,"minecraft:beetroot_seeds":2,"minecraft:pumpkin_pie":2,"aquaculture:carp":2,"minecraft:mutton":1,"minecraft:cod":18,"minecraft:skeleton_skull":1,"minecraft:white_wool":1,"minecraft:cobblestone":430,"minecraft:stripped_oak_log":7,"biomesoplenty:lavender":2,"minecraft:birch_log":65,"ecologics:walnut_planks":1,"ecologics:walnut":1,"orcz:orcteeth":48,"minecraft:andesite":21,"minecraft:water_bucket":2,"minecraft:tripwire_hook":1,"minecraft:salmon":15,"minecraft:jungle_log":1,"minecraft:leather":1,"bloomingnature:swamp_oak_planks":15,"minecraft:potato":1,"paraglider:spirit_orb":2,"minecraft:flint":4,"minecraft:tuff":3,"minecraft:oak_log":6,"minecraft:gunpowder":16,"minecraft:lapis_lazuli":4,"farmersdelight:tomato":2,"minecraft:dirt":177,"minecraft:bone":4,"minecraft:wheat_seeds":24,"minecraft:raw_gold":5,"minecraft:iron_ingot":6,"bloomingnature:chestnut_sapling":3,"aquaculture:minnow":2,"minecraft:oak_planks":13,"minecraft:red_wool":5,"orcz:orcagaric":1,"minecraft:gravel":55,"minecraft:sand":27,"minecraft:jungle_planks":6,"minecraft:nether_brick_stairs":1,"minecraft:nether_brick_slab":1,"minecraft:cyan_bed":1,"minecraft:lily_of_the_valley":1,"minecraft:spider_eye":2,"mcdw:sword_broadsword":1,"minecraft:slime_ball":6,"minecraft:diamond":4,"bloomingnature:swamp_oak_log":20,"minecraft:granite":26,"minecraft:golden_apple":1,"minecraft:baked_potato":2,"minecraft:coal":34},"minecraft:used":{"minecraft:oak_fence":1,"minecraft:polished_deepslate":1,"minecraft:stone_shovel":171,"ecologics:walnut_door":1,"minecraft:chest":2,"minecraft:iron_sword":131,"minecraft:wooden_shovel":17,"minecraft:cooked_salmon":6,"minecraft:rotten_flesh":9,"minecraft:torch":26,"minecraft:dirt":430,"farmersdelight:tomato":2,"minecraft:iron_axe":140,"minecraft:furnace":3,"minecraft:cooked_cod":15,"tombstone:gift":3,"bloomingnature:swamp_oak_planks":65,"aquaculture:fish_fillet_cooked":3,"farmersdelight:tomato_seeds":3,"minecraft:wheat_seeds":9,"minecraft:diorite":2,"mcdw:sword_broadsword":130,"spartanshields:wooden_basic_shield":2,"minecraft:baked_potato":2,"minecraft:stone_pickaxe":554,"minecraft:oak_planks":2,"minecraft:cartography_table":1,"minecraft:wooden_pickaxe":43,"minecraft:cobblestone_slab":22,"minecraft:oak_slab":3,"minecraft:crafting_table":2,"minecraft:red_bed":1,"variantvanillablocks:birch_crafting_table":2,"spartanshields:stone_tower_shield":42,"minecraft:bread":1,"minecraft:cyan_bed":1,"minecraft:iron_pickaxe":44,"bloomingnature:chestnut_planks":22,"minecraft:gravel":2,"ecologics:coconut_slice":10,"minecraft:stone_axe":88,"minecraft:fishing_rod":8,"minecraft:cobblestone":27,"minecraft:glass_pane":13,"minecraft:pumpkin_pie":5,"alexsmobs:animal_dictionary":1},"minecraft:killed":{"minecraft:spider":4,"enemyexpansion:direwolf":3,"minecraft:slime":1,"minecraft:skeleton":1,"enemyexpansion:silverqueen":1,"ecologics:coconut_crab":1,"minecraft:silverfish":3,"orcz:squig":1,"alexsmobs:centipede_head":1,"orcz:orcsavagemace":1,"minecraft:pig":5,"orcz:goblinsavagemace":1,"minecraft:creeper":3,"minecraft:sheep":1,"minecraft:zombie":13,"enemyexpansion:vampire":1,"enemyexpansion:huntsman":1,"enemyexpansion:botfly":1,"minecraft:cow":2,"enemyexpansion:slugger":1},"minecraft:killed_by":{"minecraft:wither_skeleton":1,"minecraft:creeper":1,"orcz:weirdboinecro":1,"minecraft:enderman":1,"enemyexpansion:slugger":1,"alexsmobs:centipede_head":1,"minecraft:skeleton":3,"minecraft:zombie":3,"enemyexpansion:direwolf":1,"enemyexpansion:invisicreeper":3},"minecraft:dropped":{"minecraft:water_bucket":1,"minecraft:wheat_seeds":2,"mcdw:sword_broadsword":1,"minecraft:diamond":4,"minecraft:cobblestone":41,"minecraft:leather":1,"minecraft:jungle_planks":6,"minecraft:tropical_fish":2,"bloomingnature:chestnut_planks":44,"spartanshields:stone_tower_shield":1,"minecraft:dirt":65,"minecraft:torch":1,"bloomingnature:chestnut_sapling":1,"minecraft:cooked_cod":3,"minecraft:cooked_salmon":3,"minecraft:sand":5,"minecraft:tripwire_hook":1,"minecraft:polished_deepslate":1,"aquaculture:perch":1,"orcz:orcteeth_tool_sword":3,"aquaculture:algae":1,"minecraft:spruce_planks":1,"minecraft:beetroot_seeds":2,"minecraft:jungle_log":1},"minecraft:crafted":{"bloomingnature:chestnut_planks":52,"minecraft:oak_planks":48,"minecraft:cobblestone_slab":42,"minecraft:stone_shovel":1,"minecraft:fishing_rod":1,"orcz:orcteeth_tool_sword":3,"minecraft:furnace":3,"minecraft:glass_pane":16,"minecraft:glass":8,"minecraft:iron_boots":1,"minecraft:iron_axe":1,"minecraft:stone_pickaxe":8,"minecraft:chest":2,"mcdw:sword_broadsword":1,"variantvanillablocks:birch_crafting_table":2,"minecraft:cooked_cod":18,"minecraft:wooden_shovel":1,"minecraft:crafting_table":1,"minecraft:iron_helmet":1,"minecraft:wooden_pickaxe":2,"minecraft:iron_sword":2,"bloomingnature:swamp_oak_planks":80,"minecraft:red_bed":1,"minecraft:cooked_salmon":11,"minecraft:birch_planks":36,"minecraft:stone_axe":1,"minecraft:bread":1,"minecraft:stick":76,"minecraft:iron_ingot":42,"minecraft:iron_pickaxe":1,"minecraft:wooden_axe":1,"minecraft:stone_sword":1,"minecraft:iron_leggings":1,"spartanshields:wooden_basic_shield":1,"minecraft:torch":36}},"DataVersion":3465}