{"stats":{"minecraft:picked_up":{"minecraft:stick":1,"minecraft:raw_iron":6,"ecologics:walnut":1,"minecraft:tripwire_hook":1,"minecraft:andesite":1,"minecraft:torch":1,"minecraft:gravel":53,"minecraft:flint":4,"minecraft:diorite":18,"minecraft:dirt":11,"bloomingnature:chestnut_log":9,"minecraft:stone_shovel":1,"minecraft:pumpkin_pie":2,"minecraft:granite":5,"bloomingnature:chestnut_sapling":3,"bloomingnature:chestnut_planks":1,"minecraft:coal":16,"minecraft:cobblestone":233},"minecraft:dropped":{"bloomingnature:chestnut_planks":14,"bloomingnature:chestnut_sapling":1,"minecraft:cobblestone":40,"minecraft:tripwire_hook":1},"minecraft:custom":{"minecraft:time_since_rest":284,"minecraft:sprint_one_cm":42720,"minecraft:walk_one_cm":68946,"minecraft:damage_taken":392,"minecraft:drop":4,"minecraft:play_noteblock":8,"minecraft:swim_one_cm":2272,"minecraft:interact_with_crafting_table":9,"minecraft:tune_noteblock":1,"minecraft:fly_one_cm":42420,"minecraft:crouch_one_cm":61,"minecraft:play_time":23908,"minecraft:deaths":1,"minecraft:sneak_time":227,"minecraft:walk_under_water_one_cm":14808,"minecraft:jump":324,"minecraft:eat_cake_slice":4,"minecraft:walk_on_water_one_cm":2517,"minecraft:time_since_death":2096,"minecraft:total_world_time":23908,"minecraft:fall_one_cm":5995},"minecraft:used":{"minecraft:stone_shovel":40,"minecraft:stone_pickaxe":245,"minecraft:wooden_pickaxe":15,"minecraft:torch":7,"minecraft:dirt":4,"minecraft:pumpkin_pie":2,"alexsmobs:animal_dictionary":1},"minecraft:mined":{"bloomingnature:chestnut_log":6,"minecraft:iron_ore":6,"minecraft:andesite":1,"minecraft:granite":5,"minecraft:grass":1,"minecraft:grass_block":2,"minecraft:coal_ore":16,"bloomingnature:chestnut_leaves":1,"minecraft:gravel":56,"minecraft:dirt":8,"minecraft:tall_grass":2,"minecraft:tripwire_hook":1,"minecraft:stone":196,"minecraft:diorite":18,"minecraft:wall_torch":1},"minecraft:broken":{"minecraft:stone_pickaxe":1},"minecraft:crafted":{"bloomingnature:chestnut_planks":36,"minecraft:stick":32,"minecraft:wooden_pickaxe":1,"minecraft:stone_pickaxe":4,"minecraft:wooden_axe":1,"minecraft:torch":12}},"DataVersion":3465}