{"stats":{"minecraft:custom":{"minecraft:mob_kills":22,"minecraft:interact_with_crafting_table":23,"minecraft:open_barrel":4,"minecraft:damage_dealt_resisted":61,"minecraft:eat_cake_slice":4,"minecraft:leave_game":2,"minecraft:time_since_death":5282,"minecraft:sprint_one_cm":204415,"minecraft:walk_one_cm":344896,"minecraft:damage_blocked_by_shield":1350,"minecraft:drop":7,"minecraft:play_noteblock":8,"minecraft:play_time":107222,"minecraft:deaths":8,"minecraft:sneak_time":2003,"minecraft:walk_under_water_one_cm":27608,"minecraft:jump":1833,"minecraft:interact_with_blast_furnace":14,"minecraft:walk_on_water_one_cm":14732,"minecraft:total_world_time":107222,"minecraft:interact_with_furnace":8,"spartanshields:shield_bash_hits":11,"minecraft:tune_noteblock":1,"minecraft:sleep_in_bed":1,"minecraft:time_since_rest":3230,"minecraft:damage_taken":2791,"minecraft:damage_dealt":3237,"minecraft:swim_one_cm":24176,"minecraft:fly_one_cm":251349,"minecraft:open_chest":17,"minecraft:crouch_one_cm":1481,"tombstone:undead_killed":2,"minecraft:fish_caught":5,"minecraft:fall_one_cm":35932},"minecraft:picked_up":{"minecraft:iron_chestplate":1,"minecraft:wheat":3,"minecraft:polished_deepslate":1,"minecraft:string":4,"minecraft:raw_copper":17,"spartanshields:stone_tower_shield":2,"minecraft:iron_shovel":1,"minecraft:cobbled_deepslate":25,"minecraft:spruce_planks":1,"minecraft:beef":2,"bloomingnature:chestnut_planks":3,"minecraft:stick":1,"minecraft:raw_iron":40,"ecologics:coconut_slice":8,"minecraft:torch":2,"aquaculture:driftwood":1,"aquaculture:perch":1,"minecraft:porkchop":11,"orcz:squigs_claws":1,"minecraft:diorite":51,"minecraft:redstone":2,"bloomingnature:chestnut_log":9,"aquaculture:fish_fillet_cooked":3,"minecraft:rotten_flesh":6,"minecraft:stone_shovel":1,"minecraft:arrow":1,"aquaculture:algae":1,"minecraft:beetroot_seeds":2,"minecraft:pumpkin_pie":2,"aquaculture:carp":2,"minecraft:mutton":1,"minecraft:cod":2,"minecraft:skeleton_skull":1,"minecraft:white_wool":1,"minecraft:cobblestone":398,"biomesoplenty:lavender":2,"minecraft:stripped_oak_log":1,"minecraft:birch_log":9,"ecologics:walnut":1,"minecraft:tripwire_hook":1,"minecraft:jungle_log":1,"minecraft:andesite":21,"minecraft:leather":1,"minecraft:flint":4,"minecraft:tuff":3,"minecraft:gunpowder":5,"minecraft:lapis_lazuli":4,"minecraft:dirt":37,"minecraft:bone":2,"minecraft:wheat_seeds":10,"bloomingnature:chestnut_sapling":3,"aquaculture:minnow":2,"minecraft:red_wool":5,"minecraft:gravel":55,"minecraft:sand":3,"minecraft:jungle_planks":6,"minecraft:diamond":4,"minecraft:granite":26,"minecraft:coal":31},"minecraft:crafted":{"bloomingnature:chestnut_planks":36,"minecraft:cobblestone_slab":6,"minecraft:stone_shovel":1,"minecraft:fishing_rod":1,"minecraft:furnace":2,"minecraft:iron_boots":1,"minecraft:iron_axe":1,"minecraft:stone_pickaxe":6,"variantvanillablocks:birch_crafting_table":2,"minecraft:cooked_cod":2,"minecraft:wooden_pickaxe":1,"minecraft:iron_helmet":1,"minecraft:iron_sword":1,"minecraft:birch_planks":36,"minecraft:stone_axe":1,"minecraft:bread":1,"minecraft:stick":52,"minecraft:iron_ingot":41,"minecraft:iron_pickaxe":1,"minecraft:wooden_axe":1,"minecraft:iron_leggings":1,"minecraft:torch":28},"minecraft:broken":{"minecraft:stone_pickaxe":3},"minecraft:killed_by":{"orcz:weirdboinecro":1,"minecraft:skeleton":1,"minecraft:zombie":2,"enemyexpansion:invisicreeper":3},"minecraft:mined":{"minecraft:spruce_planks":1,"minecraft:granite":30,"minecraft:grass_block":12,"minecraft:jungle_planks":9,"minecraft:jungle_log":1,"bloomingnature:chestnut_leaves":1,"minecraft:iron_ore":7,"minecraft:cobbled_deepslate":1,"biomesoplenty:lavender":2,"minecraft:andesite":27,"minecraft:deepslate_lapis_ore":1,"bloomingnature:chestnut_planks":2,"minecraft:deepslate_iron_ore":34,"minecraft:stone":364,"bloomingnature:chestnut_log":6,"minecraft:red_wool":5,"minecraft:jungle_stairs":2,"minecraft:tall_grass":11,"minecraft:copper_ore":4,"minecraft:cobblestone":1,"minecraft:diorite":51,"minecraft:wall_torch":1,"minecraft:birch_log":9,"minecraft:wheat":3,"minecraft:lilac":3,"minecraft:birch_leaves":5,"minecraft:grass":18,"minecraft:coal_ore":32,"minecraft:gravel":56,"minecraft:dirt":25,"minecraft:cobweb":8,"minecraft:tripwire_hook":1,"minecraft:oak_leaves":1,"minecraft:deepslate":12},"minecraft:used":{"minecraft:polished_deepslate":1,"minecraft:stone_shovel":45,"minecraft:iron_sword":102,"minecraft:rotten_flesh":6,"minecraft:torch":25,"minecraft:dirt":26,"minecraft:iron_axe":13,"minecraft:furnace":2,"minecraft:cooked_cod":2,"tombstone:gift":1,"aquaculture:fish_fillet_cooked":3,"farmersdelight:tomato_seeds":3,"minecraft:wheat_seeds":9,"minecraft:diorite":2,"minecraft:stone_pickaxe":551,"minecraft:wooden_pickaxe":15,"variantvanillablocks:birch_crafting_table":2,"spartanshields:stone_tower_shield":37,"minecraft:bread":1,"minecraft:iron_pickaxe":19,"minecraft:gravel":2,"minecraft:stone_axe":26,"ecologics:coconut_slice":8,"minecraft:fishing_rod":8,"minecraft:cobblestone":19,"minecraft:pumpkin_pie":2,"alexsmobs:animal_dictionary":1},"minecraft:dropped":{"minecraft:diamond":4,"minecraft:cobblestone":40,"bloomingnature:chestnut_planks":14,"spartanshields:stone_tower_shield":1,"bloomingnature:chestnut_sapling":1,"minecraft:tripwire_hook":1,"minecraft:spruce_planks":1},"minecraft:killed":{"enemyexpansion:direwolf":1,"minecraft:skeleton":1,"enemyexpansion:silverqueen":1,"minecraft:silverfish":3,"orcz:squig":1,"minecraft:pig":5,"orcz:goblinsavagemace":1,"minecraft:sheep":1,"minecraft:zombie":1,"minecraft:cow":2}},"DataVersion":3465}