{"stats":{"minecraft:dropped":{"minecraft:birch_planks":224,"mcdw:sword_broadsword":1,"minecraft:diamond":4,"orcz:orcskull":1,"minecraft:leather":1,"minecraft:jungle_planks":6,"minecraft:dirt":129,"spartanshields:stone_tower_shield":1,"bloomingnature:chestnut_sapling":1,"farmersdelight:safety_net":1,"minecraft:cooked_cod":3,"minecraft:sand":19,"minecraft:stone_axe":1,"aquaculture:perch":1,"minecraft:rotten_flesh":8,"bloomingnature:genisteae":4,"orcz:orcshroom":2,"aquaculture:algae":1,"minecraft:beetroot_seeds":2,"minecraft:jungle_log":1,"bloomingnature:bluebell":1,"minecraft:water_bucket":1,"minecraft:wheat_seeds":28,"minecraft:cobblestone":178,"minecraft:granite":27,"minecraft:tropical_fish":2,"minecraft:coal":29,"bloomingnature:chestnut_planks":44,"minecraft:torch":70,"minecraft:cooked_salmon":3,"minecraft:tripwire_hook":1,"minecraft:stone_brick_slab":2,"minecraft:polished_deepslate":1,"orcz:orcteeth_tool_sword":5,"minecraft:spruce_planks":1,"minecraft:stone_bricks":4,"minecraft:stone_pickaxe":1,"minecraft:magma_block":1},"minecraft:picked_up":{"minecraft:iron_chestplate":1,"minecraft:wheat":30,"minecraft:potion":1,"minecraft:amethyst_block":8,"minecraft:polished_deepslate":2,"minecraft:string":7,"minecraft:raw_copper":82,"minecraft:red_nether_bricks":1,"minecraft:cobbled_deepslate":30,"biomesoplenty:fir_planks":9,"minecraft:spruce_planks":1,"minecraft:cobblestone_slab":22,"minecraft:calcite":11,"bloomingnature:chestnut_planks":55,"minecraft:furnace":5,"ecologics:crab_claw":1,"minecraft:stick":59,"orcz:orcskull":2,"minecraft:oak_fence":1,"minecraft:torch":25,"minecraft:porkchop":40,"orcz:squigs_claws":1,"tombstone:grave_dust":1,"minecraft:diorite":568,"bloomingnature:chestnut_log":16,"aquaculture:fish_fillet_cooked":3,"minecraft:honey_bottle":1,"minecraft:rotten_flesh":18,"aquaculture:algae":1,"minecraft:tropical_fish":2,"orcz:orcshroom":30,"biomesoplenty:fir_slab":10,"minecraft:cod":18,"minecraft:cobblestone":2822,"biomesoplenty:lavender":2,"minecraft:birch_log":65,"ecologics:walnut_planks":3,"minecraft:magma_block":5,"ecologics:walnut":1,"orcz:orcteeth":90,"minecraft:water_bucket":2,"minecraft:andesite":310,"minecraft:jungle_log":1,"farmersdelight:safety_net":1,"minecraft:potato":5,"paraglider:spirit_orb":2,"minecraft:flint":4,"minecraft:tuff":3,"minecraft:lapis_lazuli":73,"farmersdelight:tomato":2,"minecraft:dirt":747,"minecraft:bone":4,"bloomingnature:bluebell":2,"minecraft:bow":1,"minecraft:wheat_seeds":117,"orcz:orcteeth_tool_sword":1,"minecraft:deepslate_brick_slab":1,"minecraft:raw_gold":5,"minecraft:oak_planks":62,"orcz:orcagaric":10,"minecraft:jungle_planks":6,"minecraft:sand":65,"orcz:blue_orcshroom":16,"minecraft:cyan_bed":1,"minecraft:nether_brick_stairs":1,"bloomingnature:goatsbeard":1,"minecraft:grass_block":1,"minecraft:lily_of_the_valley":1,"minecraft:diamond":4,"bloomingnature:swamp_oak_log":52,"minecraft:granite":425,"minecraft:golden_apple":1,"alexsmobs:maggot":1,"minecraft:cocoa_beans":3,"minecraft:crafting_table":3,"minecraft:ladder":2,"minecraft:red_bed":1,"biomesoplenty:jacaranda_fence":1,"spartanshields:stone_tower_shield":2,"minecraft:iron_shovel":1,"minecraft:cartography_table":2,"minecraft:beef":2,"minecraft:player_head":2,"minecraft:birch_sapling":6,"minecraft:raw_iron":85,"ecologics:coconut_slice":10,"aquaculture:driftwood":1,"aquaculture:perch":3,"minecraft:carrot":37,"minecraft:redstone":2,"minecraft:arrow":3,"minecraft:stone_shovel":1,"minecraft:beetroot_seeds":2,"minecraft:pumpkin_pie":2,"minecraft:deepslate_bricks":1,"alexscaves:spelunkery_table":1,"aquaculture:carp":2,"minecraft:mutton":1,"minecraft:skeleton_skull":1,"minecraft:white_wool":1,"minecraft:oxeye_daisy":1,"minecraft:stripped_oak_log":7,"minecraft:tripwire_hook":1,"minecraft:salmon":15,"minecraft:leather":1,"bloomingnature:swamp_oak_planks":36,"minecraft:birch_planks":4,"bloomingnature:genisteae":4,"minecraft:oak_log":22,"minecraft:gunpowder":17,"bloomingnature:swamp_oak_door":2,"bloomingnature:foxglove_white":5,"minecraft:stone_bricks":39,"alexsmobs:cockroach_wing_fragment":2,"minecraft:iron_ingot":6,"bloomingnature:chestnut_sapling":3,"aquaculture:minnow":2,"minecraft:oak_slab":73,"minecraft:smooth_basalt":6,"minecraft:stone_brick_slab":7,"minecraft:red_wool":5,"minecraft:gravel":56,"minecraft:amethyst_shard":10,"orcz:orcamanita":19,"minecraft:nether_brick_slab":1,"minecraft:spider_eye":2,"alexsmobs:raw_catfish":3,"travelersbackpack:standard":1,"mcdw:sword_broadsword":1,"minecraft:slime_ball":6,"minecraft:stone_axe":1,"minecraft:baked_potato":2,"minecraft:coal":56},"minecraft:mined":{"minecraft:spruce_planks":1,"orcz:orcamanita":21,"minecraft:red_nether_bricks":1,"minecraft:granite":461,"minecraft:budding_amethyst":1,"biomesoplenty:fir_slab":10,"minecraft:grass_block":568,"minecraft:jungle_log":1,"bloomingnature:chestnut_leaves":1,"bloomingnature:genisteae":1,"minecraft:deepslate_bricks":1,"minecraft:spawner":1,"minecraft:tall_seagrass":3,"minecraft:magma_block":4,"minecraft:iron_ore":49,"minecraft:cobbled_deepslate":1,"biomesoplenty:lavender":2,"minecraft:deepslate_lapis_ore":1,"minecraft:nether_brick_stairs":1,"minecraft:dirt_path":8,"minecraft:player_head":2,"bloomingnature:chestnut_log":14,"minecraft:red_bed":1,"minecraft:amethyst_cluster":1,"minecraft:torch":5,"minecraft:jungle_stairs":2,"minecraft:calcite":11,"minecraft:nether_brick_slab":1,"minecraft:cobblestone":68,"minecraft:oak_planks":66,"bloomingnature:goatsbeard":1,"minecraft:wall_torch":5,"minecraft:amethyst_block":8,"orcz:orcagaric":8,"minecraft:birch_log":65,"minecraft:wheat":22,"minecraft:lilac":3,"minecraft:grass":182,"orcz:blue_orcshroom":14,"minecraft:oak_log":25,"minecraft:sand":63,"minecraft:dirt":214,"minecraft:smooth_basalt":6,"minecraft:tripwire_hook":1,"minecraft:oak_leaves":7,"minecraft:deepslate":16,"alexscaves:spelunkery_table":1,"biomesoplenty:jacaranda_fence":1,"minecraft:ladder":2,"minecraft:jungle_planks":9,"minecraft:cartography_table":2,"minecraft:large_fern":12,"minecraft:deepslate_brick_slab":1,"minecraft:furnace":6,"minecraft:carrots":10,"minecraft:andesite":304,"orcz:orcshroom":11,"bloomingnature:chestnut_planks":24,"minecraft:potatoes":1,"minecraft:deepslate_iron_ore":37,"minecraft:cobblestone_slab":24,"minecraft:stone":2826,"minecraft:oak_slab":73,"minecraft:glass_pane":12,"minecraft:red_wool":5,"bloomingnature:swamp_oak_planks":33,"minecraft:lily_of_the_valley":1,"minecraft:stone_brick_slab":5,"orcz:orcskull":1,"minecraft:oak_fence":1,"minecraft:crafting_table":3,"bloomingnature:foxglove_white":7,"minecraft:tall_grass":76,"minecraft:copper_ore":24,"minecraft:lapis_ore":13,"minecraft:deepslate_gold_ore":5,"minecraft:diorite":583,"minecraft:birch_planks":5,"bloomingnature:swamp_oak_log":50,"minecraft:birch_leaves":60,"minecraft:coal_ore":57,"minecraft:gravel":57,"minecraft:cobweb":8,"ecologics:walnut_planks":2,"minecraft:stone_bricks":40,"minecraft:fern":4},"minecraft:used":{"mcdw:sword_claymore":235,"minecraft:iron_shovel":273,"minecraft:polished_deepslate":13,"bloomingnature:swamp_oak_door":2,"farmersdelight:cabbage_rolls":3,"minecraft:chest":3,"farmersdelight:cabbage":1,"minecraft:iron_sword":131,"minecraft:rotten_flesh":10,"minecraft:carrot":16,"minecraft:deepslate_brick_slab":127,"minecraft:polished_deepslate_stairs":4,"farmersdelight:tomato":2,"minecraft:stone_bricks":22,"ecologics:walnut_planks":2,"spartanshields:iron_basic_shield":7,"minecraft:cooked_cod":15,"minecraft:furnace":9,"aquaculture:fish_fillet_cooked":3,"bloomingnature:swamp_oak_planks":139,"minecraft:potato":1,"biomesoplenty:jacaranda_fence":11,"minecraft:diorite":15,"mcdw:sword_broadsword":223,"minecraft:stone_pickaxe":4044,"minecraft:oak_planks":2,"minecraft:wooden_pickaxe":43,"spartanshields:stone_tower_shield":42,"minecraft:bread":12,"minecraft:cyan_bed":1,"minecraft:gravel":3,"ecologics:coconut_slice":10,"minecraft:oak_fence":1,"minecraft:stone_shovel":665,"ecologics:walnut_door":1,"minecraft:wooden_shovel":59,"minecraft:cooked_salmon":6,"minecraft:torch":61,"minecraft:dirt":906,"minecraft:granite":78,"minecraft:stone_brick_slab":266,"alexsmobs:maggot":1,"minecraft:iron_axe":255,"alexscaves:spelunkery_table":1,"tombstone:gift":5,"minecraft:stone_pressure_plate":2,"farmersdelight:tomato_seeds":3,"minecraft:wheat_seeds":43,"spartanshields:wooden_basic_shield":9,"minecraft:birch_planks":1,"minecraft:baked_potato":4,"minecraft:cartography_table":2,"minecraft:cobblestone_slab":22,"minecraft:deepslate_bricks":10,"biomesoplenty:fir_slab":171,"minecraft:oak_slab":76,"minecraft:red_bed":2,"minecraft:crafting_table":5,"variantvanillablocks:birch_crafting_table":2,"minecraft:oak_log":2,"minecraft:iron_pickaxe":520,"mcdw:sword_iron_sword_var":1,"bloomingnature:chestnut_planks":46,"minecraft:stone_axe":231,"minecraft:fishing_rod":8,"minecraft:cobblestone":184,"travelersbackpack:standard":1,"minecraft:glass_pane":64,"minecraft:pumpkin_pie":5,"alexsmobs:animal_dictionary":1},"minecraft:killed":{"enemyexpansion:equestrian":2,"minecraft:spider":4,"minecraft:skeleton":2,"ecologics:coconut_crab":1,"minecraft:silverfish":3,"orcz:squig":1,"alexsmobs:centipede_head":1,"orcz:weirdboinecro":1,"minecraft:pig":21,"orcz:goblinsavagemace":9,"minecraft:creeper":3,"minecraft:sheep":1,"minecraft:zombie":17,"enemyexpansion:vampire":1,"enemyexpansion:botfly":1,"orcz:orcsavage_2sword":2,"orcz:snot":8,"orcz:orcshield":7,"minecraft:cow":2,"alexsmobs:tasmanian_devil":1,"minecraft:slime":1,"enemyexpansion:direwolf":3,"enemyexpansion:faller":1,"enemyexpansion:silverqueen":1,"orcz:orcsavagemace":4,"alexsmobs:catfish":1,"alexsmobs:cockroach":3,"enemyexpansion:huntsman":1,"minecraft:enderman":1,"enemyexpansion:slugger":2},"minecraft:killed_by":{"orcz:snot":1,"minecraft:wither_skeleton":1,"minecraft:creeper":2,"orcz:orcsavage_2sword":1,"enemyexpansion:slugger":1,"orcz:goblinsavagemace":2,"minecraft:zombie":4,"orcz:orcsavageweird":2,"enemyexpansion:invisicreeper":3,"orcz:weirdboinecro":1,"minecraft:enderman":3,"enemyexpansion:equestrian":2,"alexsmobs:centipede_head":1,"minecraft:skeleton":4,"enemyexpansion:direwolf":1,"orcz:orcshield":4},"minecraft:broken":{"minecraft:iron_shovel":1,"minecraft:wooden_shovel":1,"minecraft:iron_boots":1,"minecraft:iron_chestplate":1,"minecraft:iron_leggings":1,"minecraft:stone_pickaxe":29,"minecraft:stone_axe":2,"minecraft:stone_shovel":4,"minecraft:iron_axe":1,"minecraft:iron_pickaxe":2,"minecraft:iron_helmet":2},"minecraft:crafted":{"minecraft:oak_planks":96,"minecraft:cobblestone_slab":42,"minecraft:stone":144,"spartanshields:iron_basic_shield":1,"minecraft:glass":32,"minecraft:stone_brick_slab":306,"minecraft:iron_boots":2,"biomesoplenty:fir_slab":204,"minecraft:stone_pressure_plate":2,"minecraft:chest":2,"minecraft:stone_bricks":140,"minecraft:oak_slab":72,"minecraft:wooden_shovel":1,"minecraft:crafting_table":2,"minecraft:iron_helmet":1,"minecraft:baked_potato":2,"minecraft:wooden_pickaxe":2,"bloomingnature:swamp_oak_planks":184,"minecraft:birch_planks":260,"minecraft:charcoal":2,"minecraft:stick":248,"minecraft:iron_ingot":73,"minecraft:iron_pickaxe":3,"minecraft:iron_block":1,"minecraft:stone_sword":1,"spartanshields:wooden_basic_shield":1,"mcdw:sword_iron_sword_var":2,"mcdw:sword_claymore":1,"bloomingnature:chestnut_planks":80,"minecraft:stone_shovel":5,"minecraft:fishing_rod":1,"orcz:orcteeth_tool_sword":4,"minecraft:polished_deepslate_stairs":4,"minecraft:furnace":4,"minecraft:glass_pane":80,"minecraft:iron_axe":1,"farmersdelight:cabbage_rolls":3,"minecraft:stone_pickaxe":33,"mcdw:sword_broadsword":1,"variantvanillablocks:birch_crafting_table":2,"minecraft:cooked_cod":18,"minecraft:deepslate_brick_slab":126,"minecraft:iron_sword":2,"minecraft:red_bed":1,"minecraft:cooked_salmon":11,"minecraft:stone_axe":2,"minecraft:bread":10,"minecraft:wooden_axe":1,"minecraft:iron_shovel":1,"minecraft:iron_leggings":1,"minecraft:torch":116},"minecraft:custom":{"minecraft:animals_bred":3,"minecraft:interact_with_crafting_table":132,"minecraft:open_barrel":18,"minecraft:eat_cake_slice":4,"minecraft:leave_game":18,"minecraft:time_since_death":4673,"minecraft:sprint_one_cm":902463,"minecraft:damage_blocked_by_shield":2600,"minecraft:drop":67,"minecraft:play_noteblock":9,"minecraft:play_time":690163,"minecraft:deaths":36,"minecraft:jump":7654,"minecraft:walk_on_water_one_cm":110268,"minecraft:interact_with_furnace":110,"minecraft:interact_with_cartography_table":4,"minecraft:interact_with_loom":4,"minecraft:sleep_in_bed":13,"minecraft:waystone_activated":1,"minecraft:damage_dealt":19546,"minecraft:crouch_one_cm":5204,"tombstone:undead_killed":25,"minecraft:mob_kills":115,"minecraft:damage_dealt_resisted":354,"minecraft:walk_one_cm":2702481,"minecraft:sneak_time":5071,"minecraft:walk_under_water_one_cm":77625,"minecraft:interact_with_blast_furnace":32,"minecraft:total_world_time":690163,"spartanshields:shield_bash_hits":16,"minecraft:tune_noteblock":16,"minecraft:time_since_rest":3614,"minecraft:damage_taken":12757,"minecraft:swim_one_cm":128878,"minecraft:fly_one_cm":1043422,"minecraft:open_chest":195,"minecraft:fish_caught":5,"minecraft:fall_one_cm":137589}},"DataVersion":3465}