{"stats":{"minecraft:broken":{"stalwart_dungeons:stone_hammer":2,"minecraft:diamond_helmet":1,"spartanshields:stone_tower_shield":2,"minecraft:stone_axe":1,"minecraft:iron_axe":2,"minecraft:iron_pickaxe":1},"minecraft:used":{"minecraft:beetroot":4,"orcz:blue_orcshroom":1,"mcdw:sword_claymore":257,"mcda:ghostly_armor_leggings":1,"bloomingnature:swamp_oak_door":6,"bloomingnature:foxglove_white":1,"farmersdelight:cabbage_seeds":12,"farmersdelight:cabbage":4,"minecraft:stone":21,"minecraft:rotten_flesh":40,"minecraft:lily_of_the_valley":2,"orcz:orcshroom":1,"mcdw:glaive_cackling_broom":225,"minecraft:tuff":17,"minecraft:milk_bucket":2,"minecraft:lava_bucket":27,"minecraft:coal_ore":7,"minecraft:iron_helmet":1,"orcz:orcagaric":1,"ecologics:walnut_planks":17,"minecraft:deepslate_diamond_ore":8,"minecraft:birch_trapdoor":2,"minecraft:magma_block":5,"minecraft:bow":43,"minecraft:sweet_berries":2,"minecraft:oak_sapling":1,"minecraft:cooked_cod":3,"minecraft:furnace":9,"farmersdelight:safety_net":3,"minecraft:egg":1,"aquaculture:fish_fillet_cooked":7,"bloomingnature:swamp_oak_planks":23,"orcz:orcskull":1,"travelersbackpack:spider":2,"minecraft:diorite":8,"minecraft:diamond_boots":1,"minecraft:stone_pickaxe":99,"minecraft:powered_rail":1,"minecraft:oak_planks":13,"minecraft:blackstone":57,"minecraft:wooden_pickaxe":15,"minecraft:white_wool":2,"minecraft:golden_apple":2,"minecraft:glow_berries":2,"minecraft:sand":4,"alexscaves:cave_book":7,"minecraft:blast_furnace":5,"spartanshields:stone_tower_shield":105,"minecraft:bread":9,"minecraft:cyan_bed":2,"minecraft:deepslate":5,"minecraft:diamond_ore":1,"spartanshields:diamond_tower_shield":110,"minecraft:gravel":2,"ecologics:coconut_slice":8,"minecraft:cooked_rabbit":1,"minecraft:waxed_cut_copper_stairs":2,"aquaculture:perch":1,"minecraft:bone_meal":12,"minecraft:experience_bottle":2,"biomesoplenty:brimstone":6,"minecraft:flint_and_steel":35,"mcdw:pick_diamond_pickaxe_var":287,"minecraft:cooked_salmon":10,"minecraft:stone_hoe":2,"minecraft:netherrack":4,"minecraft:oak_door":5,"minecraft:torch":55,"minecraft:spyglass":4,"minecraft:dirt":76,"minecraft:diamond_helmet":4,"minecraft:granite":8,"minecraft:stone_brick_slab":4,"alexsmobs:maggot":2,"minecraft:iron_axe":434,"minecraft:iron_boots":1,"minecraft:smooth_basalt":2,"alexscaves:spelunkery_table":1,"minecraft:golden_carrot":5,"minecraft:beef":1,"tombstone:gift":8,"enemyexpansion:headbiter_helmet":2,"minecraft:cooked_beef":6,"minecraft:cobbled_deepslate":76,"bloomingnature:chestnut_door":3,"minecraft:beetroot_soup":1,"alexsdelight:cooked_bison":1,"minecraft:iron_leggings":1,"minecraft:brown_bed":2,"minecraft:calcite":2,"minecraft:cooked_mutton":8,"minecraft:water_bucket":82,"minecraft:birch_planks":1,"minecraft:baked_potato":63,"minecraft:tnt":7,"minecraft:oak_slab":1,"minecraft:crafting_table":10,"variantvanillablocks:birch_crafting_table":1,"minecraft:cake":2,"tombstone:bag_of_seeds":2,"minecraft:iron_pickaxe":251,"minecraft:suspicious_stew":1,"tombstone:magic_scroll":2,"minecraft:jungle_stairs":1,"bloomingnature:chestnut_planks":20,"minecraft:stone_axe":96,"stalwart_dungeons:stone_hammer":136,"minecraft:cobblestone":95,"minecraft:porkchop":7,"minecraft:cooked_porkchop":17,"minecraft:bucket":111,"minecraft:pumpkin_pie":5,"alexsmobs:animal_dictionary":3,"minecraft:stripped_oak_log":2,"enemyexpansion:horsehead_helmet":1,"minecraft:diamond_leggings":1,"minecraft:gray_wool":1,"minecraft:candle":4},"minecraft:crafted":{"minecraft:smooth_stone":2,"minecraft:oak_planks":132,"ecologics:walnut_planks":16,"spartanshields:wooden_tower_shield":4,"bloomingnature:swamp_oak_door":6,"minecraft:stone":2,"minecraft:cooked_mutton":7,"aquaculture:fish_fillet_raw":10,"farmersdelight:safety_net":3,"minecraft:glass":26,"minecraft:diamond_helmet":2,"minecraft:diamond_leggings":1,"minecraft:iron_boots":1,"minecraft:chest":2,"minecraft:stone_hoe":1,"spartanshields:diamond_tower_shield":1,"minecraft:cooked_porkchop":16,"minecraft:crafting_table":3,"minecraft:iron_helmet":1,"minecraft:baked_potato":123,"minecraft:wooden_pickaxe":1,"travelersbackpack:standard":2,"bloomingnature:swamp_oak_planks":84,"travelersbackpack:red_sleeping_bag":1,"minecraft:iron_chestplate":2,"minecraft:stick":40,"minecraft:iron_ingot":84,"minecraft:iron_pickaxe":1,"minecraft:iron_block":1,"minecraft:gold_ingot":32,"spartanshields:wooden_basic_shield":1,"mcdw:sword_iron_sword_var":1,"mcdw:sword_claymore":1,"minecraft:oak_door":9,"bloomingnature:chestnut_planks":28,"minecraft:raw_iron":9,"minecraft:stone_shovel":1,"minecraft:furnace":1,"minecraft:bone_meal":57,"spartanshields:stone_tower_shield":3,"minecraft:flint_and_steel":1,"minecraft:diamond":9,"travelersbackpack:white_sleeping_bag":2,"alexsdelight:cooked_bison":1,"minecraft:iron_axe":3,"minecraft:stone_pickaxe":2,"minecraft:diamond_boots":2,"mcdw:sword_broadsword":1,"mcdw:pick_diamond_pickaxe_var":1,"aquaculture:fish_fillet_cooked":10,"minecraft:lead":2,"travelersbackpack:spider":2,"minecraft:cooked_beef":2,"travelersbackpack:backpack_tank":4,"minecraft:iron_sword":1,"minecraft:cooked_salmon":4,"minecraft:bucket":1,"minecraft:stone_axe":1,"minecraft:air":0,"minecraft:white_wool":1,"aquaculture:stone_fillet_knife":1,"minecraft:iron_leggings":1,"bloomingnature:chestnut_door":3,"stalwart_dungeons:stone_hammer":2,"minecraft:torch":36,"minecraft:diamond_chestplate":1},"minecraft:mined":{"orcz:orcamanita":14,"biomesoplenty:brimstone":7,"minecraft:obsidian":2,"minecraft:granite":6,"minecraft:grass_block":27,"minecraft:oxeye_daisy":1,"minecraft:nether_wart":1,"minecraft:spawner":7,"minecraft:tall_seagrass":1,"minecraft:raw_iron_block":1,"minecraft:magma_block":6,"minecraft:iron_ore":69,"minecraft:fire":59,"minecraft:cobbled_deepslate":12,"minecraft:azure_bluet":1,"minecraft:brown_bed":2,"ecologics:walnut_log":4,"minecraft:waxed_cut_copper_stairs":3,"minecraft:deepslate_redstone_ore":7,"bloomingnature:chestnut_log":7,"minecraft:blackstone":2,"minecraft:torch":5,"minecraft:blast_furnace":5,"minecraft:calcite":6,"farmersdelight:safety_net":1,"minecraft:nether_brick_slab":1,"farmersdelight:cabbages":4,"minecraft:cobblestone":25,"minecraft:cyan_bed":4,"minecraft:oak_planks":8,"minecraft:wall_torch":6,"minecraft:amethyst_block":2,"minecraft:seagrass":1,"orcz:orcagaric":11,"minecraft:birch_trapdoor":1,"minecraft:tnt":7,"minecraft:grass":160,"orcz:blue_orcshroom":10,"minecraft:oak_log":22,"minecraft:sand":13,"minecraft:dirt":35,"minecraft:smooth_basalt":2,"minecraft:netherrack":33,"minecraft:deepslate":41,"minecraft:oak_leaves":9,"minecraft:nether_gold_ore":16,"alexscaves:spelunkery_table":1,"minecraft:diamond_ore":1,"minecraft:tuff":4,"minecraft:deepslate_diamond_ore":18,"minecraft:oak_door":1,"biomesoplenty:bush":8,"minecraft:spruce_fence":1,"minecraft:redstone_wire":1,"minecraft:large_fern":17,"minecraft:black_stained_glass_pane":2,"minecraft:furnace":11,"minecraft:andesite":9,"variantvanillablocks:birch_crafting_table":1,"orcz:orcshroom":7,"bloomingnature:swamp_oak_leaves":2,"bloomingnature:chestnut_planks":8,"biomesoplenty:high_grass":1,"minecraft:deepslate_iron_ore":43,"biomesoplenty:brimstone_bud":3,"minecraft:stone":186,"minecraft:white_wool":2,"minecraft:oak_slab":1,"bloomingnature:swamp_oak_planks":2,"minecraft:stone_brick_slab":4,"minecraft:crafting_table":5,"ecologics:walnut_leaves":1,"minecraft:copper_ore":3,"minecraft:tall_grass":96,"minecraft:deepslate_gold_ore":3,"minecraft:diorite":19,"minecraft:birch_planks":1,"bloomingnature:swamp_oak_log":21,"minecraft:birch_leaves":1,"minecraft:coal_ore":71,"minecraft:gravel":8,"ecologics:walnut_planks":6,"minecraft:gold_ore":6,"minecraft:fern":1},"minecraft:killed":{"alexsmobs:lobster":3,"minecraft:witch":1,"enemyexpansion:equestrian":5,"minecraft:spider":28,"minecraft:skeleton":34,"bloomingnature:squirrel":1,"ecologics:coconut_crab":2,"minecraft:silverfish":12,"aquaculture:perch":1,"alexsmobs:centipede_head":1,"orcz:squig":4,"bloomingnature:boar":1,"aquaculture:carp":5,"enemyexpansion:vampflyer":6,"minecraft:piglin":6,"orcz:weirdboinecro":2,"minecraft:pig":10,"alexsmobs:grizzly_bear":1,"minecraft:zombie_villager":1,"orcz:goblinsavagemace":20,"orcz:goblinwerid":3,"minecraft:creeper":8,"minecraft:sheep":6,"aquaculture:minnow":2,"enemyexpansion:meature":1,"minecraft:zombie":49,"enemyexpansion:vampire":1,"enemyexpansion:botfly":17,"minecraft:ghast":1,"orcz:bigorcboss":3,"alexsmobs:fly":2,"orcz:orcsavage_2sword":5,"orcz:snot":13,"orcz:orcshield":12,"enemyexpansion:wasp":1,"minecraft:cow":4,"bloomingnature:deer":2,"enemyexpansion:intruder":1,"minecraft:slime":4,"enemyexpansion:direwolf":27,"minecraft:phantom":4,"minecraft:horse":5,"enemyexpansion:faller":1,"enemyexpansion:silverqueen":3,"minecraft:drowned":1,"orcz:orcsavagemace":5,"orcz:orcsavageweird":1,"enemyexpansion:goblin":6,"minecraft:husk":3,"enemyexpansion:troll":1,"enemyexpansion:sprinter":12,"aquaculture:jellyfish":1,"minecraft:hoglin":3,"enemyexpansion:crawler":1,"enemyexpansion:huntsman":5,"orcz:goblin_2sword":1,"minecraft:wither_skeleton":1,"enemyexpansion:slugger":1,"bloomingnature:pelican":1},"minecraft:killed_by":{"enemyexpansion:invisicreeper":3,"orcz:weirdboinecro":1,"orcz:orcshield":1},"minecraft:picked_up":{"minecraft:iron_chestplate":2,"minecraft:wheat":4,"minecraft:lead":1,"enemyexpansion:wasp_thorax":1,"minecraft:brown_bed":2,"minecraft:enchanted_book":1,"minecraft:nether_brick":26,"minecraft:music_disc_cat":1,"minecraft:string":41,"minecraft:raw_copper":9,"minecraft:cooked_salmon":4,"minecraft:beetroot_soup":1,"minecraft:experience_bottle":2,"minecraft:beetroot":1,"biomesoplenty:brimstone":8,"minecraft:gold_nugget":60,"minecraft:cobbled_deepslate":78,"farmersdelight:cabbage":4,"minecraft:calcite":2,"minecraft:netherite_upgrade_smithing_template":1,"bloomingnature:chestnut_planks":11,"minecraft:deepslate_iron_ore":23,"farmersdelight:cabbage_seeds":11,"ecologics:crab_claw":1,"minecraft:furnace":11,"minecraft:diamond_ore":1,"minecraft:stick":6,"orcz:orcskull":3,"ecologics:walnut_log":8,"minecraft:birch_trapdoor":3,"minecraft:torch":23,"minecraft:porkchop":15,"tombstone:grave_dust":9,"minecraft:diorite":24,"bloomingnature:chestnut_log":7,"minecraft:waxed_cut_copper_stairs":2,"minecraft:rotten_flesh":57,"mcdw:pick_diamond_pickaxe_var":2,"orcz:orcshroom":11,"alexsdelight:raw_bison":2,"minecraft:obsidian":5,"alexsmobs:lobster_tail":2,"minecraft:cobblestone":209,"ecologics:walnut_planks":6,"minecraft:magma_block":6,"minecraft:feather":2,"minecraft:cooked_beef":12,"orcz:orcteeth":114,"minecraft:potato":64,"paraglider:spirit_orb":16,"minecraft:flint":2,"minecraft:tuff":4,"alexsmobs:cooked_kangaroo_meat":1,"mcdw:glaive_cackling_broom":1,"minecraft:lapis_lazuli":4,"minecraft:dirt":57,"minecraft:bone":38,"bloomingnature:bluebell":6,"minecraft:bow":1,"minecraft:wheat_seeds":95,"minecraft:raw_gold":7,"minecraft:dark_oak_sign":2,"minecraft:diamond_helmet":1,"minecraft:powered_rail":1,"minecraft:oak_planks":8,"minecraft:ghast_tear":1,"minecraft:cooked_porkchop":9,"minecraft:music_disc_13":1,"orcz:orcagaric":14,"orcz:blue_orcshroom":9,"minecraft:sand":30,"ecologics:coconut_husk":1,"minecraft:cyan_bed":6,"minecraft:lily_of_the_valley":6,"minecraft:diamond_block":1,"minecraft:spectral_arrow":31,"minecraft:bundle":3,"minecraft:diamond":42,"minecraft:deepslate":5,"bloomingnature:swamp_oak_log":21,"minecraft:granite":8,"minecraft:golden_apple":1,"alexsmobs:maggot":2,"orcz:ironscrap":6,"minecraft:oak_sapling":1,"minecraft:netherrack":8,"minecraft:crafting_table":7,"minecraft:golden_pickaxe":1,"minecraft:brown_mushroom":4,"minecraft:cooked_rabbit":1,"minecraft:gold_block":2,"spartanshields:stone_tower_shield":1,"minecraft:blackstone":57,"ecologics:walnut_sapling":2,"minecraft:candle":4,"minecraft:deepslate_diamond_ore":8,"minecraft:beef":1,"minecraft:chest":1,"minecraft:phantom_membrane":1,"minecraft:egg":1,"minecraft:raw_iron":78,"minecraft:stone":85,"minecraft:oak_door":6,"ecologics:coconut_slice":8,"minecraft:copper_ingot":1,"aquaculture:perch":1,"minecraft:fire_charge":3,"farmersdelight:tomato_seeds":10,"orcz:orchorn":3,"minecraft:carrot":1,"minecraft:redstone":32,"minecraft:tnt":7,"minecraft:arrow":46,"minecraft:cooked_cod":3,"minecraft:beetroot_seeds":3,"minecraft:pumpkin_pie":2,"minecraft:jungle_stairs":1,"mcda:phantom_bones":1,"alexscaves:spelunkery_table":1,"aquaculture:carp":5,"minecraft:gold_ingot":4,"minecraft:mutton":10,"minecraft:white_wool":7,"minecraft:oxeye_daisy":5,"minecraft:stripped_oak_log":17,"enemyexpansion:horsehead_helmet":1,"minecraft:tripwire_hook":1,"minecraft:leather":24,"bloomingnature:swamp_oak_planks":41,"minecraft:birch_planks":1,"minecraft:oak_log":29,"minecraft:gunpowder":38,"minecraft:cooked_mutton":2,"bloomingnature:swamp_oak_door":2,"bloomingnature:foxglove_white":1,"variantvanillablocks:birch_crafting_table":1,"minecraft:iron_ingot":3,"minecraft:iron_ore":7,"tombstone:bag_of_seeds":3,"bloomingnature:chestnut_sapling":6,"aquaculture:minnow":2,"minecraft:soul_sand":11,"minecraft:oak_slab":1,"enemyexpansion:phantom_eye":1,"minecraft:smooth_basalt":2,"minecraft:sweet_berries":1,"minecraft:stone_brick_slab":4,"minecraft:quartz":9,"minecraft:spyglass":1,"minecraft:raw_iron_block":1,"minecraft:gravel":2,"spartanshields:wooden_tower_shield":2,"orcz:orcamanita":12,"minecraft:blast_furnace":5,"minecraft:crying_obsidian":2,"minecraft:spider_eye":15,"minecraft:coal_ore":7,"minecraft:slime_ball":10,"minecraft:iron_helmet":1,"minecraft:gray_wool":2,"tombstone:magic_scroll":1,"orcz:orceye":1,"minecraft:coal":94,"minecraft:ender_pearl":4},"minecraft:custom":{"minecraft:interact_with_crafting_table":120,"minecraft:open_barrel":45,"minecraft:eat_cake_slice":20,"minecraft:leave_game":15,"minecraft:time_since_death":291149,"minecraft:sprint_one_cm":1620100,"minecraft:damage_blocked_by_shield":9311,"minecraft:drop":260,"minecraft:play_time":523326,"minecraft:deaths":6,"minecraft:jump":15655,"minecraft:walk_on_water_one_cm":86698,"minecraft:enchant_item":2,"minecraft:interact_with_furnace":146,"minecraft:interact_with_cartography_table":1,"minecraft:interact_with_loom":37,"minecraft:sleep_in_bed":9,"minecraft:damage_dealt":64229,"minecraft:crouch_one_cm":61687,"tombstone:undead_killed":124,"minecraft:interact_with_smoker":42,"minecraft:mob_kills":398,"minecraft:damage_dealt_resisted":1817,"minecraft:climb_one_cm":26186,"minecraft:walk_one_cm":1333718,"minecraft:sneak_time":20310,"minecraft:walk_under_water_one_cm":56661,"minecraft:interact_with_blast_furnace":60,"minecraft:total_world_time":523326,"spartanshields:shield_bash_hits":10,"tombstone:raider_killed":5,"minecraft:tune_noteblock":26,"minecraft:time_since_rest":145160,"minecraft:damage_taken":8111,"minecraft:damage_absorbed":66,"tombstone:cast_on_ally":1,"minecraft:swim_one_cm":375507,"minecraft:fly_one_cm":3377967,"minecraft:open_chest":236,"minecraft:fall_one_cm":420351},"minecraft:dropped":{"minecraft:brown_mushroom":2,"minecraft:porkchop":1,"alexsdelight:raw_bison":1,"minecraft:cooked_beef":8,"minecraft:baked_potato":15,"minecraft:golden_pickaxe":1,"minecraft:diamond":9,"orcz:orcskull":3,"minecraft:cooked_porkchop":6,"minecraft:netherite_upgrade_smithing_template":2,"ecologics:walnut_sapling":2,"orcz:blue_orcshroom":1,"minecraft:leather":2,"aquaculture:minnow":2,"mcdw:pick_diamond_pickaxe_var":2,"minecraft:saddle":1,"travelersbackpack:standard":1,"spartanshields:wooden_basic_shield":1,"paraglider:spirit_orb":12,"minecraft:flint":1,"spartanshields:stone_tower_shield":1,"minecraft:dirt":2,"tombstone:bag_of_seeds":1,"mcda:ghostly_armor_leggings":1,"spartanshields:wooden_tower_shield":2,"bloomingnature:chestnut_sapling":6,"minecraft:pumpkin_pie":7,"minecraft:bone_meal":45,"minecraft:gold_ingot":37,"minecraft:bone":19,"minecraft:oak_door":5,"enemyexpansion:horsehead_helmet":1,"minecraft:spyglass":1,"bloomingnature:swamp_oak_planks":5,"alexscaves:cave_tablet":1,"minecraft:obsidian":2,"minecraft:rotten_flesh":14,"minecraft:cooked_mutton":1,"orcz:orcshroom":1,"minecraft:carrot":1,"minecraft:birch_trapdoor":1,"travelersbackpack:white_sleeping_bag":1,"minecraft:beetroot_seeds":2,"ecologics:coconut_husk":5,"minecraft:ghast_tear":1,"farmersdelight:tomato_seeds":11,"minecraft:enchanted_book":1,"minecraft:stone_hoe":1,"minecraft:iron_ingot":12,"minecraft:bread":2,"minecraft:wheat_seeds":35,"minecraft:iron_helmet":2,"minecraft:feather":2,"minecraft:cobblestone":3,"minecraft:lead":2,"ecologics:crab_claw":1,"minecraft:coal":10,"minecraft:oxeye_daisy":2,"minecraft:gray_wool":1,"minecraft:diorite":16,"minecraft:golden_carrot":3,"minecraft:torch":13,"biomesoplenty:brimstone":2,"minecraft:diamond_helmet":2,"enemyexpansion:wasp_thorax":1,"minecraft:fire_charge":1,"tombstone:grave_dust":6,"minecraft:iron_leggings":1,"minecraft:paper":1,"minecraft:tripwire_hook":1,"ecologics:walnut_log":4,"minecraft:redstone":1,"minecraft:raw_copper":9,"minecraft:bowl":1,"minecraft:raw_iron":36,"farmersdelight:cabbage_seeds":1,"minecraft:stone_shovel":1,"minecraft:iron_boots":1,"alexsmobs:ancient_dart":1,"alexsmobs:cooked_kangaroo_meat":1,"alexsmobs:lobster_tail":2,"orcz:orcteeth":72,"minecraft:bundle":2,"minecraft:iron_chestplate":4,"minecraft:cake":1,"minecraft:spider_eye":3,"minecraft:wooden_pickaxe":1,"minecraft:cyan_bed":3,"aquaculture:fish_fillet_cooked":3,"orcz:orchorn":3}},"DataVersion":3465}