{"stats":{"minecraft:broken":{"stalwart_dungeons:stone_hammer":2,"spartanshields:stone_tower_shield":2,"minecraft:stone_axe":1,"minecraft:iron_axe":1},"minecraft:custom":{"minecraft:interact_with_crafting_table":82,"minecraft:open_barrel":42,"minecraft:eat_cake_slice":20,"minecraft:leave_game":3,"minecraft:time_since_death":29507,"minecraft:sprint_one_cm":766180,"minecraft:damage_blocked_by_shield":4420,"minecraft:drop":144,"minecraft:play_time":261684,"minecraft:deaths":6,"minecraft:jump":7978,"minecraft:walk_on_water_one_cm":33114,"minecraft:interact_with_furnace":73,"minecraft:interact_with_loom":31,"minecraft:sleep_in_bed":8,"minecraft:damage_dealt":37310,"minecraft:crouch_one_cm":33752,"tombstone:undead_killed":72,"minecraft:mob_kills":228,"minecraft:damage_dealt_resisted":859,"minecraft:climb_one_cm":1151,"minecraft:walk_one_cm":744491,"minecraft:sneak_time":10616,"minecraft:walk_under_water_one_cm":23976,"minecraft:interact_with_blast_furnace":27,"minecraft:total_world_time":261684,"spartanshields:shield_bash_hits":6,"tombstone:raider_killed":1,"minecraft:time_since_rest":10307,"minecraft:damage_taken":4190,"minecraft:swim_one_cm":139122,"minecraft:fly_one_cm":1649851,"minecraft:open_chest":44,"minecraft:fall_one_cm":210901},"minecraft:mined":{"minecraft:grass_block":19,"minecraft:oxeye_daisy":1,"minecraft:spawner":3,"minecraft:tall_seagrass":1,"minecraft:magma_block":1,"minecraft:raw_iron_block":1,"minecraft:iron_ore":32,"minecraft:cobbled_deepslate":12,"minecraft:brown_bed":2,"ecologics:walnut_log":4,"minecraft:waxed_cut_copper_stairs":3,"bloomingnature:chestnut_log":7,"minecraft:torch":2,"minecraft:blast_furnace":4,"minecraft:calcite":2,"minecraft:nether_brick_slab":1,"farmersdelight:cabbages":4,"minecraft:cobblestone":13,"minecraft:cyan_bed":4,"minecraft:oak_planks":8,"minecraft:wall_torch":3,"minecraft:seagrass":1,"minecraft:birch_trapdoor":1,"minecraft:tnt":2,"minecraft:grass":103,"minecraft:oak_log":20,"minecraft:sand":13,"minecraft:dirt":18,"minecraft:oak_leaves":9,"minecraft:deepslate":17,"alexscaves:spelunkery_table":1,"minecraft:deepslate_diamond_ore":8,"minecraft:oak_door":1,"biomesoplenty:bush":5,"minecraft:large_fern":15,"minecraft:black_stained_glass_pane":2,"minecraft:furnace":11,"variantvanillablocks:birch_crafting_table":1,"bloomingnature:chestnut_planks":8,"biomesoplenty:high_grass":1,"minecraft:deepslate_iron_ore":12,"minecraft:stone":88,"minecraft:oak_slab":1,"minecraft:crafting_table":5,"ecologics:walnut_leaves":1,"minecraft:tall_grass":64,"minecraft:copper_ore":3,"minecraft:deepslate_gold_ore":3,"bloomingnature:swamp_oak_log":21,"minecraft:birch_leaves":1,"minecraft:coal_ore":17,"minecraft:gravel":6,"ecologics:walnut_planks":6,"minecraft:gold_ore":4,"minecraft:fern":1},"minecraft:picked_up":{"minecraft:iron_chestplate":2,"enemyexpansion:wasp_thorax":1,"minecraft:brown_bed":2,"minecraft:string":15,"minecraft:raw_copper":9,"minecraft:cooked_salmon":4,"minecraft:beetroot_soup":1,"minecraft:beetroot":1,"minecraft:cobbled_deepslate":65,"farmersdelight:cabbage":4,"minecraft:calcite":2,"bloomingnature:chestnut_planks":11,"minecraft:furnace":11,"farmersdelight:cabbage_seeds":11,"ecologics:crab_claw":1,"minecraft:stick":6,"orcz:orcskull":3,"ecologics:walnut_log":8,"minecraft:birch_trapdoor":3,"minecraft:torch":14,"minecraft:porkchop":12,"tombstone:grave_dust":8,"minecraft:diorite":1,"bloomingnature:chestnut_log":7,"minecraft:waxed_cut_copper_stairs":2,"minecraft:rotten_flesh":42,"orcz:orcshroom":1,"alexsdelight:raw_bison":2,"alexsmobs:lobster_tail":2,"minecraft:cobblestone":105,"ecologics:walnut_planks":6,"minecraft:magma_block":1,"minecraft:feather":2,"minecraft:cooked_beef":12,"orcz:orcteeth":72,"paraglider:spirit_orb":8,"minecraft:flint":1,"alexsmobs:cooked_kangaroo_meat":1,"mcdw:glaive_cackling_broom":1,"minecraft:dirt":41,"minecraft:bone":18,"minecraft:wheat_seeds":22,"minecraft:bow":1,"minecraft:raw_gold":7,"minecraft:dark_oak_sign":2,"minecraft:diamond_helmet":1,"minecraft:powered_rail":1,"minecraft:oak_planks":8,"minecraft:cooked_porkchop":9,"minecraft:sand":16,"ecologics:coconut_husk":1,"minecraft:diamond_block":1,"minecraft:cyan_bed":6,"minecraft:bundle":2,"minecraft:diamond":30,"bloomingnature:swamp_oak_log":21,"minecraft:granite":2,"minecraft:golden_apple":1,"alexsmobs:maggot":2,"orcz:ironscrap":2,"minecraft:oak_sapling":1,"minecraft:crafting_table":7,"minecraft:golden_pickaxe":1,"minecraft:gold_block":2,"spartanshields:stone_tower_shield":1,"ecologics:walnut_sapling":2,"minecraft:candle":2,"minecraft:beef":1,"minecraft:raw_iron":44,"minecraft:oak_door":1,"ecologics:coconut_slice":6,"minecraft:copper_ingot":1,"aquaculture:perch":1,"orcz:orchorn":3,"minecraft:tnt":2,"minecraft:arrow":23,"minecraft:cooked_cod":3,"minecraft:pumpkin_pie":2,"minecraft:jungle_stairs":1,"alexscaves:spelunkery_table":1,"aquaculture:carp":5,"minecraft:mutton":10,"minecraft:white_wool":5,"minecraft:oxeye_daisy":2,"minecraft:stripped_oak_log":4,"minecraft:tripwire_hook":1,"minecraft:leather":10,"bloomingnature:swamp_oak_planks":39,"minecraft:oak_log":24,"minecraft:gunpowder":27,"minecraft:cooked_mutton":2,"bloomingnature:swamp_oak_door":2,"variantvanillablocks:birch_crafting_table":1,"minecraft:iron_ingot":2,"tombstone:bag_of_seeds":2,"bloomingnature:chestnut_sapling":6,"aquaculture:minnow":2,"minecraft:oak_slab":1,"minecraft:sweet_berries":1,"minecraft:spyglass":1,"minecraft:raw_iron_block":1,"minecraft:gravel":2,"spartanshields:wooden_tower_shield":2,"minecraft:blast_furnace":4,"minecraft:spider_eye":6,"minecraft:slime_ball":10,"minecraft:iron_helmet":1,"minecraft:gray_wool":1,"tombstone:magic_scroll":1,"minecraft:coal":17},"minecraft:used":{"minecraft:beetroot":4,"bloomingnature:swamp_oak_door":6,"farmersdelight:cabbage_seeds":12,"farmersdelight:cabbage":4,"minecraft:rotten_flesh":40,"orcz:orcshroom":1,"mcdw:glaive_cackling_broom":223,"minecraft:milk_bucket":2,"minecraft:lava_bucket":20,"minecraft:iron_helmet":1,"ecologics:walnut_planks":17,"minecraft:birch_trapdoor":2,"minecraft:bow":9,"minecraft:sweet_berries":2,"minecraft:cooked_cod":3,"minecraft:oak_sapling":1,"minecraft:furnace":9,"aquaculture:fish_fillet_cooked":7,"bloomingnature:swamp_oak_planks":23,"travelersbackpack:spider":1,"minecraft:diorite":1,"minecraft:stone_pickaxe":93,"minecraft:powered_rail":1,"minecraft:oak_planks":13,"minecraft:wooden_pickaxe":15,"minecraft:glow_berries":2,"minecraft:sand":4,"alexscaves:cave_book":3,"minecraft:blast_furnace":1,"spartanshields:stone_tower_shield":105,"minecraft:cyan_bed":2,"minecraft:bread":4,"spartanshields:diamond_tower_shield":5,"minecraft:gravel":2,"ecologics:coconut_slice":6,"minecraft:waxed_cut_copper_stairs":2,"aquaculture:perch":1,"minecraft:bone_meal":12,"minecraft:cooked_salmon":8,"minecraft:stone_hoe":2,"minecraft:oak_door":4,"minecraft:torch":49,"minecraft:spyglass":4,"minecraft:dirt":41,"minecraft:diamond_helmet":1,"minecraft:granite":2,"alexsmobs:maggot":2,"minecraft:iron_axe":281,"minecraft:iron_boots":1,"alexscaves:spelunkery_table":1,"minecraft:beef":1,"tombstone:gift":6,"minecraft:cooked_beef":2,"minecraft:cobbled_deepslate":66,"bloomingnature:chestnut_door":3,"minecraft:beetroot_soup":1,"minecraft:iron_leggings":1,"alexsdelight:cooked_bison":1,"minecraft:brown_bed":2,"minecraft:calcite":2,"minecraft:cooked_mutton":7,"minecraft:water_bucket":1,"minecraft:oak_slab":1,"minecraft:tnt":2,"minecraft:crafting_table":8,"variantvanillablocks:birch_crafting_table":1,"minecraft:cake":2,"tombstone:bag_of_seeds":2,"minecraft:iron_pickaxe":138,"tombstone:magic_scroll":2,"minecraft:jungle_stairs":1,"bloomingnature:chestnut_planks":20,"minecraft:stone_axe":96,"stalwart_dungeons:stone_hammer":136,"minecraft:cobblestone":62,"minecraft:porkchop":7,"minecraft:cooked_porkchop":3,"minecraft:bucket":22,"minecraft:pumpkin_pie":5,"alexsmobs:animal_dictionary":3,"minecraft:stripped_oak_log":2,"minecraft:candle":2},"minecraft:killed_by":{"enemyexpansion:invisicreeper":3,"orcz:weirdboinecro":1,"orcz:orcshield":1},"minecraft:killed":{"alexsmobs:lobster":3,"minecraft:witch":1,"enemyexpansion:equestrian":2,"minecraft:spider":7,"minecraft:skeleton":13,"ecologics:coconut_crab":2,"minecraft:silverfish":7,"aquaculture:perch":1,"alexsmobs:centipede_head":1,"orcz:squig":3,"aquaculture:carp":5,"enemyexpansion:vampflyer":5,"orcz:weirdboinecro":2,"minecraft:pig":10,"alexsmobs:grizzly_bear":1,"minecraft:zombie_villager":1,"orcz:goblinsavagemace":2,"orcz:goblinwerid":1,"minecraft:creeper":3,"minecraft:sheep":6,"aquaculture:minnow":2,"enemyexpansion:meature":1,"minecraft:zombie":32,"enemyexpansion:vampire":1,"enemyexpansion:botfly":13,"orcz:bigorcboss":3,"alexsmobs:fly":2,"orcz:orcsavage_2sword":3,"orcz:snot":1,"orcz:orcshield":5,"minecraft:cow":4,"enemyexpansion:wasp":1,"bloomingnature:deer":2,"enemyexpansion:intruder":1,"minecraft:slime":4,"enemyexpansion:direwolf":18,"minecraft:horse":5,"enemyexpansion:faller":1,"enemyexpansion:silverqueen":2,"orcz:orcsavagemace":3,"enemyexpansion:goblin":4,"minecraft:husk":3,"enemyexpansion:troll":1,"enemyexpansion:sprinter":9,"aquaculture:jellyfish":1,"enemyexpansion:crawler":1,"enemyexpansion:huntsman":4,"enemyexpansion:slugger":1,"bloomingnature:pelican":1},"minecraft:dropped":{"minecraft:porkchop":1,"alexsdelight:raw_bison":1,"minecraft:cooked_beef":8,"minecraft:golden_pickaxe":1,"minecraft:diamond":8,"orcz:orcskull":3,"minecraft:cooked_porkchop":6,"ecologics:walnut_sapling":2,"minecraft:leather":2,"aquaculture:minnow":2,"paraglider:spirit_orb":6,"spartanshields:wooden_basic_shield":1,"minecraft:flint":1,"spartanshields:stone_tower_shield":1,"spartanshields:wooden_tower_shield":2,"bloomingnature:chestnut_sapling":6,"minecraft:pumpkin_pie":7,"minecraft:bone":12,"minecraft:spyglass":1,"bloomingnature:swamp_oak_planks":5,"alexscaves:cave_tablet":1,"minecraft:rotten_flesh":5,"minecraft:cooked_mutton":1,"minecraft:birch_trapdoor":1,"travelersbackpack:white_sleeping_bag":1,"minecraft:beetroot_seeds":2,"ecologics:coconut_husk":3,"minecraft:enchanted_book":1,"minecraft:iron_ingot":8,"minecraft:bread":2,"minecraft:wheat_seeds":20,"minecraft:feather":2,"minecraft:iron_helmet":2,"minecraft:cobblestone":3,"ecologics:crab_claw":1,"minecraft:oxeye_daisy":2,"minecraft:torch":13,"minecraft:diamond_helmet":2,"enemyexpansion:wasp_thorax":1,"tombstone:grave_dust":5,"minecraft:iron_leggings":1,"minecraft:paper":1,"minecraft:tripwire_hook":1,"ecologics:walnut_log":4,"minecraft:raw_copper":9,"minecraft:bowl":1,"minecraft:stone_shovel":1,"farmersdelight:cabbage_seeds":1,"minecraft:iron_boots":1,"alexsmobs:ancient_dart":1,"alexsmobs:cooked_kangaroo_meat":1,"orcz:orcteeth":72,"minecraft:bundle":1,"minecraft:iron_chestplate":4,"minecraft:cake":1,"minecraft:spider_eye":3,"minecraft:wooden_pickaxe":1,"minecraft:cyan_bed":3,"orcz:orchorn":3,"aquaculture:fish_fillet_cooked":3},"minecraft:crafted":{"minecraft:smooth_stone":2,"minecraft:oak_planks":96,"ecologics:walnut_planks":16,"spartanshields:wooden_tower_shield":4,"bloomingnature:swamp_oak_door":6,"minecraft:stone":2,"minecraft:cooked_mutton":6,"aquaculture:fish_fillet_raw":10,"minecraft:glass":12,"minecraft:diamond_helmet":1,"minecraft:diamond_leggings":1,"minecraft:iron_boots":1,"minecraft:chest":1,"minecraft:stone_hoe":1,"spartanshields:diamond_tower_shield":1,"minecraft:cooked_porkchop":2,"minecraft:crafting_table":2,"minecraft:wooden_pickaxe":1,"minecraft:iron_helmet":1,"travelersbackpack:standard":1,"bloomingnature:swamp_oak_planks":84,"minecraft:iron_chestplate":2,"minecraft:stick":32,"minecraft:iron_ingot":46,"minecraft:iron_pickaxe":1,"minecraft:gold_ingot":25,"spartanshields:wooden_basic_shield":1,"minecraft:oak_door":3,"bloomingnature:chestnut_planks":28,"minecraft:raw_iron":9,"minecraft:stone_shovel":1,"minecraft:furnace":1,"minecraft:bone_meal":12,"spartanshields:stone_tower_shield":3,"minecraft:diamond":9,"travelersbackpack:white_sleeping_bag":2,"alexsdelight:cooked_bison":1,"minecraft:iron_axe":2,"minecraft:stone_pickaxe":1,"minecraft:diamond_boots":1,"aquaculture:fish_fillet_cooked":10,"travelersbackpack:spider":1,"travelersbackpack:backpack_tank":2,"minecraft:cooked_salmon":4,"minecraft:bucket":1,"minecraft:stone_axe":1,"minecraft:air":0,"minecraft:white_wool":1,"aquaculture:stone_fillet_knife":1,"minecraft:iron_leggings":1,"bloomingnature:chestnut_door":3,"stalwart_dungeons:stone_hammer":2,"minecraft:torch":36,"minecraft:diamond_chestplate":1}},"DataVersion":3465}