{"stats":{"minecraft:dropped":{"spartanshields:wooden_tower_shield":2,"minecraft:wooden_pickaxe":1,"spartanshields:wooden_basic_shield":1},"minecraft:picked_up":{"minecraft:raw_iron":24,"minecraft:stick":1,"minecraft:crafting_table":3,"minecraft:torch":1,"spartanshields:wooden_tower_shield":2,"minecraft:oak_log":4,"tombstone:grave_dust":1,"minecraft:gunpowder":2,"minecraft:raw_copper":9,"bloomingnature:chestnut_log":2,"minecraft:bone":1,"minecraft:rotten_flesh":7,"minecraft:granite":2,"tombstone:bag_of_seeds":2,"minecraft:coal":5,"minecraft:cobblestone":63,"minecraft:furnace":1},"minecraft:killed":{"minecraft:zombie":8,"enemyexpansion:silverqueen":1,"enemyexpansion:huntsman":1,"enemyexpansion:intruder":1,"minecraft:silverfish":1,"enemyexpansion:sprinter":2},"minecraft:killed_by":{"enemyexpansion:invisicreeper":1},"minecraft:custom":{"minecraft:time_since_rest":432,"spartanshields:shield_bash_hits":1,"minecraft:interact_with_furnace":9,"minecraft:sprint_one_cm":33851,"minecraft:damage_taken":408,"minecraft:walk_one_cm":41067,"minecraft:damage_blocked_by_shield":290,"minecraft:mob_kills":14,"minecraft:drop":4,"minecraft:damage_dealt":3300,"minecraft:deaths":1,"minecraft:swim_one_cm":2237,"minecraft:interact_with_crafting_table":16,"minecraft:fly_one_cm":81579,"minecraft:crouch_one_cm":9109,"minecraft:play_time":22897,"tombstone:undead_killed":11,"minecraft:sneak_time":2463,"minecraft:walk_under_water_one_cm":764,"minecraft:jump":418,"minecraft:walk_on_water_one_cm":5547,"minecraft:time_since_death":1484,"minecraft:total_world_time":22897,"minecraft:fall_one_cm":16434},"minecraft:mined":{"bloomingnature:chestnut_log":2,"minecraft:furnace":1,"minecraft:iron_ore":25,"minecraft:crafting_table":2,"minecraft:grass":6,"minecraft:coal_ore":5,"minecraft:oak_log":4,"minecraft:copper_ore":3,"minecraft:tall_grass":2,"minecraft:cobblestone":3,"minecraft:stone":60},"minecraft:used":{"tombstone:bag_of_seeds":2,"minecraft:stone_pickaxe":82,"minecraft:wooden_pickaxe":15,"stalwart_dungeons:stone_hammer":12,"minecraft:torch":4,"minecraft:rotten_flesh":5,"minecraft:stone_axe":37,"minecraft:cobblestone":36,"minecraft:crafting_table":4,"minecraft:furnace":2,"tombstone:gift":4,"alexsmobs:animal_dictionary":3,"spartanshields:stone_tower_shield":7,"minecraft:granite":2},"minecraft:crafted":{"bloomingnature:chestnut_planks":8,"minecraft:smooth_stone":1,"minecraft:oak_planks":16,"minecraft:crafting_table":1,"minecraft:stick":12,"minecraft:iron_ingot":24,"minecraft:wooden_pickaxe":1,"spartanshields:wooden_tower_shield":1,"minecraft:stone_pickaxe":1,"minecraft:furnace":1,"spartanshields:wooden_basic_shield":1,"minecraft:stone":1,"stalwart_dungeons:stone_hammer":1,"minecraft:torch":4,"minecraft:stone_axe":1,"spartanshields:stone_tower_shield":1,"minecraft:air":0}},"DataVersion":3465}