{"stats":{"minecraft:custom":{"minecraft:mob_kills":106,"minecraft:interact_with_crafting_table":60,"minecraft:open_barrel":25,"minecraft:damage_dealt_resisted":739,"minecraft:eat_cake_slice":5,"minecraft:leave_game":1,"minecraft:time_since_death":2317,"minecraft:sprint_one_cm":304944,"minecraft:walk_one_cm":372194,"minecraft:damage_blocked_by_shield":2880,"minecraft:drop":48,"minecraft:play_time":130327,"minecraft:sneak_time":7513,"minecraft:deaths":5,"minecraft:walk_under_water_one_cm":16835,"minecraft:jump":4015,"minecraft:interact_with_blast_furnace":14,"minecraft:walk_on_water_one_cm":16114,"minecraft:total_world_time":130327,"minecraft:interact_with_furnace":39,"spartanshields:shield_bash_hits":6,"tombstone:raider_killed":1,"minecraft:interact_with_loom":10,"minecraft:sleep_in_bed":1,"minecraft:time_since_rest":1255,"minecraft:damage_taken":2214,"minecraft:damage_dealt":18114,"minecraft:swim_one_cm":89768,"minecraft:fly_one_cm":707088,"minecraft:open_chest":6,"minecraft:crouch_one_cm":25029,"tombstone:undead_killed":41,"minecraft:fall_one_cm":110280},"minecraft:picked_up":{"minecraft:crafting_table":5,"minecraft:brown_bed":2,"minecraft:gold_block":1,"minecraft:string":8,"minecraft:raw_copper":9,"minecraft:beetroot_soup":1,"minecraft:beetroot":1,"ecologics:walnut_sapling":2,"minecraft:candle":2,"minecraft:cobbled_deepslate":50,"farmersdelight:cabbage":4,"minecraft:beef":1,"bloomingnature:chestnut_planks":11,"farmersdelight:cabbage_seeds":11,"minecraft:furnace":7,"minecraft:stick":6,"minecraft:raw_iron":44,"orcz:orcskull":2,"minecraft:oak_door":1,"ecologics:walnut_log":8,"minecraft:torch":12,"aquaculture:perch":1,"orcz:orchorn":2,"tombstone:grave_dust":3,"minecraft:diorite":1,"bloomingnature:chestnut_log":7,"minecraft:waxed_cut_copper_stairs":2,"minecraft:arrow":8,"minecraft:rotten_flesh":27,"minecraft:jungle_stairs":1,"alexscaves:spelunkery_table":1,"aquaculture:carp":5,"minecraft:cobblestone":97,"minecraft:stripped_oak_log":4,"ecologics:walnut_planks":6,"minecraft:magma_block":1,"orcz:orcteeth":47,"minecraft:tripwire_hook":1,"minecraft:leather":2,"bloomingnature:swamp_oak_planks":11,"paraglider:spirit_orb":2,"minecraft:flint":1,"minecraft:oak_log":16,"alexsmobs:cooked_kangaroo_meat":1,"mcdw:glaive_cackling_broom":1,"minecraft:gunpowder":19,"minecraft:dirt":17,"bloomingnature:swamp_oak_door":2,"minecraft:bone":8,"minecraft:wheat_seeds":5,"variantvanillablocks:birch_crafting_table":1,"minecraft:bow":1,"minecraft:raw_gold":7,"tombstone:bag_of_seeds":2,"bloomingnature:chestnut_sapling":6,"aquaculture:minnow":2,"minecraft:oak_planks":7,"minecraft:sweet_berries":1,"minecraft:raw_iron_block":1,"minecraft:gravel":2,"spartanshields:wooden_tower_shield":2,"minecraft:blast_furnace":1,"minecraft:spider_eye":4,"minecraft:bundle":1,"minecraft:slime_ball":2,"minecraft:diamond":30,"bloomingnature:swamp_oak_log":13,"minecraft:granite":2,"alexsmobs:maggot":2,"orcz:ironscrap":2,"minecraft:coal":17},"minecraft:crafted":{"minecraft:oak_door":3,"bloomingnature:chestnut_planks":28,"minecraft:smooth_stone":2,"minecraft:oak_planks":64,"minecraft:raw_iron":9,"minecraft:stone_shovel":1,"ecologics:walnut_planks":16,"spartanshields:wooden_tower_shield":3,"bloomingnature:swamp_oak_door":6,"minecraft:furnace":1,"minecraft:stone":2,"minecraft:bone_meal":12,"spartanshields:stone_tower_shield":3,"aquaculture:fish_fillet_raw":10,"minecraft:iron_boots":1,"minecraft:iron_axe":1,"minecraft:stone_pickaxe":1,"aquaculture:fish_fillet_cooked":10,"minecraft:stone_hoe":1,"minecraft:crafting_table":2,"minecraft:iron_helmet":1,"minecraft:wooden_pickaxe":1,"bloomingnature:swamp_oak_planks":28,"minecraft:bucket":1,"minecraft:stone_axe":1,"minecraft:air":0,"minecraft:iron_chestplate":2,"minecraft:stick":28,"minecraft:iron_ingot":45,"minecraft:iron_pickaxe":1,"aquaculture:stone_fillet_knife":1,"minecraft:iron_leggings":1,"minecraft:gold_ingot":16,"bloomingnature:chestnut_door":3,"spartanshields:wooden_basic_shield":1,"stalwart_dungeons:stone_hammer":2,"minecraft:torch":36},"minecraft:killed_by":{"orcz:weirdboinecro":1,"orcz:orcshield":1,"enemyexpansion:invisicreeper":2},"minecraft:broken":{"stalwart_dungeons:stone_hammer":2,"spartanshields:stone_tower_shield":1,"minecraft:stone_axe":1},"minecraft:mined":{"alexscaves:spelunkery_table":1,"minecraft:deepslate_diamond_ore":8,"minecraft:oak_door":1,"biomesoplenty:bush":5,"minecraft:grass_block":11,"minecraft:spawner":1,"minecraft:tall_seagrass":1,"minecraft:raw_iron_block":1,"minecraft:magma_block":1,"minecraft:furnace":7,"minecraft:iron_ore":32,"minecraft:cobbled_deepslate":12,"minecraft:brown_bed":2,"variantvanillablocks:birch_crafting_table":1,"bloomingnature:chestnut_planks":8,"biomesoplenty:high_grass":1,"minecraft:deepslate_iron_ore":12,"ecologics:walnut_log":4,"minecraft:stone":86,"minecraft:waxed_cut_copper_stairs":2,"bloomingnature:chestnut_log":7,"minecraft:crafting_table":4,"minecraft:torch":2,"minecraft:blast_furnace":1,"ecologics:walnut_leaves":1,"farmersdelight:cabbages":4,"minecraft:tall_grass":16,"minecraft:copper_ore":3,"minecraft:cobblestone":8,"minecraft:deepslate_gold_ore":3,"minecraft:oak_planks":7,"minecraft:wall_torch":3,"minecraft:seagrass":1,"bloomingnature:swamp_oak_log":13,"minecraft:grass":23,"minecraft:oak_log":17,"minecraft:coal_ore":17,"minecraft:gravel":5,"minecraft:dirt":8,"ecologics:walnut_planks":6,"minecraft:gold_ore":4,"minecraft:oak_leaves":5,"minecraft:deepslate":17},"minecraft:used":{"minecraft:beetroot":1,"bloomingnature:swamp_oak_door":6,"farmersdelight:cabbage_seeds":12,"farmersdelight:cabbage":4,"minecraft:oak_door":4,"minecraft:stone_hoe":2,"minecraft:rotten_flesh":23,"minecraft:torch":38,"minecraft:dirt":17,"mcdw:glaive_cackling_broom":129,"minecraft:granite":2,"alexsmobs:maggot":2,"minecraft:iron_axe":31,"minecraft:iron_helmet":1,"minecraft:iron_boots":1,"ecologics:walnut_planks":17,"minecraft:bow":8,"minecraft:beef":1,"minecraft:sweet_berries":2,"minecraft:furnace":3,"tombstone:gift":4,"bloomingnature:swamp_oak_planks":4,"aquaculture:fish_fillet_cooked":7,"minecraft:cobbled_deepslate":42,"bloomingnature:chestnut_door":3,"minecraft:brown_bed":2,"minecraft:iron_leggings":1,"minecraft:beetroot_soup":1,"minecraft:water_bucket":1,"minecraft:diorite":1,"minecraft:stone_pickaxe":93,"minecraft:oak_planks":13,"minecraft:wooden_pickaxe":15,"minecraft:glow_berries":2,"minecraft:crafting_table":7,"variantvanillablocks:birch_crafting_table":1,"alexscaves:cave_book":2,"spartanshields:stone_tower_shield":81,"tombstone:bag_of_seeds":2,"minecraft:bread":3,"minecraft:iron_pickaxe":109,"minecraft:jungle_stairs":1,"minecraft:gravel":2,"bloomingnature:chestnut_planks":20,"minecraft:stone_axe":96,"stalwart_dungeons:stone_hammer":136,"minecraft:cobblestone":54,"minecraft:bucket":1,"minecraft:pumpkin_pie":4,"alexsmobs:animal_dictionary":3,"minecraft:waxed_cut_copper_stairs":2,"aquaculture:perch":1,"minecraft:stripped_oak_log":2,"minecraft:candle":2,"minecraft:bone_meal":12},"minecraft:dropped":{"minecraft:bread":2,"minecraft:wheat_seeds":2,"minecraft:diamond":8,"aquaculture:minnow":2,"spartanshields:wooden_basic_shield":1,"minecraft:flint":1,"spartanshields:stone_tower_shield":1,"minecraft:torch":13,"spartanshields:wooden_tower_shield":2,"bloomingnature:chestnut_sapling":6,"minecraft:pumpkin_pie":4,"minecraft:tripwire_hook":1,"ecologics:walnut_log":4,"minecraft:raw_copper":9,"minecraft:bowl":1,"farmersdelight:cabbage_seeds":1,"minecraft:stone_shovel":1,"minecraft:rotten_flesh":5,"alexsmobs:cooked_kangaroo_meat":1,"minecraft:iron_chestplate":1,"minecraft:beetroot_seeds":2,"minecraft:spider_eye":2,"minecraft:wooden_pickaxe":1,"aquaculture:fish_fillet_cooked":3,"orcz:orchorn":2},"minecraft:killed":{"minecraft:witch":1,"enemyexpansion:intruder":1,"enemyexpansion:equestrian":1,"minecraft:spider":2,"minecraft:slime":1,"enemyexpansion:direwolf":10,"minecraft:skeleton":6,"enemyexpansion:silverqueen":2,"minecraft:silverfish":7,"aquaculture:perch":1,"orcz:squig":3,"orcz:orcsavagemace":2,"enemyexpansion:goblin":1,"aquaculture:carp":5,"enemyexpansion:vampflyer":2,"orcz:weirdboinecro":1,"orcz:goblinsavagemace":2,"orcz:goblinwerid":1,"enemyexpansion:sprinter":6,"aquaculture:minnow":2,"enemyexpansion:meature":1,"minecraft:zombie":22,"enemyexpansion:huntsman":3,"orcz:bigorcboss":2,"alexsmobs:fly":1,"orcz:orcsavage_2sword":2,"orcz:orcshield":1,"minecraft:cow":1}},"DataVersion":3465}