{"stats":{"minecraft:dropped":{"spartanshields:wooden_tower_shield":2,"minecraft:wooden_pickaxe":1,"spartanshields:wooden_basic_shield":1},"minecraft:picked_up":{"minecraft:raw_iron":21,"minecraft:stick":1,"minecraft:crafting_table":2,"spartanshields:wooden_tower_shield":2,"minecraft:oak_log":4,"minecraft:raw_copper":9,"bloomingnature:chestnut_log":2,"minecraft:rotten_flesh":2,"tombstone:bag_of_seeds":1,"minecraft:coal":3,"minecraft:cobblestone":22},"minecraft:killed":{"minecraft:zombie":2,"enemyexpansion:silverqueen":1,"minecraft:silverfish":1},"minecraft:custom":{"minecraft:time_since_rest":10897,"minecraft:sprint_one_cm":24964,"minecraft:damage_taken":68,"minecraft:walk_one_cm":23258,"minecraft:damage_blocked_by_shield":70,"minecraft:mob_kills":4,"minecraft:drop":4,"minecraft:damage_dealt":956,"minecraft:interact_with_crafting_table":9,"minecraft:fly_one_cm":67530,"minecraft:crouch_one_cm":6520,"minecraft:play_time":10897,"tombstone:undead_killed":2,"minecraft:sneak_time":1797,"minecraft:jump":335,"minecraft:time_since_death":10897,"minecraft:total_world_time":10897,"minecraft:fall_one_cm":16014},"minecraft:mined":{"bloomingnature:chestnut_log":2,"minecraft:iron_ore":22,"minecraft:crafting_table":2,"minecraft:grass":6,"minecraft:coal_ore":3,"minecraft:oak_log":4,"minecraft:copper_ore":3,"minecraft:tall_grass":2,"minecraft:stone":21},"minecraft:used":{"tombstone:bag_of_seeds":1,"minecraft:stone_pickaxe":34,"minecraft:wooden_pickaxe":15,"minecraft:rotten_flesh":1,"minecraft:stone_axe":14,"minecraft:crafting_table":2,"spartanshields:stone_tower_shield":1},"minecraft:crafted":{"bloomingnature:chestnut_planks":8,"minecraft:oak_planks":16,"minecraft:crafting_table":1,"minecraft:stick":8,"minecraft:wooden_pickaxe":1,"spartanshields:wooden_tower_shield":1,"minecraft:stone_pickaxe":1,"spartanshields:wooden_basic_shield":1,"minecraft:stone_axe":1,"spartanshields:stone_tower_shield":1}},"DataVersion":3465}