{"stats":{"minecraft:broken":{"stalwart_dungeons:stone_hammer":2,"spartanshields:stone_tower_shield":2,"minecraft:stone_axe":1,"minecraft:iron_axe":2,"minecraft:iron_pickaxe":1},"minecraft:custom":{"minecraft:interact_with_crafting_table":104,"minecraft:open_barrel":42,"minecraft:eat_cake_slice":20,"minecraft:leave_game":9,"minecraft:time_since_death":121840,"minecraft:sprint_one_cm":1069461,"minecraft:damage_blocked_by_shield":7401,"minecraft:drop":169,"minecraft:play_time":354017,"minecraft:deaths":6,"minecraft:jump":10267,"minecraft:walk_on_water_one_cm":47898,"minecraft:interact_with_furnace":123,"minecraft:interact_with_cartography_table":1,"minecraft:interact_with_loom":33,"minecraft:sleep_in_bed":8,"minecraft:damage_dealt":48321,"minecraft:crouch_one_cm":43317,"tombstone:undead_killed":92,"minecraft:interact_with_smoker":3,"minecraft:mob_kills":295,"minecraft:damage_dealt_resisted":1387,"minecraft:climb_one_cm":22555,"minecraft:walk_one_cm":997338,"minecraft:sneak_time":14241,"minecraft:walk_under_water_one_cm":31704,"minecraft:interact_with_blast_furnace":50,"minecraft:total_world_time":354017,"spartanshields:shield_bash_hits":8,"tombstone:raider_killed":5,"minecraft:time_since_rest":102640,"minecraft:damage_taken":6143,"minecraft:damage_absorbed":66,"tombstone:cast_on_ally":1,"minecraft:swim_one_cm":206174,"minecraft:fly_one_cm":2182111,"minecraft:open_chest":151,"minecraft:fall_one_cm":276369},"minecraft:mined":{"orcz:orcamanita":13,"minecraft:grass_block":24,"minecraft:oxeye_daisy":1,"minecraft:spawner":7,"minecraft:tall_seagrass":1,"minecraft:raw_iron_block":1,"minecraft:magma_block":1,"minecraft:iron_ore":61,"minecraft:cobbled_deepslate":12,"minecraft:brown_bed":2,"ecologics:walnut_log":4,"minecraft:waxed_cut_copper_stairs":3,"minecraft:deepslate_redstone_ore":7,"bloomingnature:chestnut_log":7,"minecraft:torch":5,"minecraft:blast_furnace":5,"minecraft:calcite":2,"farmersdelight:safety_net":1,"minecraft:nether_brick_slab":1,"farmersdelight:cabbages":4,"minecraft:cobblestone":20,"minecraft:cyan_bed":4,"minecraft:oak_planks":8,"minecraft:wall_torch":4,"minecraft:seagrass":1,"orcz:orcagaric":8,"minecraft:birch_trapdoor":1,"minecraft:tnt":6,"minecraft:grass":143,"orcz:blue_orcshroom":9,"minecraft:oak_log":22,"minecraft:sand":13,"minecraft:dirt":26,"minecraft:oak_leaves":9,"minecraft:deepslate":17,"alexscaves:spelunkery_table":1,"minecraft:tuff":1,"minecraft:deepslate_diamond_ore":9,"minecraft:oak_door":1,"biomesoplenty:bush":5,"minecraft:large_fern":17,"minecraft:black_stained_glass_pane":2,"minecraft:furnace":11,"variantvanillablocks:birch_crafting_table":1,"orcz:orcshroom":5,"bloomingnature:chestnut_planks":8,"biomesoplenty:high_grass":1,"minecraft:deepslate_iron_ore":17,"minecraft:stone":100,"minecraft:white_wool":2,"minecraft:oak_slab":1,"minecraft:stone_brick_slab":2,"minecraft:crafting_table":5,"ecologics:walnut_leaves":1,"minecraft:tall_grass":85,"minecraft:copper_ore":3,"minecraft:deepslate_gold_ore":3,"minecraft:diorite":10,"minecraft:birch_planks":1,"bloomingnature:swamp_oak_log":21,"minecraft:birch_leaves":1,"minecraft:coal_ore":55,"minecraft:gravel":6,"ecologics:walnut_planks":6,"minecraft:gold_ore":4,"minecraft:fern":1},"minecraft:picked_up":{"minecraft:iron_chestplate":2,"minecraft:wheat":4,"minecraft:lead":1,"enemyexpansion:wasp_thorax":1,"minecraft:brown_bed":2,"minecraft:music_disc_cat":1,"minecraft:string":26,"minecraft:raw_copper":9,"minecraft:cooked_salmon":4,"minecraft:beetroot_soup":1,"minecraft:experience_bottle":1,"minecraft:beetroot":1,"minecraft:cobbled_deepslate":68,"farmersdelight:cabbage":4,"minecraft:calcite":2,"bloomingnature:chestnut_planks":11,"farmersdelight:cabbage_seeds":11,"minecraft:furnace":11,"ecologics:crab_claw":1,"minecraft:stick":6,"orcz:orcskull":3,"ecologics:walnut_log":8,"minecraft:birch_trapdoor":3,"minecraft:torch":20,"minecraft:porkchop":12,"tombstone:grave_dust":9,"minecraft:diorite":19,"bloomingnature:chestnut_log":7,"minecraft:waxed_cut_copper_stairs":2,"minecraft:rotten_flesh":50,"orcz:orcshroom":8,"alexsdelight:raw_bison":2,"alexsmobs:lobster_tail":2,"minecraft:cobblestone":148,"ecologics:walnut_planks":6,"minecraft:magma_block":1,"minecraft:feather":2,"minecraft:cooked_beef":12,"orcz:orcteeth":104,"paraglider:spirit_orb":16,"minecraft:flint":1,"minecraft:tuff":1,"alexsmobs:cooked_kangaroo_meat":1,"mcdw:glaive_cackling_broom":1,"minecraft:dirt":52,"minecraft:bone":24,"minecraft:bow":1,"minecraft:wheat_seeds":30,"minecraft:raw_gold":7,"minecraft:dark_oak_sign":2,"minecraft:diamond_helmet":1,"minecraft:powered_rail":1,"minecraft:oak_planks":8,"minecraft:cooked_porkchop":9,"minecraft:music_disc_13":1,"orcz:orcagaric":9,"orcz:blue_orcshroom":5,"minecraft:sand":30,"ecologics:coconut_husk":1,"minecraft:diamond_block":1,"minecraft:cyan_bed":6,"minecraft:bundle":2,"minecraft:diamond":31,"bloomingnature:swamp_oak_log":21,"minecraft:granite":2,"minecraft:golden_apple":1,"alexsmobs:maggot":2,"orcz:ironscrap":6,"minecraft:oak_sapling":1,"minecraft:crafting_table":7,"minecraft:golden_pickaxe":1,"minecraft:gold_block":2,"spartanshields:stone_tower_shield":1,"ecologics:walnut_sapling":2,"minecraft:candle":2,"minecraft:beef":1,"minecraft:chest":1,"minecraft:phantom_membrane":1,"minecraft:raw_iron":78,"minecraft:oak_door":1,"ecologics:coconut_slice":6,"minecraft:copper_ingot":1,"aquaculture:perch":1,"farmersdelight:tomato_seeds":10,"orcz:orchorn":3,"minecraft:carrot":1,"minecraft:redstone":31,"minecraft:tnt":6,"minecraft:arrow":33,"minecraft:cooked_cod":3,"minecraft:beetroot_seeds":3,"minecraft:pumpkin_pie":2,"minecraft:jungle_stairs":1,"mcda:phantom_bones":1,"alexscaves:spelunkery_table":1,"aquaculture:carp":5,"minecraft:mutton":10,"minecraft:white_wool":7,"minecraft:oxeye_daisy":2,"minecraft:stripped_oak_log":4,"enemyexpansion:horsehead_helmet":1,"minecraft:tripwire_hook":1,"minecraft:leather":10,"bloomingnature:swamp_oak_planks":39,"minecraft:birch_planks":1,"minecraft:oak_log":26,"minecraft:gunpowder":31,"minecraft:cooked_mutton":2,"bloomingnature:swamp_oak_door":2,"bloomingnature:foxglove_white":1,"variantvanillablocks:birch_crafting_table":1,"minecraft:iron_ingot":2,"tombstone:bag_of_seeds":3,"bloomingnature:chestnut_sapling":6,"aquaculture:minnow":2,"minecraft:oak_slab":1,"enemyexpansion:phantom_eye":1,"minecraft:sweet_berries":1,"minecraft:stone_brick_slab":2,"minecraft:spyglass":1,"minecraft:raw_iron_block":1,"minecraft:gravel":2,"spartanshields:wooden_tower_shield":2,"orcz:orcamanita":8,"minecraft:blast_furnace":5,"minecraft:spider_eye":10,"minecraft:slime_ball":10,"minecraft:iron_helmet":1,"minecraft:gray_wool":2,"tombstone:magic_scroll":1,"orcz:orceye":1,"minecraft:coal":84},"minecraft:used":{"minecraft:beetroot":4,"orcz:blue_orcshroom":1,"mcdw:sword_claymore":51,"bloomingnature:swamp_oak_door":6,"bloomingnature:foxglove_white":1,"farmersdelight:cabbage_seeds":12,"farmersdelight:cabbage":4,"minecraft:rotten_flesh":40,"orcz:orcshroom":1,"mcdw:glaive_cackling_broom":225,"minecraft:tuff":17,"minecraft:milk_bucket":2,"minecraft:lava_bucket":27,"minecraft:iron_helmet":1,"ecologics:walnut_planks":17,"minecraft:birch_trapdoor":2,"minecraft:bow":27,"minecraft:sweet_berries":2,"minecraft:oak_sapling":1,"minecraft:cooked_cod":3,"minecraft:furnace":9,"farmersdelight:safety_net":3,"aquaculture:fish_fillet_cooked":7,"bloomingnature:swamp_oak_planks":23,"orcz:orcskull":1,"travelersbackpack:spider":2,"minecraft:diorite":3,"minecraft:stone_pickaxe":99,"minecraft:powered_rail":1,"minecraft:oak_planks":13,"minecraft:wooden_pickaxe":15,"minecraft:white_wool":2,"minecraft:golden_apple":2,"minecraft:glow_berries":2,"minecraft:sand":4,"alexscaves:cave_book":4,"minecraft:blast_furnace":5,"spartanshields:stone_tower_shield":105,"minecraft:bread":6,"minecraft:cyan_bed":2,"spartanshields:diamond_tower_shield":56,"minecraft:gravel":2,"ecologics:coconut_slice":6,"minecraft:waxed_cut_copper_stairs":2,"aquaculture:perch":1,"minecraft:bone_meal":12,"minecraft:experience_bottle":1,"minecraft:cooked_salmon":10,"minecraft:stone_hoe":2,"minecraft:oak_door":4,"minecraft:torch":54,"minecraft:spyglass":4,"minecraft:dirt":73,"minecraft:diamond_helmet":3,"minecraft:granite":2,"minecraft:stone_brick_slab":2,"alexsmobs:maggot":2,"minecraft:iron_axe":431,"minecraft:iron_boots":1,"alexscaves:spelunkery_table":1,"minecraft:golden_carrot":2,"minecraft:beef":1,"tombstone:gift":8,"minecraft:cooked_beef":6,"minecraft:cobbled_deepslate":66,"bloomingnature:chestnut_door":3,"enemyexpansion:headbiter_helmet":2,"minecraft:beetroot_soup":1,"alexsdelight:cooked_bison":1,"minecraft:iron_leggings":1,"minecraft:brown_bed":2,"minecraft:calcite":2,"minecraft:cooked_mutton":7,"minecraft:water_bucket":1,"minecraft:birch_planks":1,"minecraft:baked_potato":5,"minecraft:tnt":6,"minecraft:oak_slab":1,"minecraft:crafting_table":9,"variantvanillablocks:birch_crafting_table":1,"minecraft:cake":2,"tombstone:bag_of_seeds":2,"minecraft:iron_pickaxe":251,"tombstone:magic_scroll":2,"minecraft:jungle_stairs":1,"bloomingnature:chestnut_planks":20,"minecraft:stone_axe":96,"stalwart_dungeons:stone_hammer":136,"minecraft:cobblestone":78,"minecraft:porkchop":7,"minecraft:cooked_porkchop":16,"minecraft:bucket":29,"minecraft:pumpkin_pie":5,"alexsmobs:animal_dictionary":3,"enemyexpansion:horsehead_helmet":1,"minecraft:stripped_oak_log":2,"minecraft:gray_wool":1,"minecraft:candle":2},"minecraft:killed_by":{"enemyexpansion:invisicreeper":3,"orcz:weirdboinecro":1,"orcz:orcshield":1},"minecraft:killed":{"alexsmobs:lobster":3,"minecraft:witch":1,"minecraft:spider":14,"enemyexpansion:equestrian":5,"minecraft:skeleton":20,"bloomingnature:squirrel":1,"ecologics:coconut_crab":2,"minecraft:silverfish":7,"aquaculture:perch":1,"alexsmobs:centipede_head":1,"orcz:squig":3,"aquaculture:carp":5,"enemyexpansion:vampflyer":5,"orcz:weirdboinecro":2,"minecraft:pig":10,"alexsmobs:grizzly_bear":1,"minecraft:zombie_villager":1,"orcz:goblinsavagemace":9,"orcz:goblinwerid":1,"minecraft:creeper":3,"minecraft:sheep":6,"aquaculture:minnow":2,"enemyexpansion:meature":1,"minecraft:zombie":36,"enemyexpansion:vampire":1,"enemyexpansion:botfly":13,"orcz:bigorcboss":3,"alexsmobs:fly":2,"orcz:orcsavage_2sword":5,"orcz:snot":9,"orcz:orcshield":10,"minecraft:cow":4,"enemyexpansion:wasp":1,"bloomingnature:deer":2,"enemyexpansion:intruder":1,"minecraft:slime":4,"enemyexpansion:direwolf":25,"minecraft:phantom":4,"minecraft:horse":5,"enemyexpansion:faller":1,"enemyexpansion:silverqueen":2,"orcz:orcsavagemace":5,"orcz:orcsavageweird":1,"enemyexpansion:goblin":5,"minecraft:husk":3,"enemyexpansion:troll":1,"enemyexpansion:sprinter":9,"aquaculture:jellyfish":1,"minecraft:hoglin":3,"enemyexpansion:crawler":1,"enemyexpansion:huntsman":5,"minecraft:wither_skeleton":1,"enemyexpansion:slugger":1,"bloomingnature:pelican":1},"minecraft:dropped":{"minecraft:porkchop":1,"alexsdelight:raw_bison":1,"minecraft:cooked_beef":8,"minecraft:golden_pickaxe":1,"minecraft:diamond":9,"orcz:orcskull":3,"minecraft:cooked_porkchop":6,"ecologics:walnut_sapling":2,"minecraft:leather":2,"aquaculture:minnow":2,"travelersbackpack:standard":1,"minecraft:flint":1,"paraglider:spirit_orb":12,"spartanshields:wooden_basic_shield":1,"tombstone:bag_of_seeds":1,"spartanshields:stone_tower_shield":1,"spartanshields:wooden_tower_shield":2,"bloomingnature:chestnut_sapling":6,"minecraft:pumpkin_pie":7,"minecraft:bone":12,"enemyexpansion:horsehead_helmet":1,"minecraft:spyglass":1,"bloomingnature:swamp_oak_planks":5,"alexscaves:cave_tablet":1,"minecraft:rotten_flesh":7,"minecraft:cooked_mutton":1,"orcz:orcshroom":1,"minecraft:carrot":1,"minecraft:birch_trapdoor":1,"travelersbackpack:white_sleeping_bag":1,"minecraft:beetroot_seeds":2,"ecologics:coconut_husk":3,"farmersdelight:tomato_seeds":11,"minecraft:enchanted_book":1,"minecraft:stone_hoe":1,"minecraft:iron_ingot":8,"minecraft:bread":2,"minecraft:wheat_seeds":23,"minecraft:iron_helmet":2,"minecraft:feather":2,"minecraft:cobblestone":3,"minecraft:lead":2,"ecologics:crab_claw":1,"minecraft:oxeye_daisy":2,"minecraft:gray_wool":1,"minecraft:diorite":16,"minecraft:torch":13,"minecraft:diamond_helmet":2,"enemyexpansion:wasp_thorax":1,"tombstone:grave_dust":6,"minecraft:iron_leggings":1,"minecraft:paper":1,"minecraft:tripwire_hook":1,"ecologics:walnut_log":4,"minecraft:raw_copper":9,"minecraft:bowl":1,"farmersdelight:cabbage_seeds":1,"minecraft:raw_iron":36,"minecraft:stone_shovel":1,"minecraft:iron_boots":1,"alexsmobs:ancient_dart":1,"alexsmobs:cooked_kangaroo_meat":1,"alexsmobs:lobster_tail":2,"orcz:orcteeth":72,"minecraft:bundle":1,"minecraft:iron_chestplate":4,"minecraft:cake":1,"minecraft:spider_eye":3,"minecraft:wooden_pickaxe":1,"minecraft:cyan_bed":3,"aquaculture:fish_fillet_cooked":3,"orcz:orchorn":3},"minecraft:crafted":{"minecraft:smooth_stone":2,"minecraft:oak_planks":112,"ecologics:walnut_planks":16,"spartanshields:wooden_tower_shield":4,"bloomingnature:swamp_oak_door":6,"minecraft:stone":2,"minecraft:cooked_mutton":6,"aquaculture:fish_fillet_raw":10,"farmersdelight:safety_net":3,"minecraft:glass":26,"minecraft:diamond_helmet":1,"minecraft:diamond_leggings":1,"minecraft:iron_boots":1,"minecraft:chest":2,"minecraft:stone_hoe":1,"spartanshields:diamond_tower_shield":1,"minecraft:cooked_porkchop":13,"minecraft:crafting_table":2,"minecraft:wooden_pickaxe":1,"minecraft:iron_helmet":1,"travelersbackpack:standard":2,"bloomingnature:swamp_oak_planks":84,"travelersbackpack:red_sleeping_bag":1,"minecraft:iron_chestplate":2,"minecraft:stick":36,"minecraft:iron_ingot":75,"minecraft:iron_pickaxe":1,"minecraft:iron_block":1,"minecraft:gold_ingot":25,"spartanshields:wooden_basic_shield":1,"mcdw:sword_iron_sword_var":1,"mcdw:sword_claymore":1,"minecraft:oak_door":3,"bloomingnature:chestnut_planks":28,"minecraft:raw_iron":9,"minecraft:stone_shovel":1,"minecraft:furnace":1,"minecraft:bone_meal":12,"spartanshields:stone_tower_shield":3,"minecraft:diamond":9,"travelersbackpack:white_sleeping_bag":2,"alexsdelight:cooked_bison":1,"minecraft:iron_axe":3,"minecraft:stone_pickaxe":2,"minecraft:diamond_boots":1,"mcdw:sword_broadsword":1,"aquaculture:fish_fillet_cooked":10,"minecraft:lead":2,"travelersbackpack:spider":2,"minecraft:cooked_beef":2,"travelersbackpack:backpack_tank":4,"minecraft:iron_sword":1,"minecraft:cooked_salmon":4,"minecraft:bucket":1,"minecraft:stone_axe":1,"minecraft:air":0,"minecraft:white_wool":1,"aquaculture:stone_fillet_knife":1,"minecraft:iron_leggings":1,"bloomingnature:chestnut_door":3,"stalwart_dungeons:stone_hammer":2,"minecraft:torch":36,"minecraft:diamond_chestplate":1}},"DataVersion":3465}