{"stats":{"minecraft:dropped":{"bloomingnature:freesia_pink":1,"minecraft:porkchop":1,"alexsdelight:raw_bison":1,"minecraft:cooked_beef":8,"minecraft:glass_bottle":1,"minecraft:diamond":9,"orcz:orcskull":3,"minecraft:cooked_porkchop":6,"mcdw:pick_diamond_pickaxe_var":2,"minecraft:saddle":1,"friendsandfoes:totem_of_illusion":1,"spartanshields:wooden_basic_shield":1,"minecraft:item_frame":1,"minecraft:dirt":2,"mcda:ghostly_armor_leggings":1,"spartanshields:wooden_tower_shield":2,"bloomingnature:chestnut_sapling":6,"minecraft:bone_meal":45,"minecraft:bone_block":3,"minecraft:sugar":1,"minecraft:bone":29,"minecraft:oak_door":10,"minecraft:nether_brick":29,"alexscaves:cave_tablet":1,"minecraft:wheat":3,"minecraft:obsidian":2,"tombstone:gift":1,"minecraft:rotten_flesh":16,"minecraft:oak_planks":2,"aquaculture:boulti":1,"minecraft:acacia_sapling":1,"minecraft:ghast_tear":1,"farmersdelight:tomato_seeds":11,"minecraft:enchanted_book":1,"minecraft:iron_ingot":12,"minecraft:wheat_seeds":48,"minecraft:feather":2,"minecraft:iron_helmet":2,"minecraft:cobblestone":4,"minecraft:coal":14,"minecraft:oxeye_daisy":2,"minecraft:gray_wool":1,"minecraft:golden_carrot":3,"biomesoplenty:brimstone":2,"minecraft:diamond_helmet":3,"enemyexpansion:wasp_thorax":1,"minecraft:paper":1,"minecraft:bowl":1,"minecraft:stone_shovel":1,"minecraft:iron_boots":1,"orcz:skullwand":1,"alexsmobs:cooked_kangaroo_meat":1,"minecraft:allium":2,"minecraft:bundle":3,"minecraft:spider_eye":3,"minecraft:bow":1,"waystones:waystone":4,"minecraft:cyan_bed":3,"orcz:orchorn":4,"aquaculture:fish_fillet_cooked":3,"mcda:fox_armor_leggings":2,"minecraft:brown_mushroom":2,"minecraft:baked_potato":15,"minecraft:golden_pickaxe":1,"ecologics:coconut_slice":6,"minecraft:netherite_upgrade_smithing_template":2,"ecologics:walnut_sapling":2,"orcz:blue_orcshroom":4,"aquaculture:minnow":2,"minecraft:leather":2,"travelersbackpack:standard":1,"paraglider:spirit_orb":12,"minecraft:flint":1,"spartanshields:stone_tower_shield":1,"tombstone:bag_of_seeds":1,"mcda:phantom_bones":1,"minecraft:pumpkin_pie":7,"minecraft:gold_ingot":37,"enemyexpansion:horsehead_helmet":1,"minecraft:blackstone":8,"minecraft:spyglass":1,"bloomingnature:swamp_oak_planks":5,"mcdw:glaive_cackling_broom":1,"minecraft:cooked_mutton":1,"orcz:orcshroom":1,"minecraft:carrot":1,"minecraft:gunpowder":2,"minecraft:birch_trapdoor":1,"travelersbackpack:white_sleeping_bag":1,"minecraft:beetroot_seeds":2,"ecologics:coconut_husk":5,"minecraft:quartz":14,"minecraft:netherrack":1519,"minecraft:stone_hoe":1,"minecraft:bread":2,"minecraft:golden_helmet":1,"minecraft:lead":2,"ecologics:crab_claw":1,"minecraft:diorite":16,"minecraft:torch":13,"mcda:evocation_robe_chestplate":1,"minecraft:fire_charge":1,"tombstone:grave_dust":12,"minecraft:iron_leggings":1,"mcda:wolf_armor_chestplate":1,"minecraft:tripwire_hook":1,"ecologics:walnut_log":4,"minecraft:redstone":1,"friendsandfoes:totem_of_freezing":1,"minecraft:raw_copper":9,"minecraft:raw_iron":76,"farmersdelight:cabbage_seeds":1,"alexsmobs:ancient_dart":1,"orcz:ironscrap":2,"minecraft:filled_map":1,"alexsmobs:lobster_tail":2,"orcz:orcteeth":99,"biomesoplenty:glowworm_silk":4,"minecraft:iron_chestplate":4,"minecraft:cake":1,"tombstone:essence_of_undeath":1,"minecraft:wooden_pickaxe":1},"minecraft:picked_up":{"minecraft:iron_chestplate":2,"farmersdelight:cabbage_rolls":2,"minecraft:lead":3,"minecraft:oak_stairs":2,"minecraft:brown_bed":2,"minecraft:enchanted_book":2,"minecraft:music_disc_cat":1,"minecraft:string":41,"minecraft:cooked_salmon":4,"minecraft:beetroot_soup":1,"minecraft:beetroot":1,"minecraft:cobbled_deepslate":84,"minecraft:gold_nugget":95,"minecraft:netherite_upgrade_smithing_template":1,"ecologics:crab_claw":1,"minecraft:diamond_ore":1,"minecraft:golden_helmet":1,"orcz:orcskull":4,"minecraft:waxed_cut_copper_stairs":2,"bloomingnature:chestnut_log":7,"mcdw:pick_diamond_pickaxe_var":2,"minecraft:blaze_rod":17,"alexsmobs:lobster_tail":2,"minecraft:magma_block":6,"minecraft:feather":2,"minecraft:cooked_beef":13,"orcz:orcteeth":145,"minecraft:flint":2,"mcdw:glaive_cackling_broom":2,"alexsmobs:cooked_kangaroo_meat":1,"minecraft:lantern":1,"minecraft:dark_oak_sign":2,"minecraft:diamond_helmet":1,"bloomingnature:freesia_pink":1,"orcz:blue_orcshroom":16,"ecologics:coconut_husk":1,"minecraft:bundle":4,"stalwart_dungeons:spore_vaporizer":2,"minecraft:deepslate":53,"minecraft:writable_book":1,"enchantinginfuser:enchanting_infuser":1,"minecraft:blue_ice":1,"minecraft:granite":13,"alexsmobs:maggot":2,"minecraft:crafting_table":7,"minecraft:golden_pickaxe":1,"friendsandfoes:totem_of_illusion":3,"minecraft:cornflower":1,"minecraft:deepslate_diamond_ore":8,"minecraft:beef":1,"minecraft:chest":1,"minecraft:egg":2,"minecraft:stone":162,"minecraft:oak_door":6,"minecraft:fire_charge":3,"farmersdelight:tomato_seeds":10,"orcz:orchorn":4,"minecraft:cake":1,"minecraft:carrot":1,"minecraft:redstone":32,"minecraft:mushroom_stem":1,"biomesoplenty:glowshroom_block":7,"minecraft:tnt":7,"minecraft:cooked_cod":3,"minecraft:beetroot_seeds":3,"mcda:phantom_bones":3,"aquaculture:carp":5,"minecraft:gold_ingot":4,"tombstone:essence_of_undeath":1,"minecraft:totem_of_undying":1,"minecraft:mutton":10,"minecraft:white_wool":67,"minecraft:bone_block":3,"minecraft:oxeye_daisy":5,"minecraft:stripped_oak_log":18,"enemyexpansion:horsehead_helmet":1,"minecraft:tripwire_hook":1,"biomesoplenty:huge_clover_petal":4,"minecraft:oak_log":29,"minecraft:ancient_debris":9,"minecraft:white_banner":5,"bloomingnature:swamp_oak_door":2,"minecraft:iron_ore":14,"tombstone:bag_of_seeds":3,"mcda:evocation_robe_chestplate":1,"minecraft:smooth_basalt":2,"enemyexpansion:phantom_eye":1,"minecraft:sweet_berries":1,"minecraft:spyglass":1,"minecraft:gravel":3,"orcz:orcamanita":12,"minecraft:crying_obsidian":2,"aquaculture:boulti":1,"minecraft:coal_ore":61,"minecraft:slime_ball":10,"minecraft:deepslate_redstone_ore":3,"minecraft:gray_wool":2,"minecraft:ender_pearl":4,"minecraft:wheat":7,"aquaculture:synodontis":5,"enemyexpansion:wasp_thorax":1,"minecraft:nether_brick":76,"mcda:fox_armor_leggings":2,"minecraft:raw_copper":9,"minecraft:experience_bottle":2,"minecraft:oak_sign":1,"mcda:wolf_armor_chestplate":1,"biomesoplenty:brimstone":8,"farmersdelight:cabbage":4,"minecraft:rose_bush":1,"minecraft:calcite":2,"bloomingnature:chestnut_planks":13,"minecraft:deepslate_iron_ore":23,"farmersdelight:cabbage_seeds":11,"minecraft:furnace":11,"minecraft:stick":8,"ecologics:walnut_log":8,"minecraft:birch_trapdoor":3,"minecraft:oak_fence":1,"minecraft:torch":24,"minecraft:porkchop":15,"tombstone:grave_dust":15,"minecraft:diorite":24,"minecraft:nether_gold_ore":8,"minecraft:rotten_flesh":68,"orcz:orcshroom":13,"alexsdelight:raw_bison":2,"minecraft:obsidian":5,"minecraft:cobblestone":212,"ecologics:walnut_planks":6,"minecraft:andesite":21,"minecraft:black_bed":1,"minecraft:potato":64,"paraglider:spirit_orb":22,"minecraft:tuff":11,"minecraft:dirt":89,"minecraft:lapis_lazuli":4,"minecraft:bone":54,"bloomingnature:bluebell":6,"minecraft:bow":2,"minecraft:wheat_seeds":115,"minecraft:raw_gold":7,"minecraft:powered_rail":1,"minecraft:oak_planks":46,"friendsandfoes:totem_of_freezing":2,"biomesoplenty:toadstool":1,"minecraft:ghast_tear":1,"minecraft:cooked_porkchop":9,"minecraft:music_disc_13":1,"orcz:orcagaric":14,"orcz:skullwand":1,"minecraft:sand":30,"minecraft:diamond_block":1,"minecraft:cyan_bed":6,"minecraft:grass_block":7,"minecraft:lily_of_the_valley":8,"minecraft:spectral_arrow":31,"minecraft:sugar":1,"minecraft:diamond":46,"bloomingnature:swamp_oak_log":21,"waystones:waystone":4,"minecraft:golden_apple":1,"minecraft:emerald":4,"orcz:ironscrap":23,"minecraft:oak_sapling":1,"minecraft:netherrack":1867,"minecraft:allium":2,"minecraft:azure_bluet":1,"minecraft:brown_mushroom":4,"minecraft:cooked_rabbit":1,"minecraft:gold_block":5,"minecraft:iron_axe":1,"minecraft:item_frame":4,"spartanshields:stone_tower_shield":1,"minecraft:blackstone":65,"ecologics:walnut_sapling":2,"minecraft:candle":4,"minecraft:phantom_membrane":3,"minecraft:raw_iron":185,"ecologics:coconut_slice":14,"minecraft:copper_ingot":1,"aquaculture:perch":1,"minecraft:arrow":61,"minecraft:pumpkin_pie":2,"minecraft:jungle_stairs":1,"alexscaves:spelunkery_table":1,"minecraft:leather":24,"bloomingnature:swamp_oak_planks":41,"minecraft:birch_planks":1,"minecraft:gunpowder":46,"minecraft:cooked_mutton":2,"bloomingnature:foxglove_white":1,"variantvanillablocks:birch_crafting_table":1,"biomesoplenty:glowworm_silk":4,"minecraft:iron_ingot":3,"minecraft:cooked_chicken":1,"bloomingnature:chestnut_sapling":6,"aquaculture:minnow":2,"minecraft:soul_sand":11,"minecraft:acacia_sapling":1,"minecraft:oak_slab":1,"minecraft:nether_quartz_ore":20,"minecraft:stone_brick_slab":4,"minecraft:quartz":23,"minecraft:raw_iron_block":1,"spartanshields:wooden_tower_shield":2,"minecraft:blast_furnace":5,"minecraft:white_bed":5,"minecraft:spider_eye":15,"minecraft:iron_helmet":1,"tombstone:magic_scroll":2,"orcz:orceye":1,"minecraft:coal":97},"minecraft:mined":{"minecraft:white_bed":3,"biomesoplenty:brimstone":7,"minecraft:obsidian":2,"minecraft:granite":7,"minecraft:nether_wart":1,"minecraft:oxeye_daisy":1,"minecraft:spawner":10,"minecraft:tall_seagrass":1,"minecraft:magma_block":6,"minecraft:cobbled_deepslate":14,"minecraft:fire":277,"biomesoplenty:glowshroom_block":9,"minecraft:oak_sign":1,"minecraft:oak_stairs":2,"bloomingnature:chestnut_log":7,"biomesoplenty:glowworm_silk":6,"minecraft:torch":5,"minecraft:blast_furnace":5,"minecraft:nether_brick_slab":1,"farmersdelight:cabbages":4,"minecraft:cyan_bed":4,"minecraft:amethyst_block":2,"minecraft:grass":200,"minecraft:smooth_basalt":2,"minecraft:deepslate":89,"minecraft:nether_bricks":7,"minecraft:allium":1,"minecraft:spruce_fence":1,"minecraft:redstone_wire":1,"minecraft:black_stained_glass_pane":2,"minecraft:andesite":28,"orcz:orcshroom":7,"bloomingnature:chestnut_planks":10,"biomesoplenty:high_grass":1,"biomesoplenty:brimstone_bud":3,"minecraft:bone_block":3,"minecraft:white_wool":30,"orcz:scrapblock":3,"minecraft:oak_slab":1,"bloomingnature:swamp_oak_planks":2,"minecraft:stone_brick_slab":4,"ecologics:walnut_leaves":1,"minecraft:tall_grass":121,"minecraft:copper_ore":3,"minecraft:deepslate_gold_ore":3,"minecraft:diorite":19,"minecraft:birch_leaves":1,"minecraft:gravel":9,"minecraft:stone_bricks":1,"minecraft:gold_ore":6,"minecraft:fern":2,"stalwart_dungeons:spore_vaporizer":2,"orcz:orcamanita":14,"minecraft:grass_block":61,"minecraft:raw_iron_block":1,"minecraft:iron_ore":76,"minecraft:azure_bluet":2,"minecraft:brown_bed":2,"ecologics:walnut_log":4,"minecraft:waxed_cut_copper_stairs":3,"minecraft:deepslate_redstone_ore":10,"minecraft:blackstone":10,"minecraft:calcite":6,"farmersdelight:safety_net":1,"minecraft:mushroom_stem":3,"minecraft:nether_quartz_ore":20,"minecraft:cobblestone":25,"minecraft:oak_planks":9,"minecraft:wall_torch":6,"minecraft:seagrass":1,"orcz:orcagaric":11,"minecraft:birch_trapdoor":1,"minecraft:tnt":7,"orcz:blue_orcshroom":10,"minecraft:oak_log":22,"minecraft:sand":13,"minecraft:dirt":40,"minecraft:netherrack":2780,"minecraft:ancient_debris":9,"minecraft:oak_leaves":9,"minecraft:nether_gold_ore":24,"alexscaves:spelunkery_table":1,"minecraft:diamond_ore":1,"minecraft:tuff":10,"enchantinginfuser:enchanting_infuser":1,"minecraft:deepslate_diamond_ore":18,"minecraft:oak_door":1,"biomesoplenty:bush":9,"minecraft:large_fern":21,"minecraft:furnace":11,"minecraft:gold_block":3,"bloomingnature:swamp_oak_leaves":2,"variantvanillablocks:birch_crafting_table":1,"minecraft:deepslate_iron_ore":43,"minecraft:stone":263,"minecraft:basalt":1,"minecraft:oak_fence":1,"minecraft:crafting_table":5,"minecraft:rose_bush":1,"biomesoplenty:huge_clover_petal":4,"minecraft:birch_planks":1,"bloomingnature:swamp_oak_log":21,"minecraft:coal_ore":125,"ecologics:walnut_planks":6},"minecraft:used":{"minecraft:beetroot":4,"orcz:blue_orcshroom":2,"mcda:ghostly_armor_leggings":1,"mcdw:sword_claymore":442,"bloomingnature:swamp_oak_door":6,"farmersdelight:cabbage_seeds":12,"farmersdelight:cabbage":4,"minecraft:stone":52,"minecraft:rotten_flesh":40,"minecraft:lily_of_the_valley":4,"aquaculture:synodontis":3,"minecraft:azure_bluet":1,"minecraft:lava_bucket":27,"minecraft:grass_block":7,"stalwart_dungeons:spore_vaporizer":1,"friendsandfoes:totem_of_freezing":1,"minecraft:bow":85,"minecraft:sweet_berries":2,"minecraft:furnace":9,"minecraft:oak_sapling":1,"minecraft:cooked_cod":3,"minecraft:egg":2,"minecraft:diorite":8,"minecraft:powered_rail":1,"minecraft:blackstone":57,"minecraft:wooden_pickaxe":15,"minecraft:golden_apple":3,"minecraft:glow_berries":2,"minecraft:sand":4,"minecraft:blast_furnace":5,"minecraft:deepslate_iron_ore":23,"spartanshields:diamond_tower_shield":184,"minecraft:diamond_ore":1,"minecraft:smithing_table":1,"minecraft:waxed_cut_copper_stairs":2,"minecraft:cooked_salmon":10,"minecraft:netherrack":216,"minecraft:torch":61,"minecraft:ancient_debris":2,"minecraft:nether_quartz_ore":20,"minecraft:iron_axe":442,"minecraft:smooth_basalt":2,"minecraft:diamond_chestplate":1,"minecraft:beef":1,"tombstone:gift":10,"minecraft:cobbled_deepslate":80,"alexsdelight:cooked_bison":1,"enemyexpansion:headbiter_helmet":2,"minecraft:calcite":2,"minecraft:water_bucket":87,"minecraft:birch_planks":1,"minecraft:oak_slab":1,"minecraft:tnt":7,"minecraft:crafting_table":12,"minecraft:white_bed":21,"minecraft:cake":3,"minecraft:suspicious_stew":1,"minecraft:iron_pickaxe":251,"tombstone:magic_scroll":3,"stalwart_dungeons:stone_hammer":136,"minecraft:cobblestone":97,"minecraft:potion":1,"minecraft:cooked_porkchop":20,"minecraft:porkchop":7,"minecraft:stripped_oak_log":2,"minecraft:candle":4,"minecraft:diamond_leggings":1,"farmersdelight:cabbage_rolls":2,"bloomingnature:foxglove_white":1,"minecraft:oak_sign":1,"orcz:orcshroom":3,"mcdw:glaive_cackling_broom":378,"minecraft:tuff":24,"minecraft:milk_bucket":2,"minecraft:coal_ore":61,"minecraft:lantern":1,"minecraft:iron_helmet":1,"orcz:orcagaric":1,"minecraft:item_frame":4,"ecologics:walnut_planks":17,"minecraft:deepslate_diamond_ore":8,"minecraft:birch_trapdoor":2,"minecraft:magma_block":5,"farmersdelight:safety_net":3,"bloomingnature:swamp_oak_planks":23,"aquaculture:fish_fillet_cooked":7,"orcz:orcskull":2,"travelersbackpack:spider":6,"minecraft:diamond_boots":1,"minecraft:stone_pickaxe":99,"minecraft:oak_planks":14,"minecraft:white_wool":2,"alexscaves:cave_book":7,"spartanshields:stone_tower_shield":105,"minecraft:black_bed":1,"minecraft:cyan_bed":2,"minecraft:bread":9,"minecraft:deepslate":5,"minecraft:gravel":3,"ecologics:coconut_slice":8,"minecraft:cooked_rabbit":1,"minecraft:andesite":20,"minecraft:bone_meal":15,"aquaculture:perch":1,"minecraft:experience_bottle":2,"minecraft:oak_fence":2,"minecraft:rose_bush":1,"biomesoplenty:brimstone":6,"minecraft:flint_and_steel":35,"mcdw:pick_diamond_pickaxe_var":3343,"minecraft:stone_hoe":2,"minecraft:cooked_chicken":1,"minecraft:oak_door":5,"minecraft:dirt":108,"minecraft:spyglass":4,"minecraft:diamond_helmet":4,"minecraft:granite":8,"minecraft:stone_brick_slab":4,"alexsmobs:maggot":2,"minecraft:iron_boots":1,"alexscaves:spelunkery_table":1,"minecraft:golden_carrot":5,"minecraft:cooked_beef":6,"bloomingnature:chestnut_door":3,"minecraft:iron_leggings":2,"minecraft:beetroot_soup":1,"minecraft:brown_bed":2,"minecraft:cooked_mutton":8,"minecraft:iron_ore":14,"minecraft:baked_potato":169,"biomesoplenty:huge_clover_petal":4,"variantvanillablocks:birch_crafting_table":1,"minecraft:nether_gold_ore":7,"tombstone:bag_of_seeds":2,"minecraft:jungle_stairs":1,"bloomingnature:chestnut_planks":22,"minecraft:stone_axe":96,"minecraft:white_banner":3,"minecraft:bucket":116,"minecraft:pumpkin_pie":5,"alexsmobs:animal_dictionary":3,"enemyexpansion:horsehead_helmet":1,"minecraft:gray_wool":1},"minecraft:killed":{"alexsmobs:lobster":3,"enemyexpansion:equestrian":8,"minecraft:skeleton":53,"bloomingnature:squirrel":1,"ecologics:coconut_crab":2,"alexsmobs:centipede_head":1,"bloomingnature:boar":1,"enemyexpansion:vampflyer":6,"stalwart_dungeons:giddy_blaze":14,"orcz:goblinwerid":3,"minecraft:pillager":17,"enemyexpansion:meature":1,"minecraft:zombie":64,"enemyexpansion:vampire":1,"enemyexpansion:botfly":23,"orcz:bigorcboss":4,"orcz:orcsavage_2sword":8,"minecraft:cow":4,"minecraft:evoker":1,"bloomingnature:deer":2,"minecraft:vindicator":8,"minecraft:horse":5,"enemyexpansion:faller":1,"enemyexpansion:silverqueen":3,"stalwart_dungeons:nether_wart_cocoon":5,"orcz:orcsavagemace":5,"orcz:orcsavageweird":2,"minecraft:husk":3,"enemyexpansion:sprinter":14,"minecraft:enderman":1,"bloomingnature:pelican":1,"alexsmobs:hummingbird":5,"minecraft:witch":5,"minecraft:spider":30,"minecraft:silverfish":12,"aquaculture:perch":1,"minecraft:illusioner":2,"orcz:squig":4,"aquaculture:carp":5,"minecraft:piglin":13,"orcz:weirdboinecro":2,"minecraft:pig":10,"alexsmobs:grizzly_bear":1,"minecraft:zombie_villager":1,"orcz:goblinsavagemace":24,"minecraft:creeper":16,"minecraft:sheep":6,"aquaculture:minnow":2,"minecraft:ghast":1,"alexsmobs:fly":2,"orcz:snot":20,"orcz:orcshield":13,"enemyexpansion:wasp":1,"minecraft:vex":2,"enemyexpansion:intruder":1,"minecraft:slime":4,"enemyexpansion:direwolf":32,"minecraft:phantom":6,"minecraft:drowned":1,"enemyexpansion:goblin":6,"friendsandfoes:iceologer":2,"enemyexpansion:troll":1,"aquaculture:jellyfish":1,"minecraft:hoglin":3,"enemyexpansion:crawler":1,"enemyexpansion:huntsman":6,"minecraft:wither_skeleton":1,"orcz:goblin_2sword":1,"enemyexpansion:slugger":1},"minecraft:killed_by":{"enemyexpansion:invisicreeper":3,"minecraft:vex":1,"orcz:weirdboinecro":1,"orcz:orcshield":1},"minecraft:broken":{"stalwart_dungeons:stone_hammer":2,"minecraft:diamond_helmet":1,"spartanshields:stone_tower_shield":2,"minecraft:diamond_leggings":1,"minecraft:iron_axe":2,"minecraft:iron_pickaxe":1,"minecraft:stone_axe":1},"minecraft:crafted":{"minecraft:smooth_stone":2,"minecraft:oak_sign":3,"ecologics:walnut_planks":16,"spartanshields:wooden_tower_shield":4,"bloomingnature:swamp_oak_door":6,"minecraft:cooked_mutton":7,"aquaculture:fish_fillet_raw":10,"minecraft:glass":26,"minecraft:diamond_helmet":3,"minecraft:diamond_leggings":2,"spartanshields:diamond_tower_shield":1,"minecraft:cooked_porkchop":16,"travelersbackpack:standard":2,"minecraft:smithing_table":1,"travelersbackpack:red_sleeping_bag":1,"minecraft:iron_pickaxe":1,"minecraft:iron_block":1,"minecraft:gold_ingot":66,"spartanshields:wooden_basic_shield":1,"minecraft:netherite_ingot":2,"minecraft:stone_shovel":1,"minecraft:bone_meal":66,"minecraft:diamond":9,"travelersbackpack:white_sleeping_bag":2,"alexsdelight:cooked_bison":1,"minecraft:stone_pickaxe":2,"mcdw:sword_broadsword":1,"minecraft:diamond_boots":2,"minecraft:lead":2,"travelersbackpack:spider":2,"aquaculture:stone_fillet_knife":1,"minecraft:iron_leggings":2,"bloomingnature:chestnut_door":3,"minecraft:white_bed":16,"stalwart_dungeons:stone_hammer":2,"minecraft:oak_planks":184,"minecraft:stone":2,"farmersdelight:safety_net":3,"minecraft:bow":1,"minecraft:iron_boots":2,"minecraft:chest":2,"minecraft:stone_hoe":1,"minecraft:oak_fence":3,"minecraft:crafting_table":5,"minecraft:wooden_pickaxe":1,"minecraft:baked_potato":123,"minecraft:iron_helmet":1,"bloomingnature:swamp_oak_planks":84,"minecraft:iron_chestplate":2,"minecraft:stick":48,"minecraft:iron_ingot":187,"minecraft:shears":1,"mcdw:sword_iron_sword_var":2,"mcdw:sword_claymore":1,"minecraft:oak_door":9,"bloomingnature:chestnut_planks":28,"minecraft:raw_iron":9,"minecraft:furnace":1,"spartanshields:stone_tower_shield":3,"minecraft:flint_and_steel":1,"minecraft:iron_axe":4,"mcdw:pick_diamond_pickaxe_var":1,"aquaculture:fish_fillet_cooked":10,"minecraft:netherite_scrap":9,"minecraft:cooked_beef":2,"paraglider:paraglider":1,"travelersbackpack:backpack_tank":4,"minecraft:iron_sword":2,"minecraft:cooked_salmon":4,"minecraft:bucket":1,"minecraft:stone_axe":1,"minecraft:air":0,"minecraft:white_wool":5,"minecraft:torch":36,"minecraft:diamond_chestplate":1},"minecraft:custom":{"minecraft:interact_with_crafting_table":159,"minecraft:open_barrel":45,"minecraft:eat_cake_slice":25,"minecraft:leave_game":16,"minecraft:time_since_death":195416,"minecraft:damage_blocked_by_shield":12191,"minecraft:play_time":756932,"minecraft:deaths":8,"minecraft:jump":21552,"minecraft:enchant_item":4,"minecraft:interact_with_furnace":149,"minecraft:interact_with_cartography_table":1,"minecraft:sleep_in_bed":12,"minecraft:waystone_activated":4,"tombstone:sneak_grave":4,"minecraft:damage_dealt":91672,"tombstone:undead_killed":166,"minecraft:interact_with_smoker":48,"minecraft:horse_one_cm":1754109,"minecraft:interact_with_smithing_table":7,"minecraft:interact_with_anvil":6,"minecraft:sneak_time":26754,"minecraft:interact_with_blast_furnace":99,"minecraft:total_world_time":756932,"tombstone:raider_killed":41,"minecraft:tune_noteblock":26,"minecraft:time_since_rest":182129,"tombstone:cast_on_ally":1,"minecraft:swim_one_cm":454106,"minecraft:fly_one_cm":4678642,"minecraft:open_chest":490,"minecraft:fall_one_cm":586863,"minecraft:damage_resisted":15,"minecraft:sprint_one_cm":2178372,"minecraft:drop":392,"minecraft:walk_on_water_one_cm":113940,"minecraft:interact_with_loom":47,"minecraft:crouch_one_cm":86427,"minecraft:mob_kills":561,"minecraft:damage_dealt_resisted":1817,"minecraft:climb_one_cm":27362,"minecraft:walk_one_cm":1888336,"minecraft:raid_win":1,"minecraft:walk_under_water_one_cm":83196,"spartanshields:shield_bash_hits":11,"minecraft:raid_trigger":1,"minecraft:damage_taken":12898,"minecraft:damage_absorbed":106}},"DataVersion":3465}