{"stats":{"minecraft:picked_up":{"minecraft:crafting_table":5,"minecraft:string":4,"minecraft:raw_copper":9,"minecraft:beetroot_soup":1,"minecraft:beetroot":1,"ecologics:walnut_sapling":2,"minecraft:cobbled_deepslate":24,"bloomingnature:chestnut_planks":11,"minecraft:furnace":5,"minecraft:stick":6,"minecraft:raw_iron":38,"minecraft:oak_door":1,"ecologics:walnut_log":8,"minecraft:torch":11,"tombstone:grave_dust":3,"minecraft:diorite":1,"bloomingnature:chestnut_log":7,"minecraft:waxed_cut_copper_stairs":2,"minecraft:arrow":8,"minecraft:rotten_flesh":25,"minecraft:cobblestone":90,"minecraft:stripped_oak_log":4,"ecologics:walnut_planks":6,"minecraft:magma_block":1,"minecraft:tripwire_hook":1,"paraglider:spirit_orb":2,"minecraft:flint":1,"minecraft:oak_log":16,"alexsmobs:cooked_kangaroo_meat":1,"minecraft:gunpowder":11,"minecraft:dirt":4,"bloomingnature:swamp_oak_door":2,"minecraft:bone":8,"variantvanillablocks:birch_crafting_table":1,"minecraft:bow":1,"minecraft:wheat_seeds":1,"minecraft:raw_gold":7,"tombstone:bag_of_seeds":2,"bloomingnature:chestnut_sapling":6,"minecraft:oak_planks":7,"minecraft:sweet_berries":1,"minecraft:gravel":2,"spartanshields:wooden_tower_shield":2,"minecraft:bundle":1,"minecraft:diamond":2,"bloomingnature:swamp_oak_log":13,"minecraft:granite":2,"alexsmobs:maggot":2,"minecraft:coal":17},"minecraft:dropped":{"minecraft:bread":2,"spartanshields:wooden_basic_shield":1,"minecraft:flint":1,"spartanshields:stone_tower_shield":1,"minecraft:torch":13,"spartanshields:wooden_tower_shield":2,"minecraft:pumpkin_pie":4,"minecraft:tripwire_hook":1,"ecologics:walnut_log":4,"minecraft:raw_copper":9,"minecraft:bowl":1,"minecraft:stone_shovel":1,"minecraft:rotten_flesh":5,"alexsmobs:cooked_kangaroo_meat":1,"minecraft:iron_chestplate":1,"minecraft:beetroot_seeds":2,"minecraft:wooden_pickaxe":1},"minecraft:killed":{"enemyexpansion:intruder":1,"enemyexpansion:equestrian":1,"enemyexpansion:direwolf":5,"minecraft:skeleton":5,"enemyexpansion:silverqueen":2,"minecraft:silverfish":3,"enemyexpansion:vampflyer":1,"enemyexpansion:sprinter":5,"enemyexpansion:meature":1,"minecraft:zombie":18,"enemyexpansion:huntsman":3,"alexsmobs:fly":1},"minecraft:killed_by":{"enemyexpansion:invisicreeper":1},"minecraft:custom":{"minecraft:mob_kills":53,"minecraft:interact_with_crafting_table":48,"minecraft:open_barrel":15,"minecraft:eat_cake_slice":5,"minecraft:time_since_death":61484,"minecraft:sprint_one_cm":155583,"minecraft:walk_one_cm":205961,"minecraft:damage_blocked_by_shield":1770,"minecraft:drop":28,"minecraft:play_time":82897,"minecraft:deaths":1,"minecraft:sneak_time":6137,"minecraft:walk_under_water_one_cm":9617,"minecraft:jump":2084,"minecraft:interact_with_blast_furnace":4,"minecraft:walk_on_water_one_cm":10985,"minecraft:total_world_time":82897,"minecraft:interact_with_furnace":24,"spartanshields:shield_bash_hits":5,"minecraft:interact_with_loom":9,"minecraft:time_since_rest":60432,"minecraft:damage_taken":1017,"minecraft:damage_dealt":9870,"minecraft:fly_one_cm":362386,"minecraft:swim_one_cm":62815,"minecraft:crouch_one_cm":19573,"tombstone:undead_killed":34,"minecraft:fall_one_cm":59418},"minecraft:broken":{"stalwart_dungeons:stone_hammer":1,"spartanshields:stone_tower_shield":1,"minecraft:stone_axe":1},"minecraft:mined":{"minecraft:deepslate_diamond_ore":2,"minecraft:oak_door":1,"minecraft:grass_block":1,"minecraft:spawner":1,"minecraft:magma_block":1,"minecraft:furnace":5,"minecraft:iron_ore":32,"minecraft:cobbled_deepslate":12,"variantvanillablocks:birch_crafting_table":1,"bloomingnature:chestnut_planks":8,"minecraft:deepslate_iron_ore":6,"ecologics:walnut_log":4,"minecraft:stone":79,"minecraft:waxed_cut_copper_stairs":2,"bloomingnature:chestnut_log":7,"minecraft:crafting_table":4,"minecraft:torch":2,"ecologics:walnut_leaves":1,"minecraft:copper_ore":3,"minecraft:tall_grass":15,"minecraft:cobblestone":8,"minecraft:deepslate_gold_ore":3,"minecraft:oak_planks":7,"minecraft:wall_torch":3,"bloomingnature:swamp_oak_log":13,"minecraft:grass":17,"minecraft:coal_ore":17,"minecraft:oak_log":17,"minecraft:gravel":4,"minecraft:dirt":5,"ecologics:walnut_planks":6,"minecraft:gold_ore":4,"minecraft:oak_leaves":5,"minecraft:deepslate":3},"minecraft:used":{"minecraft:beetroot":1,"bloomingnature:swamp_oak_door":3,"minecraft:rotten_flesh":21,"minecraft:oak_door":4,"minecraft:torch":29,"minecraft:dirt":4,"minecraft:granite":2,"alexsmobs:maggot":2,"minecraft:iron_axe":8,"minecraft:iron_helmet":1,"minecraft:iron_boots":1,"ecologics:walnut_planks":17,"minecraft:bow":8,"minecraft:sweet_berries":2,"minecraft:furnace":3,"tombstone:gift":4,"minecraft:cobbled_deepslate":18,"bloomingnature:chestnut_door":3,"minecraft:iron_leggings":1,"minecraft:beetroot_soup":1,"minecraft:diorite":1,"minecraft:stone_pickaxe":93,"minecraft:oak_planks":10,"minecraft:wooden_pickaxe":15,"minecraft:crafting_table":7,"alexscaves:cave_book":2,"spartanshields:stone_tower_shield":53,"tombstone:bag_of_seeds":2,"minecraft:bread":3,"minecraft:iron_pickaxe":71,"bloomingnature:chestnut_planks":20,"minecraft:gravel":2,"stalwart_dungeons:stone_hammer":114,"minecraft:stone_axe":96,"minecraft:cobblestone":54,"minecraft:pumpkin_pie":4,"alexsmobs:animal_dictionary":3,"minecraft:waxed_cut_copper_stairs":2,"minecraft:stripped_oak_log":2},"minecraft:crafted":{"minecraft:oak_door":3,"bloomingnature:chestnut_planks":28,"minecraft:smooth_stone":2,"minecraft:oak_planks":64,"minecraft:stone_shovel":1,"ecologics:walnut_planks":16,"spartanshields:wooden_tower_shield":3,"bloomingnature:swamp_oak_door":3,"minecraft:furnace":1,"minecraft:stone":2,"spartanshields:stone_tower_shield":3,"minecraft:iron_boots":1,"minecraft:iron_axe":1,"minecraft:stone_pickaxe":1,"minecraft:crafting_table":2,"minecraft:wooden_pickaxe":1,"minecraft:iron_helmet":1,"bloomingnature:swamp_oak_planks":8,"minecraft:stone_axe":1,"minecraft:air":0,"minecraft:iron_chestplate":2,"minecraft:stick":24,"minecraft:iron_ingot":37,"minecraft:iron_pickaxe":1,"minecraft:gold_ingot":7,"minecraft:iron_leggings":1,"bloomingnature:chestnut_door":3,"spartanshields:wooden_basic_shield":1,"stalwart_dungeons:stone_hammer":2,"minecraft:torch":32}},"DataVersion":3465}