{"stats":{"minecraft:dropped":{"minecraft:bread":2,"minecraft:raw_copper":9,"minecraft:bowl":1,"minecraft:stone_shovel":1,"alexsmobs:cooked_kangaroo_meat":1,"spartanshields:wooden_basic_shield":1,"minecraft:flint":1,"minecraft:torch":13,"spartanshields:wooden_tower_shield":2,"minecraft:beetroot_seeds":2,"minecraft:pumpkin_pie":4,"minecraft:wooden_pickaxe":1,"minecraft:tripwire_hook":1,"ecologics:walnut_log":4},"minecraft:picked_up":{"ecologics:walnut_planks":6,"minecraft:magma_block":1,"minecraft:crafting_table":4,"minecraft:tripwire_hook":1,"paraglider:spirit_orb":2,"minecraft:flint":1,"minecraft:oak_log":16,"alexsmobs:cooked_kangaroo_meat":1,"minecraft:gunpowder":3,"minecraft:dirt":4,"minecraft:raw_copper":9,"minecraft:beetroot_soup":1,"minecraft:bone":5,"ecologics:walnut_sapling":2,"minecraft:beetroot":1,"minecraft:wheat_seeds":1,"minecraft:bow":1,"minecraft:cobbled_deepslate":6,"minecraft:raw_gold":7,"bloomingnature:chestnut_sapling":6,"tombstone:bag_of_seeds":2,"bloomingnature:chestnut_planks":11,"minecraft:furnace":2,"minecraft:stick":6,"minecraft:raw_iron":32,"minecraft:oak_door":1,"ecologics:walnut_log":8,"minecraft:sweet_berries":1,"minecraft:torch":8,"minecraft:gravel":2,"spartanshields:wooden_tower_shield":2,"minecraft:diorite":1,"tombstone:grave_dust":3,"minecraft:bundle":1,"minecraft:waxed_cut_copper_stairs":2,"bloomingnature:chestnut_log":7,"minecraft:arrow":6,"minecraft:rotten_flesh":21,"minecraft:diamond":2,"bloomingnature:swamp_oak_log":13,"minecraft:granite":2,"alexsmobs:maggot":2,"minecraft:coal":14,"minecraft:cobblestone":66},"minecraft:killed":{"enemyexpansion:intruder":1,"enemyexpansion:equestrian":1,"enemyexpansion:sprinter":4,"enemyexpansion:direwolf":3,"minecraft:skeleton":3,"enemyexpansion:meature":1,"minecraft:zombie":14,"enemyexpansion:silverqueen":1,"enemyexpansion:huntsman":3,"minecraft:silverfish":1,"alexsmobs:fly":1},"minecraft:killed_by":{"enemyexpansion:invisicreeper":1},"minecraft:custom":{"minecraft:interact_with_furnace":10,"spartanshields:shield_bash_hits":4,"minecraft:mob_kills":35,"minecraft:interact_with_crafting_table":33,"minecraft:open_barrel":2,"minecraft:eat_cake_slice":5,"minecraft:time_since_death":37484,"minecraft:time_since_rest":36432,"minecraft:sprint_one_cm":114432,"minecraft:damage_taken":684,"minecraft:walk_one_cm":140177,"minecraft:damage_blocked_by_shield":1400,"minecraft:drop":21,"minecraft:damage_dealt":6790,"minecraft:swim_one_cm":61255,"minecraft:fly_one_cm":271480,"minecraft:crouch_one_cm":15199,"minecraft:play_time":58897,"tombstone:undead_killed":26,"minecraft:deaths":1,"minecraft:sneak_time":5026,"minecraft:walk_under_water_one_cm":7283,"minecraft:jump":1567,"minecraft:walk_on_water_one_cm":10636,"minecraft:total_world_time":58897,"minecraft:fall_one_cm":38789},"minecraft:broken":{"minecraft:stone_axe":1},"minecraft:used":{"minecraft:beetroot":1,"minecraft:diorite":1,"minecraft:stone_pickaxe":93,"minecraft:wooden_pickaxe":15,"minecraft:rotten_flesh":10,"minecraft:oak_door":4,"minecraft:torch":19,"minecraft:dirt":4,"minecraft:crafting_table":6,"spartanshields:stone_tower_shield":45,"minecraft:granite":2,"tombstone:bag_of_seeds":2,"alexsmobs:maggot":2,"minecraft:bread":2,"minecraft:iron_pickaxe":27,"minecraft:iron_helmet":1,"minecraft:gravel":2,"bloomingnature:chestnut_planks":20,"ecologics:walnut_planks":17,"minecraft:stone_axe":96,"stalwart_dungeons:stone_hammer":67,"minecraft:cobblestone":41,"minecraft:sweet_berries":2,"minecraft:furnace":3,"minecraft:pumpkin_pie":2,"tombstone:gift":4,"minecraft:waxed_cut_copper_stairs":2,"alexsmobs:animal_dictionary":3,"minecraft:cobbled_deepslate":3,"bloomingnature:chestnut_door":3,"minecraft:iron_leggings":1,"minecraft:beetroot_soup":1},"minecraft:mined":{"minecraft:waxed_cut_copper_stairs":2,"bloomingnature:chestnut_log":7,"minecraft:deepslate_diamond_ore":2,"minecraft:oak_door":1,"minecraft:torch":1,"minecraft:crafting_table":3,"minecraft:grass_block":1,"ecologics:walnut_leaves":1,"minecraft:tall_grass":15,"minecraft:copper_ore":3,"minecraft:cobblestone":6,"minecraft:deepslate_gold_ore":3,"minecraft:wall_torch":3,"minecraft:spawner":1,"minecraft:magma_block":1,"bloomingnature:swamp_oak_log":13,"minecraft:furnace":2,"minecraft:iron_ore":32,"minecraft:deepslate_iron_ore":1,"bloomingnature:chestnut_planks":8,"minecraft:grass":17,"minecraft:oak_log":17,"minecraft:coal_ore":14,"minecraft:gravel":4,"minecraft:dirt":5,"ecologics:walnut_planks":6,"ecologics:walnut_log":4,"minecraft:stone":60,"minecraft:gold_ore":4,"minecraft:oak_leaves":5,"minecraft:deepslate":3},"minecraft:crafted":{"minecraft:oak_door":3,"bloomingnature:chestnut_planks":28,"minecraft:smooth_stone":1,"minecraft:oak_planks":64,"minecraft:stone_shovel":1,"minecraft:crafting_table":2,"minecraft:iron_helmet":1,"minecraft:wooden_pickaxe":1,"ecologics:walnut_planks":16,"spartanshields:wooden_tower_shield":1,"minecraft:furnace":1,"minecraft:stone":1,"minecraft:stone_axe":1,"spartanshields:stone_tower_shield":1,"minecraft:air":0,"minecraft:iron_chestplate":1,"minecraft:stick":16,"minecraft:iron_pickaxe":1,"minecraft:iron_ingot":24,"bloomingnature:chestnut_door":3,"minecraft:stone_pickaxe":1,"spartanshields:wooden_basic_shield":1,"minecraft:iron_leggings":1,"stalwart_dungeons:stone_hammer":1,"minecraft:torch":24}},"DataVersion":3465}