{"stats":{"minecraft:dropped":{"stalwart_dungeons:spore_vaporizer":5,"bloomingnature:freesia_pink":1,"minecraft:porkchop":1,"alexsdelight:raw_bison":1,"minecraft:cooked_beef":9,"minecraft:glass_bottle":7,"minecraft:diamond":13,"orcz:orcskull":5,"minecraft:cooked_porkchop":6,"mcdw:pick_diamond_pickaxe_var":2,"minecraft:saddle":1,"spartanshields:wooden_basic_shield":1,"friendsandfoes:totem_of_illusion":1,"minecraft:item_frame":1,"minecraft:dirt":2,"mcdw:sword_diamond_sword_var":2,"mcda:ghostly_armor_leggings":1,"spartanshields:wooden_tower_shield":2,"bloomingnature:chestnut_sapling":6,"minecraft:cracked_deepslate_tiles":1,"mcdw:whip_whip":1,"minecraft:bone_meal":45,"minecraft:bone_block":3,"minecraft:sunflower":2,"minecraft:sand":1,"minecraft:sugar":1,"minecraft:iron_pickaxe":1,"minecraft:white_wool":18,"minecraft:bone":30,"minecraft:oak_door":10,"minecraft:iron_nugget":7,"minecraft:nether_brick":140,"alexscaves:cave_tablet":1,"minecraft:wheat":3,"minecraft:obsidian":2,"tombstone:gift":2,"minecraft:rotten_flesh":49,"minecraft:oak_planks":6,"aquaculture:boulti":1,"minecraft:acacia_sapling":1,"minecraft:beef":3,"minecraft:ghast_tear":1,"farmersdelight:tomato_seeds":11,"minecraft:enchanted_book":3,"minecraft:iron_ingot":12,"minecraft:wheat_seeds":48,"minecraft:iron_helmet":2,"minecraft:feather":2,"minecraft:cobblestone":135,"minecraft:granite":7,"minecraft:coal":14,"minecraft:golden_apple":3,"minecraft:oxeye_daisy":2,"minecraft:gray_wool":1,"minecraft:golden_carrot":60,"biomesoplenty:brimstone":2,"minecraft:diamond_helmet":4,"enemyexpansion:wasp_thorax":1,"minecraft:potion":10,"minecraft:paper":1,"minecraft:string":2,"minecraft:moss_carpet":1,"minecraft:bowl":1,"minecraft:diamond_hoe":1,"minecraft:stone_shovel":1,"orcz:orcamanita":2,"minecraft:iron_boots":1,"orcz:skullwand":1,"alexsmobs:cooked_kangaroo_meat":1,"minecraft:allium":2,"minecraft:bundle":4,"minecraft:spider_eye":4,"minecraft:bow":3,"waystones:waystone":4,"minecraft:cyan_bed":3,"mcda:fox_armor_leggings":2,"aquaculture:fish_fillet_cooked":3,"orcz:orchorn":4,"minecraft:soul_sand":11,"minecraft:moss_block":1,"minecraft:brown_mushroom":2,"minecraft:baked_potato":15,"minecraft:golden_pickaxe":1,"ecologics:coconut_slice":6,"minecraft:netherite_upgrade_smithing_template":2,"ecologics:walnut_sapling":2,"orcz:blue_orcshroom":4,"minecraft:leather":2,"aquaculture:minnow":2,"mcdw:sword_claymore":1,"travelersbackpack:standard":1,"paraglider:spirit_orb":12,"minecraft:flint":2,"spartanshields:stone_tower_shield":1,"tombstone:bag_of_seeds":2,"mcda:phantom_bones":3,"minecraft:pumpkin_pie":7,"paraglider:paraglider":1,"minecraft:gold_ingot":37,"enemyexpansion:horsehead_helmet":1,"minecraft:blackstone":8,"minecraft:spyglass":1,"bloomingnature:swamp_oak_planks":5,"mcdw:glaive_cackling_broom":2,"minecraft:cooked_mutton":1,"orcz:orcshroom":2,"minecraft:carrot":1,"minecraft:gunpowder":21,"minecraft:birch_trapdoor":1,"travelersbackpack:white_sleeping_bag":1,"minecraft:beetroot_seeds":2,"ecologics:coconut_husk":5,"minecraft:basalt":1,"minecraft:quartz":17,"minecraft:netherrack":1527,"minecraft:stone_hoe":1,"minecraft:bread":14,"minecraft:golden_helmet":1,"minecraft:diamond_leggings":2,"minecraft:lead":3,"ecologics:crab_claw":1,"minecraft:copper_ingot":1,"minecraft:diorite":16,"minecraft:torch":26,"mcda:evocation_robe_chestplate":1,"tombstone:grave_dust":16,"bloomingnature:swamp_oak_sapling":1,"minecraft:fire_charge":1,"minecraft:iron_leggings":2,"mcda:wolf_armor_chestplate":1,"minecraft:tripwire_hook":1,"ecologics:walnut_log":4,"minecraft:redstone":1,"friendsandfoes:totem_of_freezing":1,"minecraft:nether_wart":1,"minecraft:blaze_rod":34,"alexscaves:seeking_arrow":1,"minecraft:raw_copper":9,"minecraft:raw_iron":76,"farmersdelight:cabbage_seeds":1,"alexsmobs:ancient_dart":1,"orcz:orcteeth_tool_sword":1,"orcz:ironscrap":3,"minecraft:deepslate_bricks":216,"minecraft:filled_map":1,"alexsmobs:lobster_tail":2,"biomesoplenty:glowworm_silk":4,"orcz:orcteeth":101,"minecraft:diamond_chestplate":2,"minecraft:iron_chestplate":5,"minecraft:cake":1,"minecraft:oak_sapling":2,"minecraft:golden_sword":2,"tombstone:essence_of_undeath":1,"minecraft:wooden_pickaxe":1},"minecraft:picked_up":{"minecraft:iron_chestplate":2,"farmersdelight:cabbage_rolls":2,"minecraft:lead":4,"minecraft:stone_slab":1,"minecraft:oak_stairs":2,"minecraft:brown_bed":2,"minecraft:enchanted_book":2,"minecraft:golden_sword":2,"minecraft:music_disc_cat":1,"minecraft:string":117,"minecraft:cooked_salmon":4,"minecraft:beetroot_soup":1,"minecraft:beetroot":1,"minecraft:diamond_leggings":2,"minecraft:gold_nugget":496,"minecraft:cobbled_deepslate":399,"minecraft:netherite_upgrade_smithing_template":1,"ecologics:crab_claw":1,"minecraft:diamond_ore":1,"minecraft:golden_helmet":1,"orcz:orcskull":6,"minecraft:acacia_log":3,"bloomingnature:chestnut_log":7,"minecraft:waxed_cut_copper_stairs":2,"mcdw:pick_diamond_pickaxe_var":2,"minecraft:blaze_rod":193,"alexsmobs:lobster_tail":2,"minecraft:magma_block":6,"minecraft:feather":2,"minecraft:cooked_beef":13,"orcz:orcteeth":157,"minecraft:flint":3,"alexsmobs:cooked_kangaroo_meat":1,"mcdw:glaive_cackling_broom":2,"minecraft:lantern":1,"orcz:orcteeth_tool_sword":1,"minecraft:dark_oak_sign":2,"minecraft:diamond_helmet":2,"minecraft:moss_block":1,"bloomingnature:freesia_pink":1,"orcz:blue_orcshroom":16,"ecologics:coconut_husk":1,"minecraft:bundle":5,"stalwart_dungeons:spore_vaporizer":12,"minecraft:deepslate":53,"minecraft:writable_book":1,"enchantinginfuser:enchanting_infuser":1,"minecraft:blue_ice":1,"minecraft:granite":20,"alexsmobs:maggot":2,"minecraft:crafting_table":7,"minecraft:golden_pickaxe":1,"friendsandfoes:totem_of_illusion":3,"minecraft:cornflower":1,"mcdw:sword_diamond_sword_var":2,"minecraft:deepslate_diamond_ore":8,"minecraft:beef":15,"minecraft:chest":1,"mcdw:sword_claymore":1,"minecraft:diamond_hoe":1,"minecraft:egg":2,"minecraft:stone":162,"minecraft:oak_door":6,"minecraft:fire_charge":3,"farmersdelight:tomato_seeds":10,"minecraft:cake":1,"orcz:orchorn":4,"minecraft:carrot":1,"minecraft:redstone":50,"minecraft:mushroom_stem":1,"biomesoplenty:glowshroom_block":7,"minecraft:tnt":10,"minecraft:diamond_chestplate":2,"minecraft:cooked_cod":3,"minecraft:beetroot_seeds":3,"mcda:phantom_bones":7,"aquaculture:carp":5,"tombstone:essence_of_undeath":1,"minecraft:gold_ingot":4,"minecraft:totem_of_undying":1,"minecraft:mutton":10,"minecraft:white_wool":67,"minecraft:bone_block":3,"minecraft:rail":1,"minecraft:oxeye_daisy":5,"minecraft:stripped_oak_log":18,"enemyexpansion:horsehead_helmet":1,"mcdw:axe_encrusted_anchor":1,"minecraft:tripwire_hook":1,"biomesoplenty:huge_clover_petal":4,"minecraft:fern":1,"minecraft:oak_log":31,"minecraft:ancient_debris":9,"minecraft:sculk_vein":4,"minecraft:white_banner":5,"bloomingnature:swamp_oak_door":2,"minecraft:iron_ore":14,"tombstone:bag_of_seeds":4,"minecraft:glass_bottle":1,"mcda:evocation_robe_chestplate":1,"enemyexpansion:phantom_eye":2,"minecraft:smooth_basalt":2,"minecraft:sweet_berries":1,"minecraft:sculk":1,"minecraft:spyglass":1,"minecraft:gravel":5,"orcz:orcamanita":15,"minecraft:crying_obsidian":3,"aquaculture:boulti":1,"minecraft:coal_ore":61,"minecraft:slime_ball":10,"minecraft:deepslate_redstone_ore":3,"minecraft:gray_wool":2,"minecraft:ender_pearl":5,"minecraft:chiseled_deepslate":2,"minecraft:wheat":7,"aquaculture:synodontis":5,"alexscaves:cave_tablet":6,"enemyexpansion:wasp_thorax":1,"minecraft:potion":7,"minecraft:nether_brick":417,"mcda:fox_armor_leggings":2,"minecraft:raw_copper":9,"minecraft:experience_bottle":2,"minecraft:oak_sign":1,"mcda:wolf_armor_chestplate":1,"biomesoplenty:brimstone":9,"farmersdelight:cabbage":4,"minecraft:rose_bush":1,"minecraft:calcite":2,"bloomingnature:chestnut_planks":15,"farmersdelight:cabbage_seeds":11,"minecraft:deepslate_iron_ore":23,"minecraft:furnace":11,"minecraft:stick":8,"ecologics:walnut_log":8,"minecraft:birch_trapdoor":3,"minecraft:oak_fence":1,"minecraft:torch":40,"minecraft:porkchop":18,"tombstone:grave_dust":19,"minecraft:diorite":37,"minecraft:vine":26,"minecraft:nether_gold_ore":8,"minecraft:rotten_flesh":100,"orcz:orcshroom":14,"alexsmobs:capsid":15,"alexsdelight:raw_bison":2,"minecraft:deepslate_brick_stairs":1,"minecraft:obsidian":5,"minecraft:cobblestone":481,"paraglider:paraglider":1,"ecologics:walnut_planks":6,"minecraft:andesite":21,"minecraft:black_bed":1,"minecraft:potato":64,"paraglider:spirit_orb":40,"minecraft:tuff":34,"minecraft:acacia_boat":2,"minecraft:lapis_lazuli":4,"minecraft:dirt":114,"minecraft:bone":67,"bloomingnature:bluebell":6,"minecraft:bow":3,"minecraft:wheat_seeds":116,"minecraft:raw_gold":7,"minecraft:powered_rail":1,"minecraft:oak_planks":46,"friendsandfoes:totem_of_freezing":2,"biomesoplenty:toadstool":1,"minecraft:ghast_tear":1,"minecraft:cooked_porkchop":9,"minecraft:music_disc_13":1,"orcz:orcagaric":16,"orcz:skullwand":1,"minecraft:sand":31,"minecraft:diamond_block":1,"minecraft:cyan_bed":6,"minecraft:grass_block":7,"minecraft:lily_of_the_valley":8,"minecraft:spectral_arrow":31,"minecraft:jungle_leaves":4,"minecraft:sugar":1,"minecraft:diamond":67,"bloomingnature:swamp_oak_log":21,"waystones:waystone":4,"minecraft:golden_apple":1,"minecraft:emerald":4,"orcz:ironscrap":24,"minecraft:oak_sapling":3,"minecraft:netherrack":1877,"minecraft:allium":2,"minecraft:azure_bluet":1,"minecraft:brown_mushroom":4,"variantvanillablocks:acacia_crafting_table":1,"minecraft:cooked_rabbit":1,"minecraft:gold_block":5,"mcdw:whip_whip":1,"minecraft:moss_carpet":1,"minecraft:iron_axe":1,"minecraft:item_frame":4,"spartanshields:stone_tower_shield":1,"minecraft:blackstone":65,"ecologics:walnut_sapling":2,"minecraft:candle":4,"minecraft:phantom_membrane":5,"minecraft:raw_iron":185,"ecologics:coconut_slice":14,"minecraft:copper_ingot":2,"aquaculture:perch":1,"minecraft:dark_oak_planks":8,"minecraft:arrow":73,"minecraft:pumpkin_pie":2,"minecraft:jungle_stairs":1,"minecraft:nether_bricks":3,"alexscaves:spelunkery_table":1,"minecraft:cracked_deepslate_tiles":1,"minecraft:leather":35,"bloomingnature:swamp_oak_planks":41,"minecraft:birch_planks":1,"minecraft:gunpowder":66,"minecraft:cooked_mutton":2,"bloomingnature:foxglove_white":1,"bloomingnature:swamp_oak_sapling":1,"variantvanillablocks:birch_crafting_table":1,"biomesoplenty:glowworm_silk":4,"minecraft:iron_ingot":4,"minecraft:cooked_chicken":1,"bloomingnature:chestnut_sapling":6,"aquaculture:minnow":2,"minecraft:acacia_sapling":1,"minecraft:soul_sand":11,"stalwart_dungeons:transient_block_close":2,"minecraft:sculk_catalyst":7,"minecraft:oak_slab":1,"minecraft:nether_quartz_ore":20,"minecraft:stone_brick_slab":4,"minecraft:quartz":26,"minecraft:raw_iron_block":1,"spartanshields:wooden_tower_shield":2,"minecraft:blast_furnace":6,"minecraft:white_bed":5,"minecraft:spider_eye":16,"minecraft:iron_helmet":1,"tombstone:magic_scroll":2,"orcz:orceye":1,"minecraft:coal":123,"minecraft:sunflower":2},"minecraft:mined":{"minecraft:dark_oak_planks":8,"minecraft:white_bed":3,"minecraft:jungle_leaves":4,"biomesoplenty:brimstone":8,"minecraft:obsidian":2,"minecraft:granite":24,"minecraft:acacia_log":3,"minecraft:deepslate_bricks":4,"minecraft:nether_wart":1,"minecraft:oxeye_daisy":1,"minecraft:spawner":19,"minecraft:tall_seagrass":1,"minecraft:magma_block":6,"minecraft:cobbled_deepslate":23,"minecraft:fire":287,"minecraft:sculk_shrieker":38,"biomesoplenty:glowshroom_block":9,"minecraft:oak_sign":1,"minecraft:oak_stairs":2,"minecraft:deepslate_brick_stairs":2,"bloomingnature:chestnut_log":7,"biomesoplenty:glowworm_silk":6,"minecraft:soul_fire":1,"minecraft:torch":6,"minecraft:blast_furnace":6,"minecraft:nether_brick_slab":1,"farmersdelight:cabbages":4,"minecraft:white_candle":1,"minecraft:cyan_bed":4,"minecraft:amethyst_block":2,"minecraft:grass":220,"minecraft:smooth_basalt":2,"minecraft:deepslate":396,"minecraft:deepslate_tiles":1,"minecraft:nether_bricks":13,"minecraft:allium":1,"minecraft:spruce_fence":1,"minecraft:redstone_wire":1,"minecraft:moss_block":1,"minecraft:black_stained_glass_pane":2,"minecraft:andesite":32,"orcz:orcshroom":7,"bloomingnature:chestnut_planks":12,"biomesoplenty:high_grass":1,"minecraft:vine":26,"biomesoplenty:brimstone_bud":4,"minecraft:bone_block":3,"minecraft:white_wool":30,"orcz:scrapblock":3,"minecraft:oak_slab":1,"bloomingnature:swamp_oak_planks":2,"minecraft:stone_brick_slab":4,"ecologics:walnut_leaves":1,"minecraft:tall_grass":135,"minecraft:copper_ore":3,"minecraft:deepslate_gold_ore":3,"minecraft:cracked_deepslate_bricks":1,"minecraft:diorite":34,"minecraft:birch_leaves":1,"minecraft:gravel":14,"minecraft:cobweb":53,"minecraft:stone_bricks":1,"minecraft:gold_ore":6,"minecraft:fern":3,"stalwart_dungeons:spore_vaporizer":20,"orcz:orcamanita":15,"minecraft:sculk_vein":18,"minecraft:cave_vines_plant":1,"minecraft:grass_block":70,"minecraft:raw_iron_block":1,"minecraft:sculk_catalyst":19,"minecraft:iron_ore":76,"minecraft:azure_bluet":2,"minecraft:brown_bed":2,"ecologics:walnut_log":4,"minecraft:waxed_cut_copper_stairs":3,"minecraft:deepslate_redstone_ore":14,"minecraft:blackstone":10,"biomesoplenty:glowing_moss_carpet":1,"stalwart_dungeons:transient_block_close":2,"bloomingnature:aspen_log":2,"minecraft:calcite":6,"farmersdelight:safety_net":1,"minecraft:mushroom_stem":3,"minecraft:nether_quartz_ore":24,"minecraft:cobblestone":37,"variantvanillablocks:acacia_crafting_table":1,"alexsmobs:capsid":4,"minecraft:oak_planks":9,"minecraft:wall_torch":6,"minecraft:seagrass":2,"orcz:orcagaric":12,"minecraft:birch_trapdoor":1,"minecraft:tnt":10,"orcz:blue_orcshroom":10,"minecraft:oak_log":24,"minecraft:sand":13,"minecraft:dirt":55,"minecraft:netherrack":2795,"minecraft:ancient_debris":9,"minecraft:oak_leaves":9,"minecraft:nether_gold_ore":70,"alexscaves:spelunkery_table":1,"minecraft:diamond_ore":1,"minecraft:crying_obsidian":1,"minecraft:tuff":33,"minecraft:deepslate_diamond_ore":29,"minecraft:oak_door":1,"enchantinginfuser:enchanting_infuser":1,"biomesoplenty:bush":9,"minecraft:large_fern":23,"minecraft:furnace":11,"minecraft:chiseled_deepslate":2,"minecraft:gold_block":3,"variantvanillablocks:birch_crafting_table":1,"bloomingnature:swamp_oak_leaves":2,"minecraft:deepslate_iron_ore":45,"minecraft:stone":460,"minecraft:basalt":1,"minecraft:oak_fence":1,"minecraft:crafting_table":5,"minecraft:rose_bush":1,"minecraft:sculk_sensor":236,"minecraft:stone_slab":1,"biomesoplenty:huge_clover_petal":4,"minecraft:sculk":211,"minecraft:birch_planks":1,"bloomingnature:swamp_oak_log":21,"minecraft:coal_ore":150,"ecologics:walnut_planks":6},"minecraft:used":{"minecraft:beetroot":4,"orcz:blue_orcshroom":2,"mcdw:sword_claymore":1213,"mcda:ghostly_armor_leggings":1,"bloomingnature:swamp_oak_door":6,"farmersdelight:cabbage_seeds":12,"farmersdelight:cabbage":4,"minecraft:stone":52,"minecraft:rotten_flesh":41,"minecraft:lily_of_the_valley":4,"aquaculture:synodontis":3,"minecraft:azure_bluet":1,"minecraft:lava_bucket":27,"minecraft:grass_block":7,"stalwart_dungeons:spore_vaporizer":4,"friendsandfoes:totem_of_freezing":1,"minecraft:bow":115,"minecraft:oak_sapling":1,"minecraft:sweet_berries":2,"minecraft:furnace":9,"minecraft:cooked_cod":3,"minecraft:egg":2,"minecraft:diorite":21,"mcdw:whip_whip":1,"minecraft:powered_rail":1,"minecraft:blackstone":57,"minecraft:wooden_pickaxe":15,"stalwart_dungeons:transient_block_close":2,"minecraft:golden_apple":6,"minecraft:glow_berries":2,"variantvanillablocks:dark_oak_crafting_table":1,"minecraft:sand":4,"minecraft:blast_furnace":6,"minecraft:deepslate_iron_ore":23,"spartanshields:diamond_tower_shield":230,"minecraft:diamond_ore":1,"minecraft:smithing_table":1,"minecraft:waxed_cut_copper_stairs":2,"minecraft:cooked_salmon":10,"minecraft:netherrack":220,"minecraft:torch":94,"minecraft:ancient_debris":2,"minecraft:nether_quartz_ore":20,"alexsmobs:capsid":4,"minecraft:iron_axe":465,"minecraft:smooth_basalt":2,"minecraft:diamond_chestplate":1,"minecraft:beef":1,"tombstone:gift":10,"minecraft:cobbled_deepslate":175,"alexsdelight:cooked_bison":1,"enemyexpansion:headbiter_helmet":2,"minecraft:calcite":2,"minecraft:water_bucket":97,"minecraft:birch_planks":1,"minecraft:rail":1,"minecraft:tnt":9,"minecraft:crafting_table":13,"minecraft:oak_slab":1,"minecraft:white_bed":21,"minecraft:cake":3,"minecraft:iron_pickaxe":251,"minecraft:suspicious_stew":1,"tombstone:magic_scroll":5,"stalwart_dungeons:stone_hammer":136,"minecraft:cobblestone":118,"minecraft:potion":7,"minecraft:porkchop":7,"minecraft:cooked_porkchop":20,"minecraft:stripped_oak_log":2,"minecraft:diamond_leggings":1,"minecraft:candle":4,"minecraft:oak_sign":1,"bloomingnature:foxglove_white":1,"farmersdelight:cabbage_rolls":2,"variantvanillablocks:acacia_crafting_table":1,"minecraft:diamond_hoe":345,"orcz:orcshroom":3,"minecraft:nether_bricks":1,"minecraft:carrot":1,"mcdw:glaive_cackling_broom":404,"minecraft:tuff":25,"enchantinginfuser:advanced_enchanting_infuser":1,"minecraft:milk_bucket":2,"minecraft:coal_ore":61,"minecraft:lantern":1,"minecraft:iron_helmet":1,"orcz:orcagaric":1,"minecraft:item_frame":4,"ecologics:walnut_planks":17,"minecraft:deepslate_diamond_ore":8,"minecraft:birch_trapdoor":2,"minecraft:magma_block":5,"farmersdelight:safety_net":3,"aquaculture:fish_fillet_cooked":7,"bloomingnature:swamp_oak_planks":23,"orcz:orcskull":2,"travelersbackpack:spider":6,"minecraft:diamond_boots":2,"minecraft:stone_pickaxe":99,"minecraft:oak_planks":14,"minecraft:white_wool":2,"alexscaves:cave_book":7,"spartanshields:stone_tower_shield":105,"minecraft:black_bed":1,"minecraft:shears":31,"minecraft:bread":13,"minecraft:cyan_bed":2,"minecraft:deepslate":5,"minecraft:gravel":4,"ecologics:coconut_slice":8,"minecraft:cooked_rabbit":1,"minecraft:andesite":20,"mcdw:axe_encrusted_anchor":150,"minecraft:bone_meal":15,"aquaculture:perch":1,"minecraft:experience_bottle":7,"minecraft:oak_fence":2,"minecraft:rose_bush":1,"biomesoplenty:brimstone":7,"minecraft:flint_and_steel":44,"mcdw:pick_diamond_pickaxe_var":4138,"minecraft:stone_hoe":133,"minecraft:cooked_chicken":1,"minecraft:oak_door":5,"minecraft:spyglass":4,"minecraft:dirt":117,"minecraft:diamond_helmet":4,"minecraft:granite":8,"minecraft:stone_brick_slab":4,"alexsmobs:maggot":2,"minecraft:iron_boots":1,"alexscaves:spelunkery_table":1,"minecraft:golden_carrot":48,"minecraft:cooked_beef":7,"bloomingnature:chestnut_door":3,"minecraft:beetroot_soup":1,"minecraft:iron_leggings":2,"minecraft:brown_bed":2,"minecraft:cooked_mutton":8,"minecraft:acacia_boat":2,"minecraft:iron_ore":14,"minecraft:baked_potato":307,"biomesoplenty:huge_clover_petal":4,"variantvanillablocks:birch_crafting_table":1,"minecraft:nether_gold_ore":7,"tombstone:bag_of_seeds":2,"minecraft:jungle_stairs":1,"minecraft:stone_slab":1,"bloomingnature:chestnut_planks":24,"minecraft:stone_axe":96,"minecraft:white_banner":3,"minecraft:bucket":126,"minecraft:pumpkin_pie":32,"alexsmobs:animal_dictionary":3,"enemyexpansion:horsehead_helmet":1,"minecraft:gray_wool":1},"minecraft:killed":{"alexsmobs:lobster":3,"minecraft:cave_spider":11,"enemyexpansion:equestrian":9,"alexsmobs:enderiophage":9,"minecraft:skeleton":62,"bloomingnature:squirrel":1,"ecologics:coconut_crab":2,"alexsmobs:centipede_head":1,"bloomingnature:boar":1,"enemyexpansion:vampflyer":6,"minecraft:magma_cube":1,"stalwart_dungeons:giddy_blaze":217,"orcz:goblinwerid":3,"minecraft:pillager":17,"enemyexpansion:meature":4,"minecraft:zombie":74,"enemyexpansion:vampire":4,"enemyexpansion:botfly":33,"orcz:bigorcboss":4,"orcz:orcsavage_2sword":9,"minecraft:cow":4,"minecraft:evoker":1,"bloomingnature:deer":2,"minecraft:vindicator":8,"minecraft:horse":5,"enemyexpansion:faller":1,"enemyexpansion:silverqueen":3,"stalwart_dungeons:nether_wart_cocoon":11,"orcz:orcsavagemace":7,"orcz:orcsavageweird":2,"minecraft:warden":7,"minecraft:husk":4,"enemyexpansion:sprinter":17,"alexsmobs:rhinoceros":1,"minecraft:enderman":2,"bloomingnature:pelican":1,"alexsmobs:hummingbird":5,"minecraft:witch":5,"minecraft:zombified_piglin":21,"minecraft:spider":36,"minecraft:silverfish":12,"aquaculture:perch":1,"minecraft:illusioner":2,"orcz:squig":4,"minecraft:piglin_brute":82,"aquaculture:carp":5,"minecraft:piglin":38,"orcz:weirdboinecro":2,"minecraft:pig":10,"alexsmobs:grizzly_bear":1,"minecraft:zombie_villager":1,"orcz:goblinsavagemace":33,"alexsmobs:stradpole":2,"minecraft:creeper":21,"minecraft:sheep":6,"aquaculture:minnow":2,"minecraft:ghast":2,"alexsmobs:fly":2,"orcz:snot":20,"orcz:orcshield":18,"enemyexpansion:wasp":3,"minecraft:vex":2,"enemyexpansion:intruder":3,"alexsmobs:tasmanian_devil":1,"minecraft:slime":4,"enemyexpansion:direwolf":39,"minecraft:phantom":19,"minecraft:drowned":2,"enemyexpansion:goblin":6,"friendsandfoes:iceologer":2,"enemyexpansion:troll":1,"aquaculture:jellyfish":1,"minecraft:hoglin":3,"enemyexpansion:crawler":1,"enemyexpansion:huntsman":8,"minecraft:wither_skeleton":3,"orcz:goblin_2sword":1,"minecraft:player":3,"enemyexpansion:slugger":2},"minecraft:killed_by":{"enemyexpansion:invisicreeper":3,"minecraft:vex":1,"orcz:weirdboinecro":1,"orcz:orcshield":1},"minecraft:broken":{"stalwart_dungeons:stone_hammer":2,"minecraft:diamond_helmet":1,"spartanshields:stone_tower_shield":2,"minecraft:iron_boots":1,"minecraft:diamond_leggings":1,"minecraft:stone_hoe":1,"minecraft:iron_axe":2,"minecraft:iron_pickaxe":1,"minecraft:stone_axe":1},"minecraft:crafted":{"minecraft:smooth_stone":2,"minecraft:oak_sign":3,"minecraft:blaze_powder":4,"ecologics:walnut_planks":16,"spartanshields:wooden_tower_shield":4,"bloomingnature:swamp_oak_door":6,"minecraft:cooked_mutton":7,"aquaculture:fish_fillet_raw":10,"minecraft:glass":26,"minecraft:diamond_helmet":3,"minecraft:diamond_leggings":2,"mcdw:axe_anchor":1,"spartanshields:diamond_tower_shield":1,"minecraft:cooked_porkchop":16,"travelersbackpack:standard":2,"minecraft:smithing_table":1,"travelersbackpack:red_sleeping_bag":1,"minecraft:iron_pickaxe":2,"minecraft:iron_block":1,"minecraft:gold_ingot":110,"spartanshields:wooden_basic_shield":1,"minecraft:netherite_ingot":2,"minecraft:golden_carrot":18,"minecraft:stone_shovel":1,"minecraft:iron_nugget":9,"minecraft:diamond_hoe":1,"minecraft:bone_meal":66,"minecraft:diamond":9,"travelersbackpack:white_sleeping_bag":2,"alexsdelight:cooked_bison":1,"minecraft:stone_pickaxe":2,"minecraft:diamond_boots":3,"mcdw:sword_broadsword":1,"minecraft:lead":2,"travelersbackpack:spider":2,"minecraft:dried_kelp":272,"aquaculture:stone_fillet_knife":1,"minecraft:iron_leggings":3,"bloomingnature:chestnut_door":3,"minecraft:white_bed":16,"stalwart_dungeons:stone_hammer":2,"minecraft:oak_planks":192,"minecraft:stone":2,"variantvanillablocks:acacia_crafting_table":1,"farmersdelight:safety_net":3,"minecraft:bow":1,"minecraft:iron_boots":2,"minecraft:chest":2,"minecraft:stone_hoe":2,"minecraft:oak_fence":3,"minecraft:crafting_table":6,"minecraft:iron_helmet":1,"minecraft:wooden_pickaxe":1,"minecraft:baked_potato":123,"bloomingnature:swamp_oak_planks":84,"minecraft:gold_block":4,"enchantinginfuser:advanced_enchanting_infuser":1,"minecraft:iron_chestplate":3,"minecraft:stick":56,"minecraft:iron_ingot":187,"minecraft:deepslate_bricks":216,"minecraft:shears":1,"mcdw:sword_iron_sword_var":2,"mcdw:sword_claymore":1,"minecraft:oak_door":9,"bloomingnature:chestnut_planks":28,"minecraft:raw_iron":9,"minecraft:furnace":1,"spartanshields:stone_tower_shield":3,"minecraft:flint_and_steel":1,"minecraft:polished_deepslate":216,"minecraft:iron_axe":4,"mcdw:pick_diamond_pickaxe_var":1,"aquaculture:fish_fillet_cooked":10,"minecraft:netherite_scrap":9,"minecraft:cooked_beef":2,"paraglider:paraglider":1,"travelersbackpack:backpack_tank":4,"minecraft:iron_sword":2,"minecraft:cooked_salmon":4,"minecraft:nether_bricks":42,"minecraft:bucket":1,"minecraft:stone_axe":1,"minecraft:acacia_boat":1,"minecraft:air":0,"mcdw:axe_encrusted_anchor":1,"minecraft:white_wool":23,"minecraft:gold_nugget":135,"variantvanillablocks:dark_oak_crafting_table":1,"minecraft:acacia_planks":12,"minecraft:torch":68,"minecraft:diamond_chestplate":1},"minecraft:custom":{"minecraft:interact_with_crafting_table":184,"minecraft:open_barrel":69,"minecraft:eat_cake_slice":25,"minecraft:leave_game":20,"minecraft:time_since_death":177395,"minecraft:damage_blocked_by_shield":15490,"minecraft:play_time":1181802,"minecraft:deaths":9,"minecraft:jump":33709,"minecraft:enchant_item":37,"minecraft:interact_with_furnace":153,"minecraft:interact_with_cartography_table":2,"minecraft:sleep_in_bed":13,"minecraft:waystone_activated":5,"tombstone:sneak_grave":4,"minecraft:damage_dealt":218479,"tombstone:undead_killed":236,"minecraft:interact_with_smoker":89,"minecraft:horse_one_cm":1768920,"minecraft:interact_with_smithing_table":8,"minecraft:interact_with_anvil":6,"minecraft:sneak_time":47169,"minecraft:interact_with_blast_furnace":106,"minecraft:total_world_time":1181802,"tombstone:raider_killed":54,"minecraft:tune_noteblock":36,"minecraft:time_since_rest":11891,"tombstone:cast_on_ally":1,"minecraft:swim_one_cm":568068,"minecraft:fly_one_cm":7612854,"minecraft:open_chest":729,"minecraft:fall_one_cm":867314,"minecraft:damage_resisted":166,"minecraft:sprint_one_cm":3927420,"minecraft:drop":518,"minecraft:interact_with_brewingstand":26,"minecraft:walk_on_water_one_cm":150840,"tombstone:steal_effect":1,"minecraft:interact_with_loom":61,"minecraft:player_kills":3,"minecraft:crouch_one_cm":172992,"minecraft:mob_kills":1067,"minecraft:damage_dealt_resisted":1817,"minecraft:climb_one_cm":57467,"minecraft:walk_one_cm":2952646,"minecraft:raid_win":1,"minecraft:walk_under_water_one_cm":96318,"minecraft:boat_one_cm":24030,"spartanshields:shield_bash_hits":11,"minecraft:raid_trigger":1,"minecraft:damage_taken":27158,"minecraft:damage_absorbed":535}},"DataVersion":3465}