{"stats":{"minecraft:dropped":{"minecraft:bread":2,"minecraft:raw_copper":9,"minecraft:bowl":1,"minecraft:stone_shovel":1,"alexsmobs:cooked_kangaroo_meat":1,"spartanshields:wooden_basic_shield":1,"minecraft:flint":1,"spartanshields:wooden_tower_shield":2,"minecraft:pumpkin_pie":4,"minecraft:wooden_pickaxe":1,"minecraft:tripwire_hook":1,"ecologics:walnut_log":4},"minecraft:picked_up":{"ecologics:walnut_planks":6,"minecraft:crafting_table":4,"minecraft:tripwire_hook":1,"paraglider:spirit_orb":2,"minecraft:flint":1,"minecraft:oak_log":16,"alexsmobs:cooked_kangaroo_meat":1,"minecraft:gunpowder":2,"minecraft:dirt":4,"minecraft:raw_copper":9,"minecraft:beetroot_soup":1,"minecraft:bone":4,"ecologics:walnut_sapling":2,"minecraft:beetroot":1,"minecraft:wheat_seeds":1,"minecraft:bow":1,"minecraft:raw_gold":4,"bloomingnature:chestnut_sapling":6,"tombstone:bag_of_seeds":2,"bloomingnature:chestnut_planks":11,"minecraft:furnace":2,"minecraft:stick":6,"minecraft:raw_iron":29,"ecologics:walnut_log":8,"minecraft:sweet_berries":1,"minecraft:torch":5,"spartanshields:wooden_tower_shield":2,"minecraft:diorite":1,"tombstone:grave_dust":2,"minecraft:bundle":1,"minecraft:waxed_cut_copper_stairs":2,"bloomingnature:chestnut_log":7,"minecraft:arrow":4,"minecraft:rotten_flesh":16,"bloomingnature:swamp_oak_log":13,"minecraft:granite":2,"alexsmobs:maggot":2,"minecraft:coal":9,"minecraft:cobblestone":65},"minecraft:killed":{"enemyexpansion:intruder":1,"enemyexpansion:equestrian":1,"enemyexpansion:sprinter":3,"minecraft:skeleton":3,"enemyexpansion:meature":1,"minecraft:zombie":12,"enemyexpansion:silverqueen":1,"enemyexpansion:huntsman":2,"minecraft:silverfish":1,"alexsmobs:fly":1},"minecraft:killed_by":{"enemyexpansion:invisicreeper":1},"minecraft:custom":{"minecraft:interact_with_furnace":10,"spartanshields:shield_bash_hits":3,"minecraft:mob_kills":26,"minecraft:interact_with_crafting_table":23,"minecraft:open_barrel":2,"minecraft:eat_cake_slice":5,"minecraft:time_since_death":25484,"minecraft:time_since_rest":24432,"minecraft:sprint_one_cm":91715,"minecraft:damage_taken":634,"minecraft:walk_one_cm":106105,"minecraft:damage_blocked_by_shield":1220,"minecraft:drop":17,"minecraft:damage_dealt":5368,"minecraft:swim_one_cm":30494,"minecraft:fly_one_cm":239620,"minecraft:crouch_one_cm":12226,"minecraft:play_time":46897,"tombstone:undead_killed":22,"minecraft:deaths":1,"minecraft:sneak_time":3777,"minecraft:walk_under_water_one_cm":4752,"minecraft:jump":1204,"minecraft:walk_on_water_one_cm":8531,"minecraft:total_world_time":46897,"minecraft:fall_one_cm":30810},"minecraft:broken":{"minecraft:stone_axe":1},"minecraft:used":{"minecraft:beetroot":1,"minecraft:stone_pickaxe":93,"minecraft:wooden_pickaxe":15,"minecraft:rotten_flesh":10,"minecraft:oak_door":3,"minecraft:torch":7,"minecraft:dirt":4,"minecraft:crafting_table":5,"spartanshields:stone_tower_shield":40,"minecraft:granite":2,"tombstone:bag_of_seeds":2,"alexsmobs:maggot":2,"minecraft:bread":1,"minecraft:iron_pickaxe":9,"bloomingnature:chestnut_planks":20,"ecologics:walnut_planks":17,"minecraft:stone_axe":96,"stalwart_dungeons:stone_hammer":44,"minecraft:cobblestone":40,"minecraft:sweet_berries":2,"minecraft:furnace":2,"minecraft:pumpkin_pie":1,"tombstone:gift":4,"minecraft:waxed_cut_copper_stairs":2,"alexsmobs:animal_dictionary":3,"bloomingnature:chestnut_door":3,"minecraft:iron_leggings":1,"minecraft:beetroot_soup":1},"minecraft:mined":{"minecraft:waxed_cut_copper_stairs":2,"bloomingnature:chestnut_log":7,"minecraft:torch":1,"minecraft:crafting_table":3,"minecraft:grass_block":1,"ecologics:walnut_leaves":1,"minecraft:tall_grass":15,"minecraft:copper_ore":3,"minecraft:cobblestone":5,"minecraft:wall_torch":2,"minecraft:spawner":1,"bloomingnature:swamp_oak_log":13,"minecraft:furnace":2,"minecraft:iron_ore":30,"bloomingnature:chestnut_planks":8,"minecraft:grass":17,"minecraft:oak_log":17,"minecraft:coal_ore":9,"minecraft:dirt":5,"ecologics:walnut_planks":6,"ecologics:walnut_log":4,"minecraft:stone":60,"minecraft:gold_ore":4,"minecraft:oak_leaves":5},"minecraft:crafted":{"minecraft:oak_door":3,"bloomingnature:chestnut_planks":28,"minecraft:smooth_stone":1,"minecraft:oak_planks":64,"minecraft:stone_shovel":1,"minecraft:crafting_table":1,"minecraft:wooden_pickaxe":1,"ecologics:walnut_planks":16,"spartanshields:wooden_tower_shield":1,"minecraft:furnace":1,"minecraft:stone":1,"minecraft:stone_axe":1,"spartanshields:stone_tower_shield":1,"minecraft:air":0,"minecraft:iron_chestplate":1,"minecraft:stick":16,"minecraft:iron_pickaxe":1,"minecraft:iron_ingot":24,"bloomingnature:chestnut_door":3,"minecraft:stone_pickaxe":1,"spartanshields:wooden_basic_shield":1,"minecraft:iron_leggings":1,"stalwart_dungeons:stone_hammer":1,"minecraft:torch":4}},"DataVersion":3465}