{"stats":{"minecraft:broken":{"minecraft:stone_pickaxe":2,"minecraft:stone_axe":2,"minecraft:stone_shovel":6,"orcz:orcteeth_tool_axe":2,"minecraft:stone_hoe":2},"minecraft:custom":{"minecraft:interact_with_crafting_table":93,"minecraft:open_barrel":3,"minecraft:eat_cake_slice":12,"minecraft:leave_game":10,"minecraft:time_since_death":30757,"minecraft:sprint_one_cm":1739054,"minecraft:damage_blocked_by_shield":2733,"minecraft:drop":99,"minecraft:play_noteblock":28,"minecraft:play_time":316668,"minecraft:deaths":16,"minecraft:jump":5265,"minecraft:walk_on_water_one_cm":25345,"minecraft:interact_with_furnace":56,"minecraft:interact_with_loom":3,"minecraft:sleep_in_bed":10,"minecraft:damage_dealt":14970,"minecraft:player_kills":4,"minecraft:crouch_one_cm":28207,"tombstone:undead_killed":38,"minecraft:horse_one_cm":4404,"minecraft:mob_kills":101,"minecraft:damage_dealt_resisted":60,"minecraft:walk_one_cm":1227379,"minecraft:sneak_time":7872,"minecraft:walk_under_water_one_cm":6118,"minecraft:interact_with_blast_furnace":4,"minecraft:total_world_time":316668,"spartanshields:shield_bash_hits":3,"tombstone:raider_killed":2,"minecraft:tune_noteblock":3,"minecraft:time_since_rest":29616,"minecraft:damage_taken":8005,"minecraft:swim_one_cm":33959,"minecraft:fly_one_cm":1107220,"minecraft:open_chest":125,"minecraft:fall_one_cm":134186},"minecraft:mined":{"minecraft:dark_oak_planks":2,"minecraft:farmland":1,"minecraft:granite":3,"minecraft:grass_block":795,"bloomingnature:chestnut_leaves":3,"minecraft:orange_candle":4,"bloomingnature:genisteae":3,"minecraft:oxeye_daisy":1,"minecraft:iron_ore":4,"minecraft:pumpkin":4,"minecraft:oak_stairs":2,"ecologics:walnut_log":4,"minecraft:player_head":1,"minecraft:waxed_cut_copper_stairs":1,"bloomingnature:chestnut_log":35,"minecraft:polished_deepslate_stairs":4,"minecraft:torch":1,"minecraft:poppy":1,"farmersdelight:cabbages":43,"minecraft:cobblestone":47,"minecraft:cyan_bed":2,"minecraft:oak_planks":35,"minecraft:wall_torch":2,"orcz:orcagaric":2,"minecraft:birch_log":51,"minecraft:wheat":297,"minecraft:pitcher_plant":1,"minecraft:grass":725,"minecraft:oak_log":67,"minecraft:oak_fence_gate":1,"minecraft:dirt":194,"minecraft:oak_leaves":9,"minecraft:deepslate":8,"farmersdelight:tomatoes":1,"minecraft:mangrove_trapdoor":2,"ecologics:walnut_door":6,"minecraft:large_fern":2,"minecraft:furnace":2,"minecraft:carrots":23,"variantvanillablocks:birch_crafting_table":1,"minecraft:polished_deepslate":34,"bloomingnature:chestnut_planks":119,"minecraft:potatoes":49,"minecraft:stripped_oak_log":1,"bloomingnature:bluebell":5,"minecraft:stone":121,"minecraft:oak_slab":2,"bloomingnature:swamp_oak_planks":32,"minecraft:lily_of_the_valley":2,"minecraft:oak_fence":8,"minecraft:crafting_table":1,"minecraft:cornflower":1,"bloomingnature:foxglove_white":2,"minecraft:tall_grass":238,"minecraft:copper_ore":6,"minecraft:diorite":2,"minecraft:birch_planks":14,"travelersbackpack:pig":2,"bloomingnature:chestnut_door":2,"minecraft:birch_leaves":22,"minecraft:bee_nest":1,"minecraft:mangrove_slab":1,"minecraft:coal_ore":27,"minecraft:pitcher_crop":1,"minecraft:gravel":8,"ecologics:walnut_planks":19,"minecraft:oak_button":2},"minecraft:used":{"bloomingnature:swamp_oak_door":4,"orcz:orcteeth_tool_shovel":138,"minecraft:polished_deepslate":6,"farmersdelight:cabbage_seeds":73,"minecraft:chest":4,"minecraft:rotten_flesh":5,"orcz:orcshroom":1,"travelersbackpack:pig":9,"minecraft:carrot":44,"mcdw:glaive_cackling_broom":156,"minecraft:polished_deepslate_stairs":8,"minecraft:stone_bricks":20,"ecologics:walnut_planks":12,"minecraft:bow":2,"minecraft:furnace":3,"minecraft:oak_sapling":1,"aquaculture:fish_fillet_cooked":2,"minecraft:potato":131,"minecraft:stone_pickaxe":262,"minecraft:oak_planks":116,"minecraft:wooden_pickaxe":3,"another_furniture:oak_chair":2,"minecraft:pitcher_pod":1,"minecraft:shears":1,"minecraft:lightning_rod":1,"orcz:orcteeth_tool_hoe":93,"minecraft:cyan_bed":2,"minecraft:bread":60,"minecraft:bone_meal":6,"minecraft:oak_fence":8,"minecraft:flint_and_steel":1,"minecraft:stone_shovel":834,"ecologics:walnut_door":6,"minecraft:stone_hoe":347,"minecraft:torch":57,"minecraft:dirt":248,"minecraft:spyglass":2,"alexsmobs:cooked_kangaroo_meat":15,"minecraft:granite":2,"minecraft:oak_fence_gate":1,"minecraft:orange_candle":8,"minecraft:oak_stairs":5,"bloomingnature:chestnut_sapling":2,"minecraft:pitcher_plant":1,"tombstone:gift":1,"farmersdelight:tomato_seeds":1,"another_furniture:oak_drawer":1,"minecraft:pumpkin":2,"bloomingnature:chestnut_door":2,"alexsdelight:cooked_bison":1,"minecraft:wheat_seeds":415,"minecraft:water_bucket":4,"minecraft:birch_planks":240,"minecraft:baked_potato":9,"minecraft:copper_block":1,"minecraft:deepslate_bricks":8,"minecraft:crafting_table":3,"another_furniture:oak_table":2,"tombstone:bag_of_seeds":4,"orcz:orcteeth_tool_axe":354,"minecraft:oak_button":2,"spartanshields:copper_tower_shield":51,"bloomingnature:chestnut_planks":212,"minecraft:stone_axe":307,"minecraft:cobblestone":183,"minecraft:bucket":4,"minecraft:pumpkin_pie":2},"minecraft:picked_up":{"minecraft:wheat":269,"minecraft:oak_stairs":2,"minecraft:enchanted_book":1,"minecraft:polished_deepslate":33,"minecraft:string":5,"minecraft:raw_copper":29,"minecraft:beetroot":1,"minecraft:cobbled_deepslate":31,"farmersdelight:cabbage":16,"bloomingnature:chestnut_planks":139,"farmersdelight:cabbage_seeds":75,"minecraft:furnace":2,"minecraft:beehive":2,"minecraft:stick":2,"ecologics:walnut_log":4,"minecraft:polished_deepslate_stairs":4,"minecraft:oak_fence":8,"minecraft:torch":9,"tombstone:grave_dust":17,"minecraft:diorite":1,"minecraft:waxed_cut_copper_stairs":1,"bloomingnature:chestnut_log":43,"minecraft:rotten_flesh":34,"orcz:orcshroom":2,"ecologics:walnut_door":7,"alexsdelight:raw_bison":1,"minecraft:cobblestone":166,"minecraft:birch_log":48,"ecologics:walnut_planks":26,"orcz:orcteeth":81,"minecraft:potato":173,"alexsmobs:bison_fur":2,"minecraft:flint":3,"minecraft:tuff":1,"alexsmobs:cooked_kangaroo_meat":1,"mcdw:glaive_cackling_broom":3,"minecraft:mangrove_slab":1,"minecraft:dirt":1046,"minecraft:bone":5,"bloomingnature:bluebell":15,"minecraft:bow":1,"minecraft:wheat_seeds":926,"orcz:orcteeth_tool_sword":3,"minecraft:oak_planks":60,"orcz:orcagaric":1,"minecraft:poisonous_potato":1,"minecraft:cyan_bed":2,"minecraft:lily_of_the_valley":5,"alexsmobs:animal_dictionary":1,"minecraft:granite":3,"orcz:ironscrap":2,"minecraft:oak_sapling":1,"minecraft:crafting_table":1,"minecraft:azure_bluet":1,"minecraft:cornflower":4,"minecraft:oak_trapdoor":1,"ecologics:walnut_sapling":1,"travelersbackpack:pig":3,"minecraft:player_head":1,"minecraft:poppy":1,"minecraft:birch_sapling":1,"minecraft:raw_iron":5,"minecraft:bowl":1,"farmersdelight:tomato_seeds":1,"minecraft:carrot":52,"minecraft:redstone":2,"minecraft:mangrove_trapdoor":2,"minecraft:dark_oak_planks":2,"minecraft:arrow":13,"bloomingnature:chestnut_door":3,"minecraft:beetroot_seeds":2,"minecraft:pumpkin_pie":2,"minecraft:oxeye_daisy":1,"minecraft:stripped_oak_log":4,"bloomingnature:swamp_oak_planks":30,"minecraft:birch_planks":240,"bloomingnature:genisteae":3,"minecraft:oak_log":65,"minecraft:gunpowder":6,"tombstone:gift":1,"bloomingnature:swamp_oak_door":2,"bloomingnature:foxglove_white":1,"minecraft:stone_bricks":1,"variantvanillablocks:birch_crafting_table":1,"minecraft:oak_fence_gate":1,"minecraft:iron_ingot":20,"bloomingnature:chestnut_sapling":3,"tombstone:bag_of_seeds":2,"minecraft:glass_bottle":1,"minecraft:book":2,"minecraft:oak_slab":3,"aquaculture:smallmouth_bass":1,"minecraft:pitcher_plant":2,"minecraft:pumpkin":4,"minecraft:spyglass":2,"minecraft:gravel":3,"minecraft:orange_candle":11,"minecraft:spider_eye":1,"minecraft:pumpkin_seeds":8,"minecraft:iron_helmet":1,"minecraft:oak_button":2,"tombstone:magic_scroll":1,"minecraft:coal":27},"minecraft:killed_by":{"minecraft:creeper":1,"enemyexpansion:slugger":1,"enemyexpansion:sprinter":2,"enemyexpansion:invisicreeper":1,"minecraft:husk":1,"minecraft:player":2,"enemyexpansion:equestrian":3,"minecraft:skeleton":1,"enemyexpansion:botfly":2},"minecraft:killed":{"minecraft:witch":2,"enemyexpansion:equestrian":4,"minecraft:spider":7,"aquaculture:smallmouth_bass":1,"minecraft:skeleton":6,"bloomingnature:squirrel":1,"orcz:goblinsavagemace":8,"enemyexpansion:meature":2,"minecraft:zombie":21,"enemyexpansion:botfly":20,"alexsmobs:fly":1,"orcz:snot":4,"orcz:orcsavage_2sword":1,"orcz:orcshield":3,"bloomingnature:deer":1,"enemyexpansion:direwolf":5,"alexsmobs:bison":1,"orcz:orcsavagemace":1,"bloomingnature:raccoon":1,"enemyexpansion:sprinter":5,"alexsmobs:crow":1,"minecraft:player":4},"minecraft:dropped":{"minecraft:baked_potato":1,"minecraft:flint":3,"mcdw:glaive_cackling_broom":2,"alexsmobs:animal_dictionary":1,"tombstone:gift":2,"minecraft:rotten_flesh":12,"minecraft:oak_planks":48,"bloomingnature:genisteae":2,"minecraft:gunpowder":2,"minecraft:beetroot_seeds":3,"bloomingnature:bluebell":3,"bloomingnature:foxglove_white":1,"minecraft:cobblestone":12,"minecraft:granite":1,"minecraft:copper_ingot":1,"bloomingnature:chestnut_log":11,"tombstone:grave_dust":4,"minecraft:dried_kelp":1,"alexsmobs:ancient_dart":1,"alexsmobs:cooked_kangaroo_meat":2,"minecraft:potato":15,"minecraft:oak_button":1,"orcz:orcteeth":45},"minecraft:crafted":{"minecraft:oak_planks":272,"ecologics:walnut_planks":16,"spartanshields:wooden_tower_shield":1,"bloomingnature:swamp_oak_door":3,"minecraft:lightning_rod":1,"another_furniture:oak_chair":3,"minecraft:stone":20,"orcz:orcteeth_tool_shovel":1,"aquaculture:fish_fillet_raw":2,"minecraft:iron_boots":1,"minecraft:chest":4,"minecraft:oak_button":1,"minecraft:copper_block":1,"minecraft:stone_hoe":2,"minecraft:stone_bricks":20,"minecraft:oak_fence":9,"minecraft:oak_slab":6,"minecraft:crafting_table":2,"minecraft:wooden_pickaxe":1,"minecraft:baked_potato":44,"minecraft:copper_ingot":22,"minecraft:birch_planks":192,"orcz:orcteeth_tool_axe":4,"minecraft:iron_chestplate":1,"minecraft:charcoal":2,"minecraft:stick":76,"minecraft:iron_ingot":6,"ecologics:walnut_door":3,"another_furniture:oak_drawer":1,"minecraft:deepslate_bricks":52,"minecraft:shears":1,"bloomingnature:chestnut_planks":112,"minecraft:stone_shovel":6,"minecraft:polished_deepslate_stairs":4,"another_furniture:oak_table":3,"minecraft:furnace":1,"minecraft:bone_meal":6,"minecraft:flint_and_steel":1,"alexsdelight:cooked_bison":1,"minecraft:polished_deepslate":52,"spartanshields:copper_tower_shield":1,"minecraft:stone_pickaxe":3,"aquaculture:fish_fillet_cooked":2,"aquaculture:wooden_fillet_knife":1,"minecraft:dried_kelp":1,"minecraft:bucket":1,"minecraft:stone_axe":4,"minecraft:air":0,"minecraft:bread":60,"minecraft:oak_fence_gate":1,"orcz:orcteeth_tool_hoe":1,"minecraft:oak_stairs":4,"minecraft:iron_leggings":1,"minecraft:torch":48}},"DataVersion":3465}