{"stats":{"minecraft:dropped":{"alexsmobs:cooked_kangaroo_meat":2,"bloomingnature:chestnut_log":11},"minecraft:picked_up":{"ecologics:walnut_planks":15,"minecraft:crafting_table":1,"minecraft:flint":1,"bloomingnature:genisteae":2,"minecraft:oak_log":12,"alexsmobs:cooked_kangaroo_meat":1,"minecraft:gunpowder":4,"minecraft:dirt":36,"minecraft:string":1,"minecraft:raw_copper":25,"bloomingnature:bluebell":3,"ecologics:walnut_sapling":1,"minecraft:bow":1,"minecraft:wheat_seeds":26,"bloomingnature:chestnut_sapling":2,"bloomingnature:chestnut_planks":28,"minecraft:furnace":1,"minecraft:raw_iron":4,"minecraft:stick":2,"minecraft:pumpkin":3,"minecraft:torch":1,"minecraft:bowl":1,"minecraft:diorite":1,"minecraft:spider_eye":1,"minecraft:dark_oak_planks":2,"bloomingnature:chestnut_log":23,"minecraft:waxed_cut_copper_stairs":1,"minecraft:arrow":2,"bloomingnature:chestnut_door":3,"minecraft:pumpkin_pie":2,"minecraft:cobblestone":23},"minecraft:killed":{"minecraft:spider":3,"bloomingnature:raccoon":1,"enemyexpansion:sprinter":1,"minecraft:skeleton":1,"alexsmobs:fly":1},"minecraft:killed_by":{"minecraft:husk":1,"enemyexpansion:sprinter":1},"minecraft:custom":{"minecraft:interact_with_furnace":18,"minecraft:mob_kills":8,"minecraft:interact_with_crafting_table":13,"minecraft:leave_game":2,"minecraft:time_since_death":18302,"minecraft:time_since_rest":16359,"minecraft:sprint_one_cm":277389,"minecraft:damage_taken":1796,"minecraft:walk_one_cm":94670,"minecraft:drop":13,"minecraft:damage_dealt":1366,"minecraft:fly_one_cm":191046,"minecraft:crouch_one_cm":2561,"minecraft:sneak_time":491,"minecraft:play_time":41821,"tombstone:undead_killed":2,"minecraft:deaths":3,"minecraft:jump":1032,"minecraft:total_world_time":41821,"minecraft:fall_one_cm":27258},"minecraft:used":{"minecraft:stone_shovel":1,"minecraft:stone_pickaxe":30,"minecraft:oak_planks":16,"minecraft:wooden_pickaxe":3,"minecraft:torch":1,"minecraft:dirt":21,"minecraft:crafting_table":1,"alexsmobs:cooked_kangaroo_meat":12,"bloomingnature:chestnut_planks":66,"minecraft:stone_axe":97,"ecologics:walnut_planks":10,"minecraft:furnace":2,"minecraft:pumpkin_pie":1,"bloomingnature:chestnut_door":2},"minecraft:mined":{"minecraft:dark_oak_planks":2,"minecraft:waxed_cut_copper_stairs":1,"bloomingnature:chestnut_log":15,"minecraft:crafting_table":1,"minecraft:grass_block":8,"bloomingnature:chestnut_leaves":1,"bloomingnature:foxglove_white":1,"minecraft:copper_ore":6,"bloomingnature:genisteae":2,"minecraft:tall_grass":57,"minecraft:diorite":2,"minecraft:furnace":1,"minecraft:iron_ore":4,"bloomingnature:chestnut_door":2,"minecraft:pumpkin":3,"minecraft:grass":154,"bloomingnature:chestnut_planks":16,"minecraft:oak_log":13,"minecraft:gravel":1,"minecraft:dirt":9,"ecologics:walnut_planks":9,"bloomingnature:bluebell":2,"minecraft:stone":18},"minecraft:crafted":{"bloomingnature:chestnut_planks":48,"minecraft:oak_planks":40,"minecraft:stone_shovel":1,"minecraft:wooden_pickaxe":1,"minecraft:lightning_rod":1,"minecraft:furnace":1,"minecraft:copper_ingot":9,"minecraft:stone_axe":1,"minecraft:air":0,"minecraft:charcoal":2,"minecraft:stick":8,"minecraft:iron_ingot":4,"minecraft:stone_pickaxe":1,"minecraft:torch":8}},"DataVersion":3465}