{"stats":{"minecraft:dropped":{"bloomingnature:foxglove_white":1,"alexsmobs:animal_dictionary":1,"tombstone:gift":2,"minecraft:rotten_flesh":2,"bloomingnature:genisteae":2,"alexsmobs:cooked_kangaroo_meat":2,"minecraft:flint":3,"minecraft:beetroot_seeds":2,"bloomingnature:chestnut_log":11,"bloomingnature:bluebell":3},"minecraft:picked_up":{"minecraft:birch_log":9,"ecologics:walnut_planks":16,"minecraft:crafting_table":1,"minecraft:flint":3,"bloomingnature:genisteae":2,"minecraft:oak_log":33,"alexsmobs:cooked_kangaroo_meat":1,"minecraft:gunpowder":4,"minecraft:polished_deepslate":12,"minecraft:cornflower":1,"minecraft:dirt":71,"minecraft:string":1,"minecraft:raw_copper":25,"bloomingnature:bluebell":3,"bloomingnature:foxglove_white":1,"ecologics:walnut_sapling":1,"minecraft:bow":1,"minecraft:wheat_seeds":60,"minecraft:iron_ingot":1,"bloomingnature:chestnut_sapling":2,"bloomingnature:chestnut_planks":28,"minecraft:oak_planks":3,"minecraft:furnace":2,"minecraft:raw_iron":5,"minecraft:stick":2,"ecologics:walnut_log":4,"minecraft:pumpkin":4,"minecraft:torch":3,"minecraft:bowl":1,"minecraft:gravel":2,"alexsmobs:animal_dictionary":1,"tombstone:grave_dust":2,"minecraft:diorite":1,"minecraft:pumpkin_seeds":8,"minecraft:rotten_flesh":9,"minecraft:spider_eye":1,"minecraft:dark_oak_planks":2,"bloomingnature:chestnut_log":25,"minecraft:waxed_cut_copper_stairs":1,"minecraft:arrow":2,"bloomingnature:chestnut_door":3,"minecraft:beetroot_seeds":2,"minecraft:pumpkin_pie":2,"tombstone:magic_scroll":1,"minecraft:oak_sapling":1,"minecraft:coal":7,"minecraft:cobblestone":38,"minecraft:stripped_oak_log":1},"minecraft:killed":{"enemyexpansion:equestrian":1,"minecraft:spider":3,"bloomingnature:raccoon":1,"enemyexpansion:sprinter":2,"minecraft:skeleton":2,"minecraft:zombie":4,"bloomingnature:squirrel":1,"enemyexpansion:botfly":8,"alexsmobs:crow":1,"alexsmobs:fly":1},"minecraft:killed_by":{"minecraft:husk":1,"enemyexpansion:sprinter":1,"enemyexpansion:botfly":1,"minecraft:skeleton":1,"minecraft:creeper":1,"enemyexpansion:equestrian":2},"minecraft:custom":{"minecraft:interact_with_furnace":29,"spartanshields:shield_bash_hits":1,"minecraft:mob_kills":25,"minecraft:interact_with_crafting_table":29,"minecraft:leave_game":2,"minecraft:time_since_death":771,"minecraft:time_since_rest":324,"minecraft:sprint_one_cm":457241,"minecraft:damage_taken":3408,"minecraft:walk_one_cm":254646,"minecraft:damage_blocked_by_shield":680,"minecraft:drop":22,"minecraft:damage_dealt":3491,"minecraft:fly_one_cm":297410,"minecraft:open_chest":4,"minecraft:crouch_one_cm":3337,"minecraft:sneak_time":1310,"minecraft:play_time":77821,"tombstone:undead_killed":9,"minecraft:deaths":8,"minecraft:jump":1510,"minecraft:total_world_time":77821,"minecraft:fall_one_cm":37084},"minecraft:used":{"minecraft:wheat_seeds":64,"minecraft:oak_fence":8,"minecraft:water_bucket":1,"minecraft:polished_deepslate":6,"minecraft:birch_planks":12,"minecraft:stone_shovel":46,"minecraft:stone_pickaxe":69,"minecraft:oak_planks":19,"minecraft:copper_block":1,"minecraft:wooden_pickaxe":3,"minecraft:stone_hoe":154,"minecraft:rotten_flesh":5,"minecraft:torch":7,"minecraft:dirt":35,"minecraft:crafting_table":1,"alexsmobs:cooked_kangaroo_meat":15,"minecraft:shears":1,"minecraft:oak_fence_gate":1,"minecraft:lightning_rod":1,"minecraft:polished_deepslate_stairs":4,"spartanshields:copper_tower_shield":18,"bloomingnature:chestnut_sapling":2,"bloomingnature:chestnut_planks":66,"minecraft:stone_axe":189,"ecologics:walnut_planks":11,"minecraft:oak_sapling":1,"minecraft:furnace":3,"minecraft:bucket":1,"minecraft:pumpkin_pie":2,"minecraft:pumpkin":2,"bloomingnature:chestnut_door":2},"minecraft:mined":{"minecraft:dark_oak_planks":2,"minecraft:waxed_cut_copper_stairs":1,"minecraft:farmland":1,"bloomingnature:chestnut_log":17,"minecraft:crafting_table":1,"minecraft:grass_block":31,"bloomingnature:chestnut_leaves":1,"bloomingnature:foxglove_white":2,"minecraft:copper_ore":6,"bloomingnature:genisteae":2,"minecraft:tall_grass":143,"minecraft:cobblestone":15,"minecraft:oak_planks":5,"minecraft:diorite":2,"minecraft:furnace":2,"minecraft:birch_log":10,"minecraft:iron_ore":4,"bloomingnature:chestnut_door":2,"minecraft:pumpkin":4,"minecraft:polished_deepslate":13,"minecraft:coal_ore":7,"minecraft:grass":468,"bloomingnature:chestnut_planks":16,"minecraft:oak_log":34,"minecraft:gravel":7,"minecraft:dirt":23,"minecraft:stripped_oak_log":1,"ecologics:walnut_log":4,"ecologics:walnut_planks":10,"bloomingnature:bluebell":2,"minecraft:stone":18,"minecraft:oak_leaves":3},"minecraft:crafted":{"bloomingnature:chestnut_planks":56,"minecraft:oak_planks":128,"minecraft:stone_shovel":1,"minecraft:polished_deepslate_stairs":4,"ecologics:walnut_planks":16,"minecraft:wooden_pickaxe":1,"spartanshields:wooden_tower_shield":1,"minecraft:lightning_rod":1,"minecraft:furnace":1,"minecraft:copper_ingot":22,"minecraft:birch_planks":36,"minecraft:bucket":1,"minecraft:stone_axe":2,"minecraft:air":0,"minecraft:oak_fence_gate":1,"minecraft:charcoal":2,"spartanshields:copper_tower_shield":1,"minecraft:chest":2,"minecraft:stick":28,"minecraft:iron_ingot":5,"minecraft:stone_pickaxe":2,"minecraft:copper_block":1,"minecraft:torch":8,"minecraft:stone_hoe":1,"minecraft:oak_fence":9,"minecraft:shears":1}},"DataVersion":3465}