{"stats":{"minecraft:broken":{"spartanshields:copper_tower_shield":1,"minecraft:iron_boots":1,"minecraft:iron_chestplate":2,"minecraft:iron_leggings":2,"minecraft:stone_pickaxe":4,"minecraft:stone_axe":2,"orcz:orcteeth_tool_shovel":9,"orcz:orcteeth_armor_armor_boots":1,"minecraft:stone_shovel":6,"orcz:orcteeth_tool_axe":5,"orcz:orcteeth_tool_hoe":2,"minecraft:stone_hoe":2,"orcz:orcteeth_tool_sword":3,"minecraft:iron_pickaxe":2,"minecraft:iron_helmet":1},"minecraft:picked_up":{"minecraft:wheat":431,"farmersdelight:cabbage_rolls":1,"aquaculture:catfish":1,"minecraft:lead":6,"minecraft:oak_stairs":2,"enemyexpansion:wasp_thorax":1,"minecraft:enchanted_book":1,"minecraft:nether_brick":224,"minecraft:polished_deepslate":33,"minecraft:string":8,"aquaculture:muskellunge":1,"minecraft:raw_copper":29,"minecraft:pufferfish":2,"minecraft:beetroot":1,"biomesoplenty:brimstone":80,"minecraft:gold_nugget":12,"minecraft:cobbled_deepslate":31,"farmersdelight:cabbage":226,"bloomingnature:chestnut_planks":167,"farmersdelight:cabbage_seeds":474,"minecraft:furnace":2,"minecraft:beehive":2,"minecraft:stick":2,"orcz:orcskull":2,"ecologics:walnut_log":4,"farmersdelight:rotten_tomato":3,"minecraft:polished_deepslate_stairs":7,"minecraft:oak_fence":9,"minecraft:torch":99,"tombstone:grave_dust":22,"minecraft:diorite":89,"minecraft:chiseled_nether_bricks":1,"bloomingnature:chestnut_log":43,"minecraft:waxed_cut_copper_stairs":1,"minecraft:rotten_flesh":76,"minecraft:tropical_fish":1,"orcz:orcshroom":21,"alexsdelight:raw_bison":1,"ecologics:walnut_door":7,"minecraft:blaze_rod":115,"minecraft:deepslate_brick_stairs":4,"minecraft:cod":9,"aquaculture:tin_can":1,"alexsmobs:lobster_tail":2,"minecraft:cobblestone":405,"minecraft:nautilus_shell":1,"biomesoplenty:lavender":2,"minecraft:birch_log":54,"minecraft:enchanting_table":1,"ecologics:walnut_planks":26,"minecraft:magma_block":4,"orcz:orcteeth":161,"minecraft:magma_cream":2,"minecraft:andesite":49,"minecraft:potato":787,"alexsmobs:bison_fur":2,"minecraft:flint":3,"minecraft:tuff":1,"alexsmobs:cooked_kangaroo_meat":1,"mcdw:glaive_cackling_broom":4,"minecraft:mangrove_slab":1,"farmersdelight:tomato":86,"minecraft:dirt":1780,"minecraft:bone":11,"minecraft:chipped_anvil":1,"bloomingnature:bluebell":29,"minecraft:bow":2,"minecraft:wheat_seeds":1492,"orcz:orcteeth_tool_sword":4,"minecraft:oak_planks":147,"mcda:phantom_skin":1,"aquaculture:gar":1,"orcz:skullwandorc":1,"orcz:orcagaric":15,"minecraft:poisonous_potato":7,"orcz:skullwand":1,"orcz:blue_orcshroom":21,"minecraft:sand":4,"minecraft:nether_brick_stairs":1,"minecraft:ink_sac":3,"bloomingnature:goatsbeard":1,"minecraft:cyan_bed":4,"minecraft:lily_of_the_valley":13,"alexsmobs:animal_dictionary":1,"minecraft:bundle":1,"stalwart_dungeons:spore_vaporizer":1,"minecraft:diamond":1,"minecraft:granite":69,"minecraft:bone_meal":2,"orcz:ironscrap":7,"minecraft:oak_sapling":1,"minecraft:netherrack":330,"minecraft:crafting_table":2,"minecraft:azure_bluet":2,"minecraft:clay_ball":72,"minecraft:brown_mushroom":2,"minecraft:cornflower":26,"minecraft:oak_trapdoor":1,"minecraft:red_bed":1,"minecraft:blackstone":19,"travelersbackpack:pig":3,"ecologics:walnut_sapling":1,"minecraft:cartography_table":1,"aquaculture:bluegill":15,"minecraft:player_head":1,"minecraft:poppy":3,"minecraft:chest":1,"minecraft:birch_sapling":1,"minecraft:phantom_membrane":2,"minecraft:raw_iron":41,"ecologics:coconut_slice":4,"minecraft:bowl":1,"aquaculture:perch":10,"farmersdelight:tomato_seeds":17,"minecraft:carrot":282,"minecraft:redstone":2,"minecraft:mangrove_trapdoor":2,"minecraft:dark_oak_planks":2,"minecraft:arrow":22,"minecraft:weeping_vines":1,"bloomingnature:chestnut_door":3,"biomesoplenty:jacaranda_log":22,"minecraft:beetroot_seeds":2,"minecraft:pumpkin_pie":2,"minecraft:nether_bricks":60,"mcda:phantom_bones":3,"aquaculture:brown_trout":2,"alexscaves:spelunkery_table":1,"aquaculture:carp":1,"minecraft:saddle":1,"tombstone:essence_of_undeath":2,"minecraft:oxeye_daisy":3,"minecraft:stripped_oak_log":4,"enemyexpansion:horsehead_helmet":1,"minecraft:salmon":6,"bloomingnature:swamp_oak_planks":51,"minecraft:birch_planks":243,"minecraft:oak_log":71,"bloomingnature:genisteae":13,"aquaculture:neptunes_bounty":1,"biomesoplenty:jacaranda_planks":44,"minecraft:gunpowder":13,"aquaculture:rainbow_trout":2,"tombstone:gift":1,"bloomingnature:swamp_oak_door":2,"bloomingnature:foxglove_white":4,"farmersdelight:cooking_pot":1,"minecraft:stone_bricks":5,"variantvanillablocks:birch_crafting_table":1,"minecraft:kelp":1773,"minecraft:iron_ingot":81,"minecraft:oak_fence_gate":1,"minecraft:stone_pickaxe":1,"tombstone:bag_of_seeds":4,"bloomingnature:chestnut_sapling":3,"aquaculture:minnow":16,"minecraft:glass_bottle":1,"minecraft:iron_sword":1,"minecraft:book":2,"stalwart_dungeons:transient_block_close":38,"minecraft:oak_slab":3,"aquaculture:smallmouth_bass":9,"enemyexpansion:phantom_eye":1,"minecraft:pitcher_plant":2,"minecraft:pumpkin":4,"minecraft:stone_brick_slab":15,"minecraft:quartz":5,"minecraft:cracked_nether_bricks":5,"minecraft:spyglass":2,"minecraft:gravel":3,"minecraft:amethyst_shard":11,"orcz:orcamanita":25,"minecraft:orange_candle":11,"minecraft:crying_obsidian":4,"minecraft:spider_eye":3,"aquaculture:message_in_a_bottle":1,"alexsmobs:raw_catfish":4,"minecraft:pumpkin_seeds":8,"minecraft:iron_helmet":1,"minecraft:oak_button":2,"tombstone:magic_scroll":1,"orcz:orceye":3,"minecraft:coal":27},"minecraft:dropped":{"minecraft:baked_potato":1,"minecraft:weeping_vines":1,"orcz:blue_orcshroom":6,"biomesoplenty:fir_sapling":1,"minecraft:flint":3,"minecraft:cornflower":2,"mcdw:glaive_cackling_broom":3,"alexsmobs:animal_dictionary":1,"tombstone:gift":2,"minecraft:rotten_flesh":24,"minecraft:oak_planks":48,"bloomingnature:genisteae":6,"orcz:orcshroom":17,"minecraft:salmon":1,"minecraft:carrot":1,"minecraft:poppy":2,"minecraft:gunpowder":2,"minecraft:beetroot_seeds":3,"bloomingnature:bluebell":7,"farmersdelight:tomato_seeds":7,"minecraft:wheat_seeds":64,"bloomingnature:foxglove_white":3,"minecraft:poisonous_potato":5,"biomesoplenty:lavender":2,"minecraft:oak_fence":1,"minecraft:cobblestone":12,"orcz:orcagaric":1,"minecraft:granite":1,"minecraft:copper_ingot":1,"minecraft:stick":2,"minecraft:oxeye_daisy":1,"farmersdelight:cabbage_rolls":3,"minecraft:torch":2,"biomesoplenty:brimstone":1,"bloomingnature:chestnut_log":11,"tombstone:grave_dust":5,"minecraft:dried_kelp":1,"minecraft:string":1,"minecraft:kelp":1,"minecraft:oak_trapdoor":1,"farmersdelight:cabbage_seeds":162,"orcz:orcteeth_tool_sword":1,"orcz:orcamanita":3,"alexsmobs:ancient_dart":1,"minecraft:polished_deepslate_stairs":2,"alexsmobs:cooked_kangaroo_meat":2,"minecraft:potato":79,"minecraft:oak_button":1,"orcz:orcteeth":45,"bloomingnature:goatsbeard":1},"minecraft:killed_by":{"minecraft:zombified_piglin":2,"minecraft:creeper":1,"orcz:orcsavage_2sword":3,"enemyexpansion:slugger":1,"orcz:goblinsavagemace":4,"enemyexpansion:sprinter":2,"enemyexpansion:invisicreeper":1,"minecraft:husk":1,"minecraft:player":2,"orcz:weirdboinecro":3,"minecraft:spider":1,"enemyexpansion:equestrian":5,"stalwart_dungeons:giddy_blaze":12,"enemyexpansion:botfly":2,"minecraft:skeleton":1,"orcz:orcshield":1},"minecraft:killed":{"minecraft:zombified_piglin":5,"minecraft:witch":2,"enemyexpansion:equestrian":7,"minecraft:spider":11,"aquaculture:gar":1,"aquaculture:smallmouth_bass":6,"aquaculture:muskellunge":1,"minecraft:skeleton":12,"bloomingnature:squirrel":1,"ecologics:coconut_crab":1,"aquaculture:perch":9,"aquaculture:carp":1,"minecraft:magma_cube":3,"minecraft:piglin":1,"orcz:weirdboinecro":2,"minecraft:pig":1,"minecraft:zombie_villager":1,"orcz:goblinsavagemace":21,"stalwart_dungeons:giddy_blaze":144,"minecraft:creeper":3,"aquaculture:minnow":7,"enemyexpansion:meature":3,"minecraft:zombie":42,"enemyexpansion:botfly":21,"alexsmobs:fly":1,"orcz:snot":17,"orcz:orcsavage_2sword":3,"orcz:orcshield":12,"enemyexpansion:wasp":1,"bloomingnature:deer":1,"aquaculture:bluegill":12,"enemyexpansion:direwolf":14,"minecraft:phantom":1,"stalwart_dungeons:nether_wart_cocoon":13,"aquaculture:brown_trout":1,"minecraft:drowned":1,"alexsmobs:bison":1,"orcz:orcsavagemace":5,"orcz:orcsavageweird":3,"aquaculture:rainbow_trout":1,"bloomingnature:raccoon":1,"enemyexpansion:sprinter":6,"alexsmobs:catfish":3,"alexsmobs:crow":2,"orcz:goblin_2sword":4,"minecraft:player":4},"minecraft:custom":{"minecraft:animals_bred":27,"minecraft:interact_with_crafting_table":209,"minecraft:open_barrel":3,"minecraft:eat_cake_slice":12,"minecraft:leave_game":16,"minecraft:time_since_death":11764,"minecraft:damage_resisted":170,"minecraft:sprint_one_cm":4365968,"minecraft:damage_blocked_by_shield":5691,"minecraft:drop":169,"minecraft:play_noteblock":28,"minecraft:talked_to_villager":1,"minecraft:play_time":940704,"minecraft:deaths":48,"minecraft:jump":13699,"minecraft:walk_on_water_one_cm":226354,"minecraft:enchant_item":4,"minecraft:interact_with_furnace":338,"minecraft:interact_with_loom":3,"minecraft:sleep_in_bed":13,"tombstone:sneak_grave":6,"minecraft:damage_dealt":62983,"minecraft:player_kills":4,"minecraft:crouch_one_cm":100062,"tombstone:undead_killed":78,"minecraft:interact_with_smoker":4,"minecraft:horse_one_cm":4404,"minecraft:interact_with_anvil":6,"minecraft:mob_kills":420,"minecraft:damage_dealt_resisted":1617,"minecraft:walk_one_cm":3265068,"minecraft:sneak_time":29313,"minecraft:walk_under_water_one_cm":164368,"minecraft:boat_one_cm":93711,"minecraft:interact_with_blast_furnace":16,"minecraft:total_world_time":940704,"spartanshields:shield_bash_hits":9,"tombstone:raider_killed":3,"minecraft:tune_noteblock":6,"minecraft:time_since_rest":10396,"minecraft:damage_taken":24245,"minecraft:swim_one_cm":367672,"minecraft:fly_one_cm":3126005,"minecraft:open_chest":503,"minecraft:fish_caught":32,"minecraft:fall_one_cm":246747},"minecraft:used":{"orcz:orcteeth_tool_shovel":1336,"minecraft:polished_deepslate":6,"bloomingnature:swamp_oak_door":4,"farmersdelight:cabbage_rolls":16,"farmersdelight:cabbage_seeds":290,"minecraft:chest":13,"minecraft:stone":31,"minecraft:rotten_flesh":5,"travelersbackpack:pig":15,"orcz:orcshroom":1,"minecraft:nether_bricks":55,"minecraft:carrot":260,"mcdw:glaive_cackling_broom":207,"minecraft:polished_deepslate_stairs":8,"tombstone:decorative_grave_simple":1,"minecraft:grass_block":71,"biomesoplenty:fir_sapling":26,"farmersdelight:rotten_tomato":3,"aquaculture:diamond_fishing_rod":39,"minecraft:stone_bricks":30,"ecologics:walnut_planks":12,"minecraft:magma_block":1,"minecraft:bow":2,"minecraft:oak_sapling":1,"minecraft:furnace":3,"minecraft:potato":346,"aquaculture:fish_fillet_cooked":15,"bloomingnature:swamp_oak_planks":126,"biomesoplenty:jacaranda_fence":126,"minecraft:diorite":37,"minecraft:cow_spawn_egg":6,"minecraft:stone_pickaxe":608,"minecraft:mangrove_planks":74,"minecraft:oak_planks":153,"minecraft:blackstone":17,"minecraft:wooden_pickaxe":3,"biomesoplenty:fir_planks":150,"stalwart_dungeons:transient_block_close":4,"variantvanillablocks:birch_chest":4,"another_furniture:oak_chair":2,"minecraft:sand":4,"minecraft:pitcher_pod":1,"minecraft:sponge":4,"minecraft:shears":1,"biomesoplenty:jacaranda_planks":60,"minecraft:deepslate_brick_stairs":25,"minecraft:lightning_rod":1,"orcz:orcteeth_tool_hoe":297,"orcz:orcteeth_tool_sword":883,"minecraft:bread":60,"minecraft:cyan_bed":4,"alexsmobs:spawn_egg_bison":6,"minecraft:andesite":49,"minecraft:bone_meal":113,"minecraft:oak_fence":26,"biomesoplenty:brimstone":3,"minecraft:flint_and_steel":1,"biomesoplenty:jacaranda_fence_gate":9,"minecraft:stone_shovel":834,"ecologics:walnut_door":6,"minecraft:stone_hoe":347,"minecraft:netherrack":336,"minecraft:torch":148,"minecraft:spyglass":2,"minecraft:dirt":682,"minecraft:anvil":1,"alexsmobs:cooked_kangaroo_meat":15,"minecraft:granite":3,"minecraft:orange_candle":8,"minecraft:oak_fence_gate":6,"minecraft:stone_brick_slab":40,"minecraft:dark_oak_planks":3,"tombstone:ankh_of_pray":8,"minecraft:chipped_anvil":1,"minecraft:oak_stairs":6,"bloomingnature:chestnut_sapling":2,"minecraft:crimson_planks":77,"alexscaves:spelunkery_table":1,"minecraft:pitcher_plant":1,"spartanshields:copper_basic_shield":40,"farmersdelight:cooking_pot":2,"tombstone:gift":6,"farmersdelight:tomato_seeds":96,"minecraft:cherry_fence":2,"another_furniture:oak_drawer":1,"minecraft:pumpkin":2,"bloomingnature:chestnut_door":2,"alexsdelight:cooked_bison":1,"minecraft:wheat_seeds":582,"alexsmobs:cooked_catfish":4,"minecraft:water_bucket":29,"minecraft:dirt_path":66,"minecraft:birch_planks":325,"orcz:orcteeth_tool_pickaxe":129,"minecraft:baked_potato":155,"minecraft:copper_block":1,"minecraft:cartography_table":1,"minecraft:deepslate_bricks":72,"another_furniture:oak_table":2,"minecraft:crafting_table":5,"minecraft:red_bed":1,"minecraft:campfire":1,"orcz:orcamanita":1,"tombstone:bag_of_seeds":6,"minecraft:diamond_pickaxe":8,"orcz:orcteeth_tool_axe":600,"minecraft:oak_button":2,"minecraft:iron_pickaxe":501,"spartanshields:copper_tower_shield":77,"bloomingnature:chestnut_planks":258,"minecraft:stone_axe":307,"enchantinginfuser:enchanting_infuser":1,"minecraft:cobblestone":481,"aquaculture:stone_fillet_knife":9,"minecraft:bucket":33,"minecraft:pumpkin_pie":2,"minecraft:kelp":340},"minecraft:crafted":{"minecraft:brick":10,"minecraft:oak_planks":276,"orcz:orcteeth_armor_armor_boots":2,"spartanshields:wooden_tower_shield":1,"ecologics:walnut_planks":16,"bloomingnature:swamp_oak_door":3,"another_furniture:oak_chair":3,"minecraft:lightning_rod":1,"minecraft:stone":112,"orcz:orcteeth_tool_shovel":12,"aquaculture:fish_fillet_raw":19,"minecraft:deepslate_brick_stairs":28,"minecraft:bow":1,"minecraft:iron_boots":1,"minecraft:chest":8,"minecraft:oak_button":1,"minecraft:copper_block":1,"alexsmobs:cooked_catfish":4,"minecraft:dried_kelp_block":144,"minecraft:stone_hoe":2,"minecraft:stone_bricks":40,"minecraft:oak_fence":9,"farmersdelight:tomato_seeds":86,"minecraft:oak_slab":6,"minecraft:wooden_shovel":1,"biomesoplenty:jacaranda_planks":88,"enchantinginfuser:enchanting_infuser":1,"minecraft:crafting_table":4,"minecraft:wooden_pickaxe":1,"minecraft:baked_potato":166,"tombstone:decorative_grave_simple":1,"minecraft:copper_ingot":22,"minecraft:birch_planks":216,"minecraft:campfire":1,"minecraft:iron_chestplate":3,"orcz:orcteeth_tool_axe":6,"minecraft:diamond_pickaxe":1,"minecraft:charcoal":2,"minecraft:stick":140,"minecraft:iron_ingot":28,"ecologics:walnut_door":3,"minecraft:iron_pickaxe":2,"spartanshields:wooden_basic_shield":1,"another_furniture:oak_drawer":1,"minecraft:deepslate_bricks":112,"minecraft:shears":2,"bloomingnature:chestnut_planks":112,"minecraft:stone_shovel":6,"orcz:orcteeth_tool_sword":7,"minecraft:polished_deepslate_stairs":4,"another_furniture:oak_table":3,"minecraft:furnace":1,"minecraft:bone_meal":6,"spartanshields:copper_basic_shield":1,"minecraft:flint_and_steel":1,"alexsdelight:cooked_bison":1,"minecraft:polished_deepslate":112,"spartanshields:copper_tower_shield":1,"orcz:orcteeth_tool_pickaxe":2,"minecraft:stone_pickaxe":5,"aquaculture:fish_fillet_cooked":15,"aquaculture:wooden_fillet_knife":1,"alexsmobs:cooked_lobster_tail":2,"minecraft:dried_kelp":1405,"minecraft:nether_bricks":19,"aquaculture:diamond_fishing_rod":1,"tombstone:ankh_of_pray":1,"farmersdelight:cooking_pot":1,"minecraft:bucket":1,"minecraft:stone_axe":4,"minecraft:bread":60,"minecraft:air":0,"variantvanillablocks:birch_chest":4,"minecraft:oak_fence_gate":1,"orcz:orcteeth_tool_hoe":3,"tombstone:grave_plate":1,"tombstone:dark_marble":3,"minecraft:oak_stairs":8,"aquaculture:stone_fillet_knife":1,"minecraft:iron_leggings":3,"minecraft:torch":56},"minecraft:mined":{"minecraft:dark_oak_planks":2,"stalwart_dungeons:transient_block_open":2,"stalwart_dungeons:spore_vaporizer":2,"orcz:orcamanita":24,"minecraft:farmland":6,"minecraft:red_nether_bricks":2,"biomesoplenty:brimstone":80,"minecraft:granite":38,"minecraft:grass_block":1329,"bloomingnature:chestnut_leaves":3,"biomesoplenty:flowering_oak_leaves":2,"minecraft:orange_candle":4,"bloomingnature:genisteae":10,"farmersdelight:budding_tomatoes":1,"minecraft:oxeye_daisy":2,"minecraft:weeping_vines_plant":1,"minecraft:tall_seagrass":34,"minecraft:magma_block":5,"minecraft:iron_ore":4,"minecraft:fire":3,"biomesoplenty:lavender":4,"minecraft:pumpkin":4,"minecraft:nether_brick_stairs":1,"minecraft:enchanting_table":1,"minecraft:dirt_path":3,"minecraft:oak_stairs":2,"minecraft:deepslate_brick_stairs":4,"ecologics:walnut_log":4,"minecraft:player_head":1,"minecraft:waxed_cut_copper_stairs":1,"minecraft:blackstone":20,"bloomingnature:chestnut_log":35,"minecraft:red_bed":1,"biomesoplenty:jacaranda_planks":45,"minecraft:polished_deepslate_stairs":5,"minecraft:kelp_plant":479,"stalwart_dungeons:transient_block_close":44,"biomesoplenty:brimstone_fumarole":1,"minecraft:clay":18,"minecraft:torch":4,"minecraft:poppy":1,"minecraft:chest":1,"farmersdelight:cabbages":194,"minecraft:nether_quartz_ore":3,"minecraft:cobblestone":81,"minecraft:cyan_bed":4,"minecraft:oak_planks":84,"minecraft:wall_torch":5,"minecraft:seagrass":30,"minecraft:birch_log":57,"orcz:orcagaric":10,"minecraft:wheat":455,"minecraft:pitcher_plant":1,"minecraft:grass":989,"orcz:blue_orcshroom":13,"minecraft:oak_log":73,"minecraft:oak_fence_gate":1,"minecraft:sand":4,"minecraft:dirt":373,"minecraft:netherrack":316,"minecraft:oak_leaves":12,"minecraft:deepslate":8,"minecraft:nether_gold_ore":2,"alexscaves:spelunkery_table":1,"minecraft:nether_bricks":63,"minecraft:weeping_vines":1,"minecraft:mangrove_trapdoor":2,"farmersdelight:tomatoes":5,"minecraft:kelp":167,"minecraft:cartography_table":1,"minecraft:cracked_nether_bricks":7,"ecologics:walnut_door":6,"minecraft:large_fern":5,"biomesoplenty:jacaranda_log":22,"minecraft:furnace":2,"minecraft:carrots":84,"minecraft:andesite":55,"biomesoplenty:brimstone_bud":9,"variantvanillablocks:birch_crafting_table":1,"biomesoplenty:sea_oats":1,"minecraft:polished_deepslate":34,"orcz:orcshroom":5,"bloomingnature:chestnut_planks":147,"minecraft:potatoes":209,"minecraft:stripped_oak_log":1,"minecraft:stone":310,"bloomingnature:bluebell":11,"biomesoplenty:brimstone_cluster":5,"farmersdelight:cooking_pot":1,"minecraft:oak_slab":2,"minecraft:glass_pane":2,"minecraft:chiseled_nether_bricks":1,"minecraft:lily_of_the_valley":7,"bloomingnature:swamp_oak_planks":55,"minecraft:stone_brick_slab":15,"minecraft:oak_fence":8,"minecraft:crafting_table":2,"minecraft:cornflower":6,"bloomingnature:foxglove_white":5,"minecraft:copper_ore":6,"minecraft:tall_grass":357,"minecraft:diorite":80,"minecraft:birch_planks":15,"travelersbackpack:pig":2,"bloomingnature:chestnut_door":2,"minecraft:birch_leaves":22,"minecraft:bee_nest":1,"minecraft:mangrove_slab":1,"minecraft:coal_ore":27,"minecraft:pitcher_crop":1,"minecraft:gravel":8,"ecologics:walnut_planks":19,"minecraft:oak_button":2}},"DataVersion":3465}