{"stats":{"minecraft:broken":{"minecraft:iron_boots":1,"minecraft:iron_chestplate":1,"minecraft:iron_leggings":1,"minecraft:stone_pickaxe":4,"minecraft:stone_axe":2,"orcz:orcteeth_tool_shovel":2,"minecraft:stone_shovel":6,"orcz:orcteeth_tool_axe":3,"minecraft:stone_hoe":2,"minecraft:iron_helmet":1},"minecraft:custom":{"minecraft:animals_bred":4,"minecraft:interact_with_crafting_table":109,"minecraft:open_barrel":3,"minecraft:eat_cake_slice":12,"minecraft:leave_game":11,"minecraft:time_since_death":76192,"minecraft:sprint_one_cm":2255011,"minecraft:damage_blocked_by_shield":3353,"minecraft:drop":107,"minecraft:play_noteblock":28,"minecraft:talked_to_villager":1,"minecraft:play_time":428569,"minecraft:deaths":18,"minecraft:jump":6427,"minecraft:walk_on_water_one_cm":72638,"minecraft:interact_with_furnace":99,"minecraft:interact_with_loom":3,"minecraft:sleep_in_bed":12,"minecraft:damage_dealt":20743,"minecraft:player_kills":4,"minecraft:crouch_one_cm":41642,"tombstone:undead_killed":53,"minecraft:interact_with_smoker":1,"minecraft:horse_one_cm":4404,"minecraft:mob_kills":135,"minecraft:damage_dealt_resisted":690,"minecraft:walk_one_cm":1672411,"minecraft:sneak_time":11584,"minecraft:walk_under_water_one_cm":65048,"minecraft:interact_with_blast_furnace":6,"minecraft:total_world_time":428569,"spartanshields:shield_bash_hits":3,"tombstone:raider_killed":2,"minecraft:tune_noteblock":3,"minecraft:time_since_rest":7303,"minecraft:damage_taken":10862,"minecraft:swim_one_cm":142599,"minecraft:fly_one_cm":1354664,"minecraft:open_chest":194,"minecraft:fall_one_cm":157497},"minecraft:mined":{"minecraft:dark_oak_planks":2,"orcz:orcamanita":4,"minecraft:farmland":1,"minecraft:granite":34,"minecraft:grass_block":836,"bloomingnature:chestnut_leaves":3,"minecraft:orange_candle":4,"bloomingnature:genisteae":8,"minecraft:oxeye_daisy":2,"minecraft:tall_seagrass":31,"minecraft:iron_ore":4,"minecraft:pumpkin":4,"minecraft:oak_stairs":2,"minecraft:deepslate_brick_stairs":4,"ecologics:walnut_log":4,"minecraft:player_head":1,"minecraft:waxed_cut_copper_stairs":1,"bloomingnature:chestnut_log":35,"minecraft:red_bed":1,"minecraft:kelp_plant":77,"minecraft:polished_deepslate_stairs":5,"minecraft:clay":18,"minecraft:torch":1,"minecraft:poppy":1,"farmersdelight:cabbages":79,"minecraft:cobblestone":56,"minecraft:cyan_bed":4,"minecraft:oak_planks":35,"minecraft:wall_torch":4,"minecraft:seagrass":28,"orcz:orcagaric":2,"minecraft:birch_log":51,"minecraft:wheat":297,"minecraft:pitcher_plant":1,"minecraft:grass":832,"orcz:blue_orcshroom":2,"minecraft:oak_log":67,"minecraft:oak_fence_gate":1,"minecraft:dirt":283,"minecraft:oak_leaves":9,"minecraft:deepslate":8,"alexscaves:spelunkery_table":1,"farmersdelight:tomatoes":1,"minecraft:mangrove_trapdoor":2,"minecraft:kelp":47,"minecraft:cartography_table":1,"ecologics:walnut_door":6,"minecraft:large_fern":2,"minecraft:furnace":2,"minecraft:carrots":45,"variantvanillablocks:birch_crafting_table":1,"biomesoplenty:sea_oats":1,"minecraft:polished_deepslate":34,"bloomingnature:chestnut_planks":147,"minecraft:potatoes":129,"minecraft:stripped_oak_log":1,"bloomingnature:bluebell":11,"minecraft:stone":272,"minecraft:oak_slab":2,"minecraft:glass_pane":2,"bloomingnature:swamp_oak_planks":54,"minecraft:lily_of_the_valley":7,"minecraft:stone_brick_slab":13,"minecraft:oak_fence":8,"minecraft:crafting_table":1,"minecraft:cornflower":6,"bloomingnature:foxglove_white":4,"minecraft:tall_grass":286,"minecraft:copper_ore":6,"minecraft:diorite":80,"minecraft:birch_planks":15,"travelersbackpack:pig":2,"bloomingnature:chestnut_door":2,"minecraft:birch_leaves":22,"minecraft:bee_nest":1,"minecraft:mangrove_slab":1,"minecraft:coal_ore":27,"minecraft:pitcher_crop":1,"minecraft:gravel":8,"ecologics:walnut_planks":19,"minecraft:oak_button":2},"minecraft:used":{"orcz:orcteeth_tool_shovel":302,"bloomingnature:swamp_oak_door":4,"minecraft:polished_deepslate":6,"farmersdelight:cabbage_seeds":153,"minecraft:chest":4,"minecraft:rotten_flesh":5,"orcz:orcshroom":1,"travelersbackpack:pig":9,"minecraft:carrot":49,"mcdw:glaive_cackling_broom":207,"minecraft:polished_deepslate_stairs":8,"minecraft:stone_bricks":25,"ecologics:walnut_planks":12,"minecraft:bow":2,"minecraft:furnace":3,"minecraft:oak_sapling":1,"aquaculture:fish_fillet_cooked":2,"bloomingnature:swamp_oak_planks":18,"minecraft:potato":266,"minecraft:diorite":37,"minecraft:stone_pickaxe":552,"minecraft:oak_planks":149,"minecraft:wooden_pickaxe":3,"another_furniture:oak_chair":2,"minecraft:pitcher_pod":1,"minecraft:shears":1,"minecraft:deepslate_brick_stairs":24,"minecraft:lightning_rod":1,"orcz:orcteeth_tool_hoe":102,"orcz:orcteeth_tool_sword":117,"minecraft:cyan_bed":4,"minecraft:bread":60,"minecraft:bone_meal":6,"minecraft:oak_fence":8,"minecraft:flint_and_steel":1,"minecraft:stone_shovel":834,"ecologics:walnut_door":6,"minecraft:stone_hoe":347,"minecraft:torch":71,"minecraft:spyglass":2,"minecraft:dirt":345,"alexsmobs:cooked_kangaroo_meat":15,"minecraft:granite":2,"minecraft:oak_fence_gate":1,"minecraft:orange_candle":8,"minecraft:stone_brick_slab":9,"minecraft:oak_stairs":6,"bloomingnature:chestnut_sapling":2,"alexscaves:spelunkery_table":1,"minecraft:pitcher_plant":1,"tombstone:gift":2,"farmersdelight:tomato_seeds":1,"another_furniture:oak_drawer":1,"bloomingnature:chestnut_door":2,"minecraft:pumpkin":2,"alexsdelight:cooked_bison":1,"minecraft:wheat_seeds":416,"minecraft:water_bucket":4,"minecraft:birch_planks":325,"minecraft:baked_potato":61,"minecraft:cartography_table":1,"minecraft:copper_block":1,"minecraft:deepslate_bricks":8,"another_furniture:oak_table":2,"minecraft:crafting_table":3,"minecraft:red_bed":1,"orcz:orcamanita":1,"tombstone:bag_of_seeds":5,"orcz:orcteeth_tool_axe":414,"minecraft:oak_button":2,"spartanshields:copper_tower_shield":70,"bloomingnature:chestnut_planks":258,"minecraft:stone_axe":307,"minecraft:cobblestone":244,"minecraft:bucket":4,"minecraft:pumpkin_pie":2,"minecraft:kelp":216},"minecraft:picked_up":{"minecraft:wheat":269,"minecraft:oak_stairs":2,"minecraft:enchanted_book":1,"minecraft:polished_deepslate":33,"minecraft:string":5,"minecraft:raw_copper":29,"minecraft:beetroot":1,"minecraft:cobbled_deepslate":31,"farmersdelight:cabbage":52,"bloomingnature:chestnut_planks":167,"farmersdelight:cabbage_seeds":173,"minecraft:furnace":2,"minecraft:beehive":2,"minecraft:stick":2,"ecologics:walnut_log":4,"minecraft:polished_deepslate_stairs":7,"minecraft:oak_fence":8,"minecraft:torch":16,"tombstone:grave_dust":19,"minecraft:diorite":89,"bloomingnature:chestnut_log":43,"minecraft:waxed_cut_copper_stairs":1,"minecraft:rotten_flesh":48,"orcz:orcshroom":3,"alexsdelight:raw_bison":1,"ecologics:walnut_door":7,"minecraft:deepslate_brick_stairs":4,"alexsmobs:lobster_tail":2,"minecraft:cobblestone":342,"minecraft:birch_log":48,"ecologics:walnut_planks":26,"orcz:orcteeth":87,"minecraft:potato":473,"alexsmobs:bison_fur":2,"minecraft:flint":3,"minecraft:tuff":1,"alexsmobs:cooked_kangaroo_meat":1,"mcdw:glaive_cackling_broom":4,"minecraft:mangrove_slab":1,"minecraft:dirt":1183,"minecraft:bone":7,"bloomingnature:bluebell":20,"minecraft:bow":2,"minecraft:wheat_seeds":938,"orcz:orcteeth_tool_sword":3,"minecraft:oak_planks":60,"orcz:orcagaric":1,"minecraft:poisonous_potato":1,"orcz:blue_orcshroom":7,"minecraft:cyan_bed":4,"minecraft:lily_of_the_valley":7,"alexsmobs:animal_dictionary":1,"minecraft:bundle":1,"minecraft:diamond":1,"minecraft:granite":33,"minecraft:bone_meal":2,"orcz:ironscrap":2,"minecraft:oak_sapling":1,"minecraft:crafting_table":1,"minecraft:azure_bluet":1,"minecraft:clay_ball":72,"minecraft:cornflower":8,"minecraft:oak_trapdoor":1,"minecraft:red_bed":1,"travelersbackpack:pig":3,"ecologics:walnut_sapling":1,"minecraft:cartography_table":1,"aquaculture:bluegill":4,"minecraft:player_head":1,"minecraft:poppy":1,"minecraft:birch_sapling":1,"minecraft:raw_iron":5,"ecologics:coconut_slice":4,"minecraft:bowl":1,"farmersdelight:tomato_seeds":1,"minecraft:carrot":128,"minecraft:redstone":2,"minecraft:mangrove_trapdoor":2,"minecraft:dark_oak_planks":2,"minecraft:arrow":17,"bloomingnature:chestnut_door":3,"minecraft:beetroot_seeds":2,"minecraft:pumpkin_pie":2,"alexscaves:spelunkery_table":1,"tombstone:essence_of_undeath":1,"minecraft:oxeye_daisy":2,"minecraft:stripped_oak_log":4,"bloomingnature:swamp_oak_planks":51,"minecraft:birch_planks":243,"bloomingnature:genisteae":7,"minecraft:oak_log":65,"minecraft:gunpowder":8,"tombstone:gift":1,"bloomingnature:swamp_oak_door":2,"bloomingnature:foxglove_white":2,"minecraft:stone_bricks":5,"minecraft:kelp":275,"variantvanillablocks:birch_crafting_table":1,"minecraft:oak_fence_gate":1,"minecraft:iron_ingot":20,"minecraft:stone_pickaxe":1,"bloomingnature:chestnut_sapling":3,"tombstone:bag_of_seeds":3,"aquaculture:minnow":2,"minecraft:glass_bottle":1,"minecraft:book":2,"minecraft:oak_slab":3,"aquaculture:smallmouth_bass":1,"minecraft:pitcher_plant":2,"minecraft:pumpkin":4,"minecraft:stone_brick_slab":14,"minecraft:spyglass":2,"minecraft:gravel":3,"orcz:orcamanita":4,"minecraft:orange_candle":11,"minecraft:spider_eye":1,"minecraft:pumpkin_seeds":8,"minecraft:iron_helmet":1,"minecraft:oak_button":2,"tombstone:magic_scroll":1,"orcz:orceye":1,"minecraft:coal":27},"minecraft:killed_by":{"minecraft:creeper":1,"enemyexpansion:slugger":1,"enemyexpansion:sprinter":2,"enemyexpansion:invisicreeper":1,"minecraft:husk":1,"minecraft:player":2,"minecraft:spider":1,"enemyexpansion:equestrian":4,"minecraft:skeleton":1,"enemyexpansion:botfly":2},"minecraft:killed":{"minecraft:witch":2,"enemyexpansion:equestrian":4,"minecraft:spider":9,"aquaculture:smallmouth_bass":1,"minecraft:skeleton":10,"bloomingnature:squirrel":1,"ecologics:coconut_crab":1,"orcz:goblinsavagemace":9,"minecraft:creeper":1,"aquaculture:minnow":2,"enemyexpansion:meature":2,"minecraft:zombie":32,"enemyexpansion:botfly":20,"alexsmobs:fly":1,"orcz:snot":6,"orcz:orcsavage_2sword":1,"orcz:orcshield":3,"bloomingnature:deer":1,"aquaculture:bluegill":4,"enemyexpansion:direwolf":9,"alexsmobs:bison":1,"orcz:orcsavagemace":2,"bloomingnature:raccoon":1,"enemyexpansion:sprinter":5,"alexsmobs:crow":1,"minecraft:player":4},"minecraft:dropped":{"minecraft:baked_potato":1,"orcz:blue_orcshroom":3,"minecraft:flint":3,"mcdw:glaive_cackling_broom":3,"alexsmobs:animal_dictionary":1,"tombstone:gift":2,"minecraft:rotten_flesh":12,"minecraft:oak_planks":48,"bloomingnature:genisteae":2,"minecraft:gunpowder":2,"minecraft:beetroot_seeds":3,"bloomingnature:bluebell":3,"bloomingnature:foxglove_white":1,"minecraft:cobblestone":12,"minecraft:granite":1,"minecraft:copper_ingot":1,"minecraft:torch":1,"bloomingnature:chestnut_log":11,"tombstone:grave_dust":4,"minecraft:dried_kelp":1,"minecraft:kelp":1,"minecraft:oak_trapdoor":1,"orcz:orcamanita":1,"alexsmobs:ancient_dart":1,"minecraft:polished_deepslate_stairs":2,"alexsmobs:cooked_kangaroo_meat":2,"minecraft:potato":15,"minecraft:oak_button":1,"orcz:orcteeth":45},"minecraft:crafted":{"minecraft:oak_planks":272,"orcz:orcteeth_armor_armor_boots":1,"ecologics:walnut_planks":16,"spartanshields:wooden_tower_shield":1,"bloomingnature:swamp_oak_door":3,"minecraft:lightning_rod":1,"another_furniture:oak_chair":3,"minecraft:stone":47,"orcz:orcteeth_tool_shovel":2,"minecraft:deepslate_brick_stairs":28,"aquaculture:fish_fillet_raw":2,"minecraft:bow":1,"minecraft:iron_boots":1,"minecraft:chest":4,"minecraft:oak_button":1,"minecraft:copper_block":1,"minecraft:dried_kelp_block":3,"minecraft:stone_hoe":2,"minecraft:stone_bricks":20,"minecraft:oak_fence":9,"minecraft:oak_slab":6,"minecraft:crafting_table":2,"minecraft:wooden_pickaxe":1,"minecraft:baked_potato":102,"minecraft:copper_ingot":22,"minecraft:birch_planks":192,"orcz:orcteeth_tool_axe":4,"minecraft:iron_chestplate":1,"minecraft:charcoal":2,"minecraft:stick":84,"minecraft:iron_pickaxe":1,"minecraft:iron_ingot":8,"ecologics:walnut_door":3,"another_furniture:oak_drawer":1,"minecraft:deepslate_bricks":112,"minecraft:shears":2,"bloomingnature:chestnut_planks":112,"minecraft:stone_shovel":6,"minecraft:polished_deepslate_stairs":4,"another_furniture:oak_table":3,"minecraft:furnace":1,"minecraft:bone_meal":6,"minecraft:flint_and_steel":1,"alexsdelight:cooked_bison":1,"minecraft:polished_deepslate":112,"spartanshields:copper_tower_shield":1,"minecraft:stone_pickaxe":5,"aquaculture:fish_fillet_cooked":2,"aquaculture:wooden_fillet_knife":1,"alexsmobs:cooked_lobster_tail":2,"minecraft:dried_kelp":26,"minecraft:bucket":1,"minecraft:stone_axe":4,"minecraft:air":0,"minecraft:bread":60,"minecraft:oak_fence_gate":1,"orcz:orcteeth_tool_hoe":1,"minecraft:oak_stairs":8,"minecraft:iron_leggings":1,"minecraft:torch":56}},"DataVersion":3465}