{"stats":{"minecraft:dropped":{"alexsmobs:cooked_kangaroo_meat":2,"bloomingnature:chestnut_log":11},"minecraft:picked_up":{"ecologics:walnut_planks":15,"minecraft:crafting_table":1,"minecraft:flint":1,"bloomingnature:genisteae":2,"minecraft:oak_log":12,"alexsmobs:cooked_kangaroo_meat":1,"minecraft:gunpowder":4,"minecraft:cornflower":1,"minecraft:dirt":60,"minecraft:string":1,"minecraft:raw_copper":25,"bloomingnature:bluebell":3,"bloomingnature:foxglove_white":1,"ecologics:walnut_sapling":1,"minecraft:bow":1,"minecraft:wheat_seeds":55,"bloomingnature:chestnut_sapling":2,"bloomingnature:chestnut_planks":28,"minecraft:furnace":1,"minecraft:raw_iron":5,"minecraft:stick":2,"minecraft:pumpkin":3,"minecraft:torch":1,"minecraft:bowl":1,"minecraft:diorite":1,"minecraft:spider_eye":1,"minecraft:dark_oak_planks":2,"bloomingnature:chestnut_log":23,"minecraft:waxed_cut_copper_stairs":1,"minecraft:arrow":2,"bloomingnature:chestnut_door":3,"minecraft:beetroot_seeds":2,"minecraft:pumpkin_pie":2,"minecraft:coal":7,"minecraft:cobblestone":23},"minecraft:killed":{"minecraft:spider":3,"bloomingnature:raccoon":1,"enemyexpansion:sprinter":1,"minecraft:skeleton":1,"alexsmobs:crow":1,"alexsmobs:fly":1},"minecraft:killed_by":{"minecraft:husk":1,"enemyexpansion:sprinter":1,"enemyexpansion:equestrian":1},"minecraft:custom":{"minecraft:interact_with_furnace":22,"minecraft:mob_kills":9,"minecraft:interact_with_crafting_table":18,"minecraft:leave_game":2,"minecraft:time_since_death":666,"minecraft:time_since_rest":1,"minecraft:sprint_one_cm":377090,"minecraft:damage_taken":2026,"minecraft:walk_one_cm":132930,"minecraft:drop":13,"minecraft:damage_dealt":1536,"minecraft:fly_one_cm":218277,"minecraft:crouch_one_cm":2561,"minecraft:sneak_time":491,"minecraft:play_time":53821,"tombstone:undead_killed":2,"minecraft:deaths":4,"minecraft:jump":1152,"minecraft:total_world_time":53821,"minecraft:fall_one_cm":29348},"minecraft:used":{"minecraft:wheat_seeds":54,"minecraft:oak_fence":8,"minecraft:water_bucket":1,"minecraft:stone_shovel":29,"minecraft:stone_pickaxe":37,"minecraft:oak_planks":16,"minecraft:copper_block":1,"minecraft:wooden_pickaxe":3,"minecraft:stone_hoe":154,"minecraft:torch":7,"minecraft:dirt":22,"minecraft:crafting_table":1,"alexsmobs:cooked_kangaroo_meat":14,"minecraft:oak_fence_gate":1,"bloomingnature:chestnut_planks":66,"minecraft:stone_axe":101,"ecologics:walnut_planks":10,"minecraft:furnace":2,"minecraft:bucket":1,"minecraft:pumpkin_pie":1,"bloomingnature:chestnut_door":2},"minecraft:mined":{"minecraft:dark_oak_planks":2,"minecraft:waxed_cut_copper_stairs":1,"minecraft:farmland":1,"bloomingnature:chestnut_log":15,"minecraft:crafting_table":1,"minecraft:grass_block":31,"bloomingnature:chestnut_leaves":1,"bloomingnature:foxglove_white":2,"minecraft:copper_ore":6,"bloomingnature:genisteae":2,"minecraft:tall_grass":131,"minecraft:diorite":2,"minecraft:furnace":1,"minecraft:iron_ore":4,"bloomingnature:chestnut_door":2,"minecraft:pumpkin":3,"minecraft:coal_ore":7,"minecraft:grass":410,"bloomingnature:chestnut_planks":16,"minecraft:oak_log":13,"minecraft:gravel":1,"minecraft:dirt":9,"ecologics:walnut_planks":9,"bloomingnature:bluebell":2,"minecraft:stone":18},"minecraft:crafted":{"bloomingnature:chestnut_planks":48,"minecraft:oak_planks":40,"minecraft:stone_shovel":1,"minecraft:wooden_pickaxe":1,"minecraft:lightning_rod":1,"minecraft:furnace":1,"minecraft:copper_ingot":12,"minecraft:bucket":1,"minecraft:stone_axe":2,"minecraft:air":0,"minecraft:oak_fence_gate":1,"minecraft:charcoal":2,"minecraft:stick":24,"minecraft:iron_ingot":5,"minecraft:stone_pickaxe":2,"minecraft:copper_block":1,"minecraft:torch":8,"minecraft:stone_hoe":1,"minecraft:oak_fence":9}},"DataVersion":3465}