{"stats":{"minecraft:dropped":{"bloomingnature:foxglove_white":1,"minecraft:flint":3,"bloomingnature:chestnut_log":11,"alexsmobs:animal_dictionary":1,"tombstone:gift":2,"minecraft:rotten_flesh":2,"bloomingnature:genisteae":2,"alexsmobs:cooked_kangaroo_meat":2,"minecraft:beetroot_seeds":2,"bloomingnature:bluebell":3},"minecraft:picked_up":{"minecraft:crafting_table":1,"minecraft:wheat":25,"minecraft:cornflower":1,"minecraft:polished_deepslate":12,"minecraft:string":2,"minecraft:raw_copper":25,"ecologics:walnut_sapling":1,"bloomingnature:chestnut_planks":28,"minecraft:birch_sapling":1,"farmersdelight:cabbage_seeds":1,"minecraft:furnace":2,"minecraft:stick":2,"minecraft:raw_iron":5,"ecologics:walnut_log":4,"minecraft:torch":3,"minecraft:bowl":1,"farmersdelight:tomato_seeds":1,"minecraft:diorite":1,"tombstone:grave_dust":6,"minecraft:dark_oak_planks":2,"minecraft:waxed_cut_copper_stairs":1,"bloomingnature:chestnut_log":25,"minecraft:arrow":4,"bloomingnature:chestnut_door":3,"minecraft:rotten_flesh":13,"minecraft:beetroot_seeds":2,"minecraft:pumpkin_pie":2,"minecraft:cobblestone":136,"minecraft:stripped_oak_log":1,"minecraft:birch_log":20,"ecologics:walnut_planks":16,"minecraft:birch_planks":1,"minecraft:flint":3,"bloomingnature:genisteae":2,"minecraft:oak_log":33,"alexsmobs:cooked_kangaroo_meat":1,"minecraft:gunpowder":4,"minecraft:dirt":572,"tombstone:gift":1,"bloomingnature:foxglove_white":1,"minecraft:bone":1,"bloomingnature:bluebell":10,"minecraft:bow":1,"minecraft:wheat_seeds":150,"minecraft:iron_ingot":3,"bloomingnature:chestnut_sapling":2,"minecraft:oak_planks":3,"minecraft:pumpkin":4,"minecraft:gravel":3,"minecraft:lily_of_the_valley":4,"minecraft:spider_eye":1,"alexsmobs:animal_dictionary":1,"minecraft:pumpkin_seeds":8,"tombstone:magic_scroll":1,"minecraft:oak_sapling":1,"minecraft:coal":27},"minecraft:killed":{"minecraft:spider":4,"enemyexpansion:equestrian":4,"enemyexpansion:direwolf":1,"minecraft:skeleton":3,"bloomingnature:squirrel":1,"bloomingnature:raccoon":1,"enemyexpansion:sprinter":2,"minecraft:zombie":8,"enemyexpansion:botfly":12,"alexsmobs:fly":1,"alexsmobs:crow":1},"minecraft:custom":{"minecraft:mob_kills":39,"minecraft:interact_with_crafting_table":42,"minecraft:leave_game":2,"minecraft:time_since_death":13947,"minecraft:sprint_one_cm":622297,"minecraft:walk_one_cm":437615,"minecraft:damage_blocked_by_shield":680,"minecraft:drop":22,"minecraft:play_time":113821,"minecraft:deaths":10,"minecraft:sneak_time":3540,"minecraft:jump":1993,"minecraft:walk_on_water_one_cm":83,"minecraft:total_world_time":113821,"minecraft:interact_with_furnace":29,"spartanshields:shield_bash_hits":1,"minecraft:time_since_rest":13458,"minecraft:damage_taken":3988,"minecraft:damage_dealt":5524,"minecraft:fly_one_cm":401286,"minecraft:open_chest":8,"minecraft:crouch_one_cm":11317,"tombstone:undead_killed":17,"minecraft:fall_one_cm":49658},"minecraft:killed_by":{"minecraft:husk":1,"minecraft:creeper":1,"enemyexpansion:equestrian":2,"enemyexpansion:sprinter":1,"minecraft:skeleton":1,"enemyexpansion:botfly":2},"minecraft:broken":{"minecraft:stone_hoe":1,"minecraft:stone_pickaxe":1,"minecraft:stone_axe":1,"minecraft:stone_shovel":3},"minecraft:used":{"minecraft:oak_fence":8,"minecraft:polished_deepslate":6,"minecraft:stone_shovel":537,"farmersdelight:cabbage_seeds":1,"minecraft:chest":2,"minecraft:stone_hoe":252,"minecraft:rotten_flesh":5,"minecraft:torch":11,"minecraft:dirt":102,"alexsmobs:cooked_kangaroo_meat":15,"minecraft:oak_fence_gate":1,"minecraft:polished_deepslate_stairs":4,"minecraft:oak_stairs":2,"bloomingnature:chestnut_sapling":2,"ecologics:walnut_planks":11,"minecraft:bow":2,"minecraft:furnace":3,"minecraft:oak_sapling":1,"tombstone:gift":1,"farmersdelight:tomato_seeds":1,"bloomingnature:chestnut_door":2,"minecraft:pumpkin":2,"minecraft:wheat_seeds":97,"minecraft:water_bucket":2,"minecraft:birch_planks":37,"minecraft:stone_pickaxe":190,"minecraft:oak_planks":67,"minecraft:copper_block":1,"minecraft:wooden_pickaxe":3,"minecraft:crafting_table":1,"minecraft:shears":1,"minecraft:lightning_rod":1,"minecraft:bread":5,"spartanshields:copper_tower_shield":18,"bloomingnature:chestnut_planks":66,"minecraft:stone_axe":239,"minecraft:cobblestone":82,"minecraft:bucket":2,"minecraft:pumpkin_pie":2},"minecraft:mined":{"minecraft:dark_oak_planks":2,"minecraft:farmland":1,"minecraft:grass_block":429,"bloomingnature:chestnut_leaves":1,"bloomingnature:genisteae":2,"farmersdelight:tomatoes":1,"minecraft:large_fern":1,"minecraft:furnace":2,"minecraft:iron_ore":4,"minecraft:pumpkin":4,"minecraft:polished_deepslate":13,"bloomingnature:chestnut_planks":16,"minecraft:stripped_oak_log":1,"ecologics:walnut_log":4,"minecraft:stone":116,"bloomingnature:bluebell":4,"minecraft:waxed_cut_copper_stairs":1,"bloomingnature:chestnut_log":17,"minecraft:lily_of_the_valley":2,"minecraft:crafting_table":1,"bloomingnature:foxglove_white":2,"minecraft:cobblestone":17,"minecraft:tall_grass":166,"minecraft:copper_ore":6,"minecraft:oak_planks":5,"minecraft:diorite":2,"minecraft:birch_planks":1,"minecraft:birch_log":21,"minecraft:wheat":26,"bloomingnature:chestnut_door":2,"minecraft:birch_leaves":3,"minecraft:grass":518,"minecraft:oak_log":34,"minecraft:coal_ore":27,"minecraft:gravel":8,"minecraft:dirt":126,"ecologics:walnut_planks":10,"minecraft:oak_leaves":3},"minecraft:crafted":{"bloomingnature:chestnut_planks":56,"minecraft:oak_planks":128,"minecraft:stone_shovel":4,"minecraft:polished_deepslate_stairs":4,"ecologics:walnut_planks":16,"spartanshields:wooden_tower_shield":1,"minecraft:lightning_rod":1,"minecraft:furnace":1,"spartanshields:copper_tower_shield":1,"minecraft:stone_pickaxe":3,"minecraft:chest":2,"minecraft:copper_block":1,"minecraft:stone_hoe":2,"minecraft:oak_fence":9,"minecraft:wooden_pickaxe":1,"minecraft:copper_ingot":22,"minecraft:bucket":1,"minecraft:birch_planks":80,"minecraft:stone_axe":3,"minecraft:bread":5,"minecraft:air":0,"minecraft:oak_fence_gate":1,"minecraft:charcoal":2,"minecraft:stick":40,"minecraft:iron_ingot":5,"minecraft:oak_stairs":4,"minecraft:torch":8,"minecraft:shears":1}},"DataVersion":3465}