{"stats":{"minecraft:broken":{"spartanshields:copper_tower_shield":1,"minecraft:iron_boots":1,"minecraft:iron_chestplate":2,"minecraft:iron_leggings":2,"minecraft:stone_pickaxe":4,"minecraft:stone_axe":2,"orcz:orcteeth_tool_shovel":9,"orcz:orcteeth_armor_armor_boots":1,"minecraft:stone_shovel":6,"orcz:orcteeth_tool_axe":4,"orcz:orcteeth_tool_hoe":2,"minecraft:stone_hoe":2,"orcz:orcteeth_tool_sword":3,"minecraft:iron_helmet":1},"minecraft:used":{"orcz:orcteeth_tool_shovel":1336,"minecraft:polished_deepslate":6,"bloomingnature:swamp_oak_door":4,"farmersdelight:cabbage_rolls":4,"farmersdelight:cabbage_seeds":290,"minecraft:chest":8,"minecraft:rotten_flesh":5,"orcz:orcshroom":1,"minecraft:nether_bricks":47,"travelersbackpack:pig":15,"minecraft:carrot":260,"mcdw:glaive_cackling_broom":207,"minecraft:polished_deepslate_stairs":8,"farmersdelight:rotten_tomato":3,"minecraft:stone_bricks":30,"ecologics:walnut_planks":12,"minecraft:bow":2,"minecraft:oak_sapling":1,"minecraft:furnace":3,"aquaculture:fish_fillet_cooked":14,"bloomingnature:swamp_oak_planks":18,"minecraft:potato":346,"minecraft:diorite":37,"minecraft:stone_pickaxe":608,"minecraft:oak_planks":153,"minecraft:wooden_pickaxe":3,"stalwart_dungeons:transient_block_close":2,"variantvanillablocks:birch_chest":2,"another_furniture:oak_chair":2,"minecraft:sand":4,"minecraft:pitcher_pod":1,"minecraft:shears":1,"biomesoplenty:jacaranda_planks":44,"minecraft:deepslate_brick_stairs":24,"minecraft:lightning_rod":1,"orcz:orcteeth_tool_hoe":295,"orcz:orcteeth_tool_sword":767,"minecraft:bread":60,"minecraft:cyan_bed":4,"minecraft:bone_meal":6,"minecraft:oak_fence":8,"minecraft:flint_and_steel":1,"minecraft:stone_shovel":834,"ecologics:walnut_door":6,"minecraft:stone_hoe":347,"minecraft:netherrack":48,"minecraft:torch":109,"minecraft:spyglass":2,"minecraft:dirt":594,"alexsmobs:cooked_kangaroo_meat":15,"minecraft:granite":3,"minecraft:oak_fence_gate":1,"minecraft:orange_candle":8,"minecraft:stone_brick_slab":9,"minecraft:oak_stairs":6,"bloomingnature:chestnut_sapling":2,"alexscaves:spelunkery_table":1,"minecraft:pitcher_plant":1,"spartanshields:copper_basic_shield":39,"farmersdelight:cooking_pot":2,"tombstone:gift":5,"farmersdelight:tomato_seeds":88,"another_furniture:oak_drawer":1,"bloomingnature:chestnut_door":2,"minecraft:pumpkin":2,"alexsdelight:cooked_bison":1,"minecraft:wheat_seeds":582,"alexsmobs:cooked_catfish":4,"minecraft:water_bucket":29,"minecraft:birch_planks":325,"minecraft:baked_potato":138,"minecraft:cartography_table":1,"minecraft:copper_block":1,"minecraft:deepslate_bricks":8,"another_furniture:oak_table":2,"minecraft:crafting_table":4,"minecraft:red_bed":1,"minecraft:campfire":1,"orcz:orcamanita":1,"tombstone:bag_of_seeds":6,"minecraft:diamond_pickaxe":8,"orcz:orcteeth_tool_axe":544,"minecraft:oak_button":2,"minecraft:iron_pickaxe":94,"spartanshields:copper_tower_shield":77,"bloomingnature:chestnut_planks":258,"minecraft:stone_axe":307,"enchantinginfuser:enchanting_infuser":1,"minecraft:cobblestone":480,"aquaculture:stone_fillet_knife":9,"minecraft:bucket":33,"minecraft:pumpkin_pie":2,"minecraft:kelp":340},"minecraft:mined":{"minecraft:dark_oak_planks":2,"stalwart_dungeons:transient_block_open":2,"stalwart_dungeons:spore_vaporizer":2,"orcz:orcamanita":24,"minecraft:farmland":6,"minecraft:red_nether_bricks":2,"minecraft:granite":38,"minecraft:grass_block":1329,"biomesoplenty:flowering_oak_leaves":2,"bloomingnature:chestnut_leaves":3,"minecraft:orange_candle":4,"bloomingnature:genisteae":10,"farmersdelight:budding_tomatoes":1,"minecraft:oxeye_daisy":2,"minecraft:weeping_vines_plant":1,"minecraft:tall_seagrass":34,"minecraft:iron_ore":4,"minecraft:fire":3,"biomesoplenty:lavender":4,"minecraft:pumpkin":4,"minecraft:nether_brick_stairs":1,"minecraft:enchanting_table":1,"minecraft:dirt_path":3,"minecraft:oak_stairs":2,"minecraft:deepslate_brick_stairs":4,"ecologics:walnut_log":4,"minecraft:player_head":1,"minecraft:waxed_cut_copper_stairs":1,"bloomingnature:chestnut_log":35,"minecraft:red_bed":1,"biomesoplenty:jacaranda_planks":28,"minecraft:kelp_plant":479,"minecraft:polished_deepslate_stairs":5,"stalwart_dungeons:transient_block_close":44,"minecraft:clay":18,"minecraft:torch":4,"minecraft:poppy":1,"farmersdelight:cabbages":194,"minecraft:cobblestone":79,"minecraft:cyan_bed":4,"minecraft:oak_planks":84,"minecraft:wall_torch":5,"minecraft:seagrass":30,"orcz:orcagaric":10,"minecraft:birch_log":51,"minecraft:wheat":455,"minecraft:pitcher_plant":1,"minecraft:grass":983,"orcz:blue_orcshroom":13,"minecraft:oak_log":72,"minecraft:oak_fence_gate":1,"minecraft:sand":4,"minecraft:dirt":372,"minecraft:netherrack":4,"minecraft:oak_leaves":12,"minecraft:deepslate":8,"alexscaves:spelunkery_table":1,"minecraft:nether_bricks":55,"minecraft:weeping_vines":1,"farmersdelight:tomatoes":5,"minecraft:mangrove_trapdoor":2,"minecraft:cartography_table":1,"minecraft:kelp":167,"minecraft:cracked_nether_bricks":7,"ecologics:walnut_door":6,"minecraft:large_fern":4,"biomesoplenty:jacaranda_log":22,"minecraft:furnace":2,"minecraft:carrots":84,"variantvanillablocks:birch_crafting_table":1,"orcz:orcshroom":4,"biomesoplenty:sea_oats":1,"minecraft:polished_deepslate":34,"bloomingnature:chestnut_planks":147,"minecraft:potatoes":209,"minecraft:stripped_oak_log":1,"bloomingnature:bluebell":11,"minecraft:stone":272,"biomesoplenty:brimstone_cluster":5,"farmersdelight:cooking_pot":1,"minecraft:oak_slab":2,"minecraft:glass_pane":2,"minecraft:chiseled_nether_bricks":1,"bloomingnature:swamp_oak_planks":54,"minecraft:lily_of_the_valley":7,"minecraft:stone_brick_slab":15,"minecraft:oak_fence":8,"minecraft:crafting_table":2,"minecraft:cornflower":6,"bloomingnature:foxglove_white":5,"minecraft:tall_grass":354,"minecraft:copper_ore":6,"minecraft:diorite":80,"minecraft:birch_planks":15,"travelersbackpack:pig":2,"bloomingnature:chestnut_door":2,"minecraft:birch_leaves":22,"minecraft:bee_nest":1,"minecraft:mangrove_slab":1,"minecraft:coal_ore":27,"minecraft:pitcher_crop":1,"minecraft:gravel":8,"ecologics:walnut_planks":19,"minecraft:oak_button":2},"minecraft:crafted":{"minecraft:brick":10,"minecraft:oak_planks":272,"orcz:orcteeth_armor_armor_boots":2,"ecologics:walnut_planks":16,"spartanshields:wooden_tower_shield":1,"bloomingnature:swamp_oak_door":3,"another_furniture:oak_chair":3,"minecraft:lightning_rod":1,"minecraft:stone":112,"orcz:orcteeth_tool_shovel":12,"aquaculture:fish_fillet_raw":19,"minecraft:deepslate_brick_stairs":28,"minecraft:bow":1,"minecraft:iron_boots":1,"minecraft:chest":8,"minecraft:oak_button":1,"minecraft:copper_block":1,"alexsmobs:cooked_catfish":4,"minecraft:dried_kelp_block":127,"minecraft:stone_hoe":2,"minecraft:stone_bricks":40,"minecraft:oak_fence":9,"farmersdelight:tomato_seeds":71,"minecraft:oak_slab":6,"minecraft:wooden_shovel":1,"biomesoplenty:jacaranda_planks":88,"enchantinginfuser:enchanting_infuser":1,"minecraft:crafting_table":3,"minecraft:baked_potato":166,"minecraft:wooden_pickaxe":1,"minecraft:copper_ingot":22,"minecraft:birch_planks":192,"minecraft:campfire":1,"minecraft:diamond_pickaxe":1,"orcz:orcteeth_tool_axe":5,"minecraft:iron_chestplate":3,"minecraft:charcoal":2,"minecraft:stick":140,"minecraft:iron_ingot":28,"ecologics:walnut_door":3,"minecraft:iron_pickaxe":1,"spartanshields:wooden_basic_shield":1,"another_furniture:oak_drawer":1,"minecraft:deepslate_bricks":112,"minecraft:shears":2,"bloomingnature:chestnut_planks":112,"minecraft:stone_shovel":6,"orcz:orcteeth_tool_sword":5,"minecraft:polished_deepslate_stairs":4,"another_furniture:oak_table":3,"minecraft:furnace":1,"minecraft:bone_meal":6,"spartanshields:copper_basic_shield":1,"minecraft:flint_and_steel":1,"alexsdelight:cooked_bison":1,"minecraft:polished_deepslate":112,"spartanshields:copper_tower_shield":1,"minecraft:stone_pickaxe":5,"aquaculture:fish_fillet_cooked":15,"aquaculture:wooden_fillet_knife":1,"alexsmobs:cooked_lobster_tail":2,"minecraft:dried_kelp":1145,"minecraft:nether_bricks":19,"farmersdelight:cooking_pot":1,"minecraft:bucket":1,"minecraft:stone_axe":4,"minecraft:bread":60,"minecraft:air":0,"variantvanillablocks:birch_chest":2,"minecraft:oak_fence_gate":1,"orcz:orcteeth_tool_hoe":3,"minecraft:oak_stairs":8,"aquaculture:stone_fillet_knife":1,"minecraft:iron_leggings":3,"minecraft:torch":56},"minecraft:killed":{"minecraft:zombified_piglin":5,"minecraft:witch":2,"enemyexpansion:equestrian":7,"minecraft:spider":11,"aquaculture:gar":1,"aquaculture:smallmouth_bass":2,"aquaculture:muskellunge":1,"minecraft:skeleton":12,"bloomingnature:squirrel":1,"ecologics:coconut_crab":1,"aquaculture:perch":9,"aquaculture:carp":1,"minecraft:magma_cube":3,"orcz:weirdboinecro":2,"minecraft:zombie_villager":1,"orcz:goblinsavagemace":21,"stalwart_dungeons:giddy_blaze":90,"minecraft:creeper":1,"aquaculture:minnow":7,"enemyexpansion:meature":3,"minecraft:zombie":41,"enemyexpansion:botfly":21,"alexsmobs:fly":1,"orcz:snot":17,"orcz:orcsavage_2sword":3,"orcz:orcshield":11,"enemyexpansion:wasp":1,"bloomingnature:deer":1,"aquaculture:bluegill":12,"enemyexpansion:direwolf":13,"stalwart_dungeons:nether_wart_cocoon":13,"alexsmobs:bison":1,"orcz:orcsavagemace":4,"orcz:orcsavageweird":2,"aquaculture:rainbow_trout":1,"bloomingnature:raccoon":1,"enemyexpansion:sprinter":6,"alexsmobs:catfish":3,"alexsmobs:crow":2,"orcz:goblin_2sword":4,"minecraft:player":4},"minecraft:killed_by":{"minecraft:zombified_piglin":2,"minecraft:creeper":1,"orcz:orcsavage_2sword":3,"enemyexpansion:slugger":1,"orcz:goblinsavagemace":4,"enemyexpansion:sprinter":2,"enemyexpansion:invisicreeper":1,"minecraft:husk":1,"minecraft:player":2,"orcz:weirdboinecro":3,"minecraft:spider":1,"enemyexpansion:equestrian":5,"stalwart_dungeons:giddy_blaze":12,"enemyexpansion:botfly":2,"minecraft:skeleton":1,"orcz:orcshield":1},"minecraft:picked_up":{"minecraft:wheat":431,"minecraft:lead":6,"enemyexpansion:wasp_thorax":1,"minecraft:oak_stairs":2,"minecraft:enchanted_book":1,"minecraft:nether_brick":128,"minecraft:polished_deepslate":33,"aquaculture:muskellunge":1,"minecraft:string":8,"minecraft:raw_copper":29,"biomesoplenty:brimstone":3,"minecraft:beetroot":1,"minecraft:gold_nugget":6,"minecraft:cobbled_deepslate":31,"farmersdelight:cabbage":226,"bloomingnature:chestnut_planks":167,"farmersdelight:cabbage_seeds":474,"minecraft:furnace":2,"minecraft:beehive":2,"minecraft:stick":2,"orcz:orcskull":2,"ecologics:walnut_log":4,"farmersdelight:rotten_tomato":3,"minecraft:polished_deepslate_stairs":7,"minecraft:oak_fence":8,"minecraft:torch":86,"tombstone:grave_dust":22,"minecraft:diorite":89,"minecraft:chiseled_nether_bricks":1,"bloomingnature:chestnut_log":43,"minecraft:waxed_cut_copper_stairs":1,"minecraft:rotten_flesh":73,"orcz:orcshroom":13,"alexsdelight:raw_bison":1,"ecologics:walnut_door":7,"minecraft:blaze_rod":66,"minecraft:deepslate_brick_stairs":4,"alexsmobs:lobster_tail":2,"minecraft:cobblestone":372,"biomesoplenty:lavender":2,"minecraft:birch_log":48,"minecraft:enchanting_table":1,"ecologics:walnut_planks":26,"minecraft:magma_cream":2,"orcz:orcteeth":150,"minecraft:potato":787,"alexsmobs:bison_fur":2,"minecraft:flint":3,"minecraft:tuff":1,"alexsmobs:cooked_kangaroo_meat":1,"mcdw:glaive_cackling_broom":4,"minecraft:mangrove_slab":1,"farmersdelight:tomato":71,"minecraft:dirt":1779,"minecraft:bone":11,"bloomingnature:bluebell":29,"minecraft:bow":2,"minecraft:wheat_seeds":1489,"orcz:orcteeth_tool_sword":4,"minecraft:oak_planks":147,"orcz:skullwand":1,"orcz:skullwandorc":1,"orcz:orcagaric":15,"minecraft:poisonous_potato":2,"minecraft:sand":4,"orcz:blue_orcshroom":21,"minecraft:nether_brick_stairs":1,"bloomingnature:goatsbeard":1,"minecraft:ink_sac":3,"minecraft:cyan_bed":4,"minecraft:lily_of_the_valley":13,"alexsmobs:animal_dictionary":1,"minecraft:bundle":1,"stalwart_dungeons:spore_vaporizer":1,"minecraft:diamond":1,"minecraft:granite":69,"minecraft:bone_meal":2,"orcz:ironscrap":6,"minecraft:oak_sapling":1,"minecraft:netherrack":40,"minecraft:crafting_table":2,"minecraft:azure_bluet":2,"minecraft:clay_ball":72,"minecraft:cornflower":26,"minecraft:oak_trapdoor":1,"minecraft:red_bed":1,"travelersbackpack:pig":3,"ecologics:walnut_sapling":1,"minecraft:cartography_table":1,"aquaculture:bluegill":12,"minecraft:player_head":1,"minecraft:poppy":3,"minecraft:birch_sapling":1,"minecraft:raw_iron":41,"ecologics:coconut_slice":4,"minecraft:bowl":1,"aquaculture:perch":6,"farmersdelight:tomato_seeds":17,"minecraft:carrot":282,"minecraft:redstone":2,"minecraft:mangrove_trapdoor":2,"minecraft:dark_oak_planks":2,"minecraft:weeping_vines":1,"minecraft:arrow":22,"bloomingnature:chestnut_door":3,"biomesoplenty:jacaranda_log":22,"minecraft:beetroot_seeds":2,"minecraft:pumpkin_pie":2,"minecraft:nether_bricks":51,"alexscaves:spelunkery_table":1,"aquaculture:carp":1,"minecraft:saddle":1,"tombstone:essence_of_undeath":2,"minecraft:oxeye_daisy":3,"minecraft:stripped_oak_log":4,"enemyexpansion:horsehead_helmet":1,"bloomingnature:swamp_oak_planks":51,"minecraft:birch_planks":243,"bloomingnature:genisteae":13,"minecraft:oak_log":70,"biomesoplenty:jacaranda_planks":27,"minecraft:gunpowder":8,"aquaculture:rainbow_trout":1,"tombstone:gift":1,"bloomingnature:swamp_oak_door":2,"bloomingnature:foxglove_white":4,"farmersdelight:cooking_pot":1,"minecraft:stone_bricks":5,"variantvanillablocks:birch_crafting_table":1,"minecraft:kelp":1773,"minecraft:oak_fence_gate":1,"minecraft:iron_ingot":81,"minecraft:stone_pickaxe":1,"tombstone:bag_of_seeds":4,"bloomingnature:chestnut_sapling":3,"aquaculture:minnow":13,"minecraft:glass_bottle":1,"stalwart_dungeons:transient_block_close":38,"minecraft:book":2,"minecraft:oak_slab":3,"aquaculture:smallmouth_bass":2,"minecraft:pitcher_plant":2,"minecraft:pumpkin":4,"minecraft:stone_brick_slab":15,"minecraft:quartz":2,"minecraft:cracked_nether_bricks":5,"minecraft:spyglass":2,"minecraft:gravel":3,"minecraft:amethyst_shard":11,"orcz:orcamanita":25,"minecraft:orange_candle":11,"minecraft:crying_obsidian":4,"minecraft:spider_eye":3,"alexsmobs:raw_catfish":4,"minecraft:pumpkin_seeds":8,"minecraft:iron_helmet":1,"minecraft:oak_button":2,"tombstone:magic_scroll":1,"orcz:orceye":3,"minecraft:coal":27},"minecraft:dropped":{"minecraft:baked_potato":1,"minecraft:weeping_vines":1,"orcz:blue_orcshroom":6,"minecraft:flint":3,"minecraft:cornflower":2,"mcdw:glaive_cackling_broom":3,"alexsmobs:animal_dictionary":1,"tombstone:gift":2,"minecraft:rotten_flesh":15,"minecraft:oak_planks":48,"bloomingnature:genisteae":6,"orcz:orcshroom":10,"minecraft:carrot":1,"minecraft:poppy":2,"minecraft:gunpowder":2,"minecraft:beetroot_seeds":3,"bloomingnature:bluebell":7,"bloomingnature:foxglove_white":3,"biomesoplenty:lavender":2,"minecraft:cobblestone":12,"orcz:orcagaric":1,"minecraft:granite":1,"minecraft:copper_ingot":1,"minecraft:stick":2,"minecraft:oxeye_daisy":1,"minecraft:torch":2,"bloomingnature:chestnut_log":11,"tombstone:grave_dust":5,"minecraft:dried_kelp":1,"minecraft:string":1,"minecraft:kelp":1,"minecraft:oak_trapdoor":1,"farmersdelight:cabbage_seeds":162,"orcz:orcteeth_tool_sword":1,"orcz:orcamanita":3,"alexsmobs:ancient_dart":1,"minecraft:polished_deepslate_stairs":2,"alexsmobs:cooked_kangaroo_meat":2,"minecraft:potato":79,"minecraft:oak_button":1,"orcz:orcteeth":45,"bloomingnature:goatsbeard":1},"minecraft:custom":{"minecraft:animals_bred":19,"minecraft:interact_with_crafting_table":192,"minecraft:open_barrel":3,"minecraft:eat_cake_slice":12,"minecraft:leave_game":15,"minecraft:time_since_death":1008,"minecraft:damage_resisted":170,"minecraft:sprint_one_cm":3815617,"minecraft:damage_blocked_by_shield":5563,"minecraft:drop":144,"minecraft:play_noteblock":28,"minecraft:talked_to_villager":1,"minecraft:play_time":769622,"minecraft:deaths":47,"minecraft:jump":11782,"minecraft:walk_on_water_one_cm":210153,"minecraft:enchant_item":3,"minecraft:interact_with_furnace":321,"minecraft:interact_with_loom":3,"minecraft:sleep_in_bed":13,"tombstone:sneak_grave":6,"minecraft:damage_dealt":52539,"minecraft:player_kills":4,"minecraft:crouch_one_cm":78303,"tombstone:undead_killed":75,"minecraft:interact_with_smoker":1,"minecraft:horse_one_cm":4404,"minecraft:interact_with_anvil":1,"minecraft:mob_kills":349,"minecraft:damage_dealt_resisted":1617,"minecraft:walk_one_cm":2643286,"minecraft:sneak_time":23075,"minecraft:walk_under_water_one_cm":156066,"minecraft:interact_with_blast_furnace":16,"minecraft:total_world_time":769622,"spartanshields:shield_bash_hits":8,"tombstone:raider_killed":2,"minecraft:tune_noteblock":3,"minecraft:time_since_rest":1,"minecraft:damage_taken":22607,"minecraft:swim_one_cm":339703,"minecraft:fly_one_cm":2515559,"minecraft:open_chest":418,"minecraft:fall_one_cm":217538}},"DataVersion":3465}