{"stats":{"minecraft:broken":{"spartanshields:copper_tower_shield":1,"minecraft:iron_boots":1,"minecraft:iron_chestplate":1,"minecraft:iron_leggings":1,"minecraft:stone_pickaxe":4,"minecraft:stone_axe":2,"orcz:orcteeth_tool_shovel":9,"orcz:orcteeth_armor_armor_boots":1,"minecraft:stone_shovel":6,"orcz:orcteeth_tool_axe":4,"orcz:orcteeth_tool_hoe":2,"minecraft:stone_hoe":2,"orcz:orcteeth_tool_sword":2,"minecraft:iron_helmet":1},"minecraft:used":{"orcz:orcteeth_tool_shovel":1336,"minecraft:polished_deepslate":6,"bloomingnature:swamp_oak_door":4,"farmersdelight:cabbage_seeds":215,"minecraft:chest":8,"minecraft:rotten_flesh":5,"orcz:orcshroom":1,"minecraft:nether_bricks":39,"travelersbackpack:pig":11,"minecraft:carrot":246,"mcdw:glaive_cackling_broom":207,"minecraft:polished_deepslate_stairs":8,"minecraft:stone_bricks":30,"ecologics:walnut_planks":12,"minecraft:bow":2,"minecraft:oak_sapling":1,"minecraft:furnace":3,"aquaculture:fish_fillet_cooked":8,"bloomingnature:swamp_oak_planks":18,"minecraft:potato":346,"minecraft:diorite":37,"minecraft:stone_pickaxe":606,"minecraft:oak_planks":153,"minecraft:wooden_pickaxe":3,"stalwart_dungeons:transient_block_close":2,"another_furniture:oak_chair":2,"minecraft:sand":4,"minecraft:pitcher_pod":1,"minecraft:shears":1,"biomesoplenty:jacaranda_planks":5,"minecraft:deepslate_brick_stairs":24,"minecraft:lightning_rod":1,"orcz:orcteeth_tool_hoe":295,"orcz:orcteeth_tool_sword":460,"minecraft:bread":60,"minecraft:cyan_bed":4,"minecraft:bone_meal":6,"minecraft:oak_fence":8,"minecraft:flint_and_steel":1,"minecraft:stone_shovel":834,"ecologics:walnut_door":6,"minecraft:stone_hoe":347,"minecraft:netherrack":48,"minecraft:torch":101,"minecraft:spyglass":2,"minecraft:dirt":591,"alexsmobs:cooked_kangaroo_meat":15,"minecraft:granite":2,"minecraft:oak_fence_gate":1,"minecraft:orange_candle":8,"minecraft:stone_brick_slab":9,"minecraft:oak_stairs":6,"bloomingnature:chestnut_sapling":2,"alexscaves:spelunkery_table":1,"minecraft:pitcher_plant":1,"spartanshields:copper_basic_shield":30,"tombstone:gift":5,"farmersdelight:tomato_seeds":34,"another_furniture:oak_drawer":1,"bloomingnature:chestnut_door":2,"minecraft:pumpkin":2,"alexsdelight:cooked_bison":1,"minecraft:wheat_seeds":496,"alexsmobs:cooked_catfish":4,"minecraft:water_bucket":8,"minecraft:birch_planks":325,"minecraft:baked_potato":101,"minecraft:cartography_table":1,"minecraft:copper_block":1,"minecraft:deepslate_bricks":8,"another_furniture:oak_table":2,"minecraft:crafting_table":4,"minecraft:red_bed":1,"orcz:orcamanita":1,"tombstone:bag_of_seeds":6,"orcz:orcteeth_tool_axe":501,"minecraft:oak_button":2,"minecraft:iron_pickaxe":79,"spartanshields:copper_tower_shield":77,"bloomingnature:chestnut_planks":258,"minecraft:stone_axe":307,"minecraft:cobblestone":477,"aquaculture:stone_fillet_knife":9,"minecraft:bucket":8,"minecraft:pumpkin_pie":2,"minecraft:kelp":340},"minecraft:crafted":{"minecraft:oak_planks":272,"orcz:orcteeth_armor_armor_boots":1,"ecologics:walnut_planks":16,"spartanshields:wooden_tower_shield":1,"bloomingnature:swamp_oak_door":3,"another_furniture:oak_chair":3,"minecraft:lightning_rod":1,"minecraft:stone":68,"orcz:orcteeth_tool_shovel":12,"aquaculture:fish_fillet_raw":12,"minecraft:deepslate_brick_stairs":28,"minecraft:bow":1,"minecraft:iron_boots":1,"minecraft:chest":8,"minecraft:oak_button":1,"minecraft:copper_block":1,"alexsmobs:cooked_catfish":4,"minecraft:dried_kelp_block":83,"minecraft:stone_hoe":2,"minecraft:stone_bricks":40,"minecraft:oak_fence":9,"farmersdelight:tomato_seeds":17,"minecraft:oak_slab":6,"biomesoplenty:jacaranda_planks":88,"minecraft:crafting_table":3,"minecraft:baked_potato":102,"minecraft:wooden_pickaxe":1,"minecraft:copper_ingot":22,"minecraft:birch_planks":192,"orcz:orcteeth_tool_axe":5,"minecraft:iron_chestplate":2,"minecraft:charcoal":2,"minecraft:stick":120,"minecraft:iron_ingot":28,"ecologics:walnut_door":3,"minecraft:iron_pickaxe":1,"spartanshields:wooden_basic_shield":1,"another_furniture:oak_drawer":1,"minecraft:deepslate_bricks":112,"minecraft:shears":2,"bloomingnature:chestnut_planks":112,"minecraft:stone_shovel":6,"orcz:orcteeth_tool_sword":3,"minecraft:polished_deepslate_stairs":4,"another_furniture:oak_table":3,"minecraft:furnace":1,"minecraft:bone_meal":6,"spartanshields:copper_basic_shield":1,"minecraft:flint_and_steel":1,"alexsdelight:cooked_bison":1,"minecraft:polished_deepslate":112,"spartanshields:copper_tower_shield":1,"minecraft:stone_pickaxe":5,"aquaculture:fish_fillet_cooked":8,"aquaculture:wooden_fillet_knife":1,"alexsmobs:cooked_lobster_tail":2,"minecraft:dried_kelp":758,"minecraft:nether_bricks":19,"minecraft:bucket":1,"minecraft:stone_axe":4,"minecraft:bread":60,"minecraft:air":0,"minecraft:oak_fence_gate":1,"orcz:orcteeth_tool_hoe":3,"minecraft:oak_stairs":8,"aquaculture:stone_fillet_knife":1,"minecraft:iron_leggings":2,"minecraft:torch":56},"minecraft:mined":{"minecraft:dark_oak_planks":2,"stalwart_dungeons:spore_vaporizer":2,"orcz:orcamanita":9,"minecraft:farmland":6,"minecraft:red_nether_bricks":2,"minecraft:granite":38,"minecraft:grass_block":1328,"biomesoplenty:flowering_oak_leaves":2,"bloomingnature:chestnut_leaves":3,"minecraft:orange_candle":4,"bloomingnature:genisteae":10,"farmersdelight:budding_tomatoes":1,"minecraft:oxeye_daisy":2,"minecraft:weeping_vines_plant":1,"minecraft:tall_seagrass":34,"minecraft:iron_ore":4,"biomesoplenty:lavender":4,"minecraft:pumpkin":4,"minecraft:nether_brick_stairs":1,"minecraft:dirt_path":3,"minecraft:oak_stairs":2,"minecraft:deepslate_brick_stairs":4,"ecologics:walnut_log":4,"minecraft:player_head":1,"minecraft:waxed_cut_copper_stairs":1,"bloomingnature:chestnut_log":35,"minecraft:red_bed":1,"biomesoplenty:jacaranda_planks":5,"minecraft:kelp_plant":360,"minecraft:polished_deepslate_stairs":5,"stalwart_dungeons:transient_block_close":38,"minecraft:clay":18,"minecraft:torch":2,"minecraft:poppy":1,"farmersdelight:cabbages":117,"minecraft:cobblestone":78,"minecraft:cyan_bed":4,"minecraft:oak_planks":84,"minecraft:wall_torch":5,"minecraft:seagrass":30,"orcz:orcagaric":4,"minecraft:birch_log":51,"minecraft:wheat":375,"minecraft:pitcher_plant":1,"minecraft:grass":972,"orcz:blue_orcshroom":6,"minecraft:oak_log":67,"minecraft:oak_fence_gate":1,"minecraft:sand":4,"minecraft:dirt":370,"minecraft:netherrack":4,"minecraft:oak_leaves":12,"minecraft:deepslate":8,"alexscaves:spelunkery_table":1,"minecraft:nether_bricks":46,"minecraft:weeping_vines":1,"farmersdelight:tomatoes":5,"minecraft:mangrove_trapdoor":2,"minecraft:cartography_table":1,"minecraft:kelp":165,"minecraft:cracked_nether_bricks":7,"ecologics:walnut_door":6,"minecraft:large_fern":2,"biomesoplenty:jacaranda_log":22,"minecraft:furnace":2,"minecraft:carrots":84,"variantvanillablocks:birch_crafting_table":1,"biomesoplenty:sea_oats":1,"minecraft:polished_deepslate":34,"bloomingnature:chestnut_planks":147,"minecraft:potatoes":209,"minecraft:stripped_oak_log":1,"bloomingnature:bluebell":11,"minecraft:stone":272,"minecraft:oak_slab":2,"minecraft:glass_pane":2,"minecraft:chiseled_nether_bricks":1,"bloomingnature:swamp_oak_planks":54,"minecraft:lily_of_the_valley":7,"minecraft:stone_brick_slab":15,"minecraft:oak_fence":8,"minecraft:crafting_table":2,"minecraft:cornflower":6,"bloomingnature:foxglove_white":5,"minecraft:tall_grass":344,"minecraft:copper_ore":6,"minecraft:diorite":80,"minecraft:birch_planks":15,"travelersbackpack:pig":2,"bloomingnature:chestnut_door":2,"minecraft:birch_leaves":22,"minecraft:bee_nest":1,"minecraft:mangrove_slab":1,"minecraft:coal_ore":27,"minecraft:pitcher_crop":1,"minecraft:gravel":8,"ecologics:walnut_planks":19,"minecraft:oak_button":2},"minecraft:killed":{"minecraft:witch":2,"enemyexpansion:equestrian":5,"minecraft:spider":10,"aquaculture:smallmouth_bass":2,"aquaculture:muskellunge":1,"minecraft:skeleton":10,"bloomingnature:squirrel":1,"ecologics:coconut_crab":1,"aquaculture:perch":4,"orcz:weirdboinecro":1,"minecraft:zombie_villager":1,"orcz:goblinsavagemace":16,"stalwart_dungeons:giddy_blaze":43,"minecraft:creeper":1,"aquaculture:minnow":6,"enemyexpansion:meature":3,"minecraft:zombie":38,"enemyexpansion:botfly":20,"alexsmobs:fly":1,"orcz:snot":7,"orcz:orcsavage_2sword":2,"orcz:orcshield":9,"bloomingnature:deer":1,"aquaculture:bluegill":9,"enemyexpansion:direwolf":11,"stalwart_dungeons:nether_wart_cocoon":10,"alexsmobs:bison":1,"orcz:orcsavagemace":4,"bloomingnature:raccoon":1,"enemyexpansion:sprinter":5,"alexsmobs:catfish":3,"alexsmobs:crow":1,"orcz:goblin_2sword":2,"minecraft:player":4},"minecraft:killed_by":{"minecraft:creeper":1,"orcz:orcsavage_2sword":3,"enemyexpansion:slugger":1,"orcz:goblinsavagemace":1,"enemyexpansion:sprinter":2,"enemyexpansion:invisicreeper":1,"minecraft:husk":1,"minecraft:player":2,"minecraft:spider":1,"enemyexpansion:equestrian":5,"stalwart_dungeons:giddy_blaze":9,"enemyexpansion:botfly":2,"minecraft:skeleton":1,"orcz:orcshield":1},"minecraft:picked_up":{"minecraft:wheat":347,"minecraft:lead":6,"minecraft:oak_stairs":2,"minecraft:enchanted_book":1,"minecraft:nether_brick":69,"minecraft:polished_deepslate":33,"aquaculture:muskellunge":1,"minecraft:string":6,"minecraft:raw_copper":29,"minecraft:beetroot":1,"minecraft:cobbled_deepslate":31,"farmersdelight:cabbage":90,"bloomingnature:chestnut_planks":167,"farmersdelight:cabbage_seeds":280,"minecraft:furnace":2,"minecraft:beehive":2,"minecraft:stick":2,"orcz:orcskull":2,"ecologics:walnut_log":4,"minecraft:polished_deepslate_stairs":7,"minecraft:oak_fence":8,"minecraft:torch":83,"tombstone:grave_dust":20,"minecraft:diorite":89,"minecraft:chiseled_nether_bricks":1,"bloomingnature:chestnut_log":43,"minecraft:waxed_cut_copper_stairs":1,"minecraft:rotten_flesh":56,"orcz:orcshroom":6,"alexsdelight:raw_bison":1,"ecologics:walnut_door":7,"minecraft:blaze_rod":32,"minecraft:deepslate_brick_stairs":4,"alexsmobs:lobster_tail":2,"minecraft:cobblestone":371,"biomesoplenty:lavender":2,"minecraft:birch_log":48,"ecologics:walnut_planks":26,"orcz:orcteeth":114,"minecraft:potato":786,"alexsmobs:bison_fur":2,"minecraft:flint":3,"minecraft:tuff":1,"alexsmobs:cooked_kangaroo_meat":1,"mcdw:glaive_cackling_broom":4,"minecraft:mangrove_slab":1,"farmersdelight:tomato":17,"minecraft:dirt":1768,"minecraft:bone":7,"bloomingnature:bluebell":21,"minecraft:bow":2,"minecraft:wheat_seeds":1202,"orcz:orcteeth_tool_sword":3,"minecraft:oak_planks":147,"orcz:orcagaric":1,"minecraft:poisonous_potato":2,"minecraft:sand":4,"orcz:blue_orcshroom":9,"minecraft:nether_brick_stairs":1,"bloomingnature:goatsbeard":1,"minecraft:ink_sac":2,"minecraft:cyan_bed":4,"minecraft:lily_of_the_valley":11,"alexsmobs:animal_dictionary":1,"minecraft:bundle":1,"stalwart_dungeons:spore_vaporizer":1,"minecraft:diamond":1,"minecraft:granite":37,"minecraft:bone_meal":2,"orcz:ironscrap":3,"minecraft:oak_sapling":1,"minecraft:netherrack":40,"minecraft:crafting_table":2,"minecraft:azure_bluet":1,"minecraft:clay_ball":72,"minecraft:cornflower":18,"minecraft:oak_trapdoor":1,"minecraft:red_bed":1,"travelersbackpack:pig":3,"ecologics:walnut_sapling":1,"minecraft:cartography_table":1,"aquaculture:bluegill":9,"minecraft:player_head":1,"minecraft:poppy":1,"minecraft:birch_sapling":1,"minecraft:raw_iron":41,"ecologics:coconut_slice":4,"minecraft:bowl":1,"aquaculture:perch":1,"farmersdelight:tomato_seeds":17,"minecraft:carrot":282,"minecraft:redstone":2,"minecraft:mangrove_trapdoor":2,"minecraft:dark_oak_planks":2,"minecraft:weeping_vines":1,"minecraft:arrow":17,"bloomingnature:chestnut_door":3,"biomesoplenty:jacaranda_log":22,"minecraft:beetroot_seeds":2,"minecraft:pumpkin_pie":2,"minecraft:nether_bricks":43,"alexscaves:spelunkery_table":1,"minecraft:saddle":1,"tombstone:essence_of_undeath":1,"minecraft:oxeye_daisy":2,"minecraft:stripped_oak_log":4,"enemyexpansion:horsehead_helmet":1,"bloomingnature:swamp_oak_planks":51,"minecraft:birch_planks":243,"bloomingnature:genisteae":11,"minecraft:oak_log":65,"biomesoplenty:jacaranda_planks":4,"minecraft:gunpowder":8,"tombstone:gift":1,"bloomingnature:swamp_oak_door":2,"bloomingnature:foxglove_white":4,"minecraft:stone_bricks":5,"variantvanillablocks:birch_crafting_table":1,"minecraft:kelp":1224,"minecraft:oak_fence_gate":1,"minecraft:iron_ingot":20,"minecraft:stone_pickaxe":1,"tombstone:bag_of_seeds":4,"bloomingnature:chestnut_sapling":3,"aquaculture:minnow":6,"minecraft:glass_bottle":1,"stalwart_dungeons:transient_block_close":34,"minecraft:book":2,"minecraft:oak_slab":3,"aquaculture:smallmouth_bass":2,"minecraft:pitcher_plant":2,"minecraft:pumpkin":4,"minecraft:stone_brick_slab":15,"minecraft:quartz":2,"minecraft:cracked_nether_bricks":5,"minecraft:spyglass":2,"minecraft:gravel":3,"orcz:orcamanita":7,"minecraft:orange_candle":11,"minecraft:spider_eye":1,"alexsmobs:raw_catfish":4,"minecraft:pumpkin_seeds":8,"minecraft:iron_helmet":1,"minecraft:oak_button":2,"tombstone:magic_scroll":1,"orcz:orceye":2,"minecraft:coal":27},"minecraft:dropped":{"minecraft:baked_potato":1,"minecraft:weeping_vines":1,"orcz:blue_orcshroom":4,"minecraft:flint":3,"minecraft:cornflower":1,"mcdw:glaive_cackling_broom":3,"alexsmobs:animal_dictionary":1,"tombstone:gift":2,"minecraft:rotten_flesh":15,"minecraft:oak_planks":48,"bloomingnature:genisteae":6,"orcz:orcshroom":10,"minecraft:carrot":1,"minecraft:gunpowder":2,"minecraft:beetroot_seeds":3,"bloomingnature:bluebell":3,"bloomingnature:foxglove_white":3,"biomesoplenty:lavender":2,"minecraft:cobblestone":12,"minecraft:granite":1,"minecraft:copper_ingot":1,"minecraft:stick":2,"minecraft:torch":2,"bloomingnature:chestnut_log":11,"tombstone:grave_dust":5,"minecraft:dried_kelp":1,"minecraft:string":1,"minecraft:kelp":1,"minecraft:oak_trapdoor":1,"farmersdelight:cabbage_seeds":43,"orcz:orcamanita":1,"alexsmobs:ancient_dart":1,"minecraft:polished_deepslate_stairs":2,"alexsmobs:cooked_kangaroo_meat":2,"minecraft:potato":79,"minecraft:oak_button":1,"orcz:orcteeth":45,"bloomingnature:goatsbeard":1},"minecraft:custom":{"minecraft:animals_bred":10,"minecraft:interact_with_crafting_table":168,"minecraft:open_barrel":3,"minecraft:eat_cake_slice":12,"minecraft:leave_game":15,"minecraft:time_since_death":694,"minecraft:damage_resisted":166,"minecraft:sprint_one_cm":3167925,"minecraft:damage_blocked_by_shield":5353,"minecraft:drop":132,"minecraft:play_noteblock":28,"minecraft:talked_to_villager":1,"minecraft:play_time":649622,"minecraft:deaths":36,"minecraft:jump":9767,"minecraft:walk_on_water_one_cm":170966,"minecraft:interact_with_furnace":269,"minecraft:interact_with_loom":3,"minecraft:sleep_in_bed":13,"tombstone:sneak_grave":3,"minecraft:damage_dealt":36203,"minecraft:player_kills":4,"minecraft:crouch_one_cm":73998,"tombstone:undead_killed":62,"minecraft:interact_with_smoker":1,"minecraft:horse_one_cm":4404,"minecraft:mob_kills":239,"minecraft:damage_dealt_resisted":1058,"minecraft:walk_one_cm":2321592,"minecraft:sneak_time":21561,"minecraft:walk_under_water_one_cm":142733,"minecraft:interact_with_blast_furnace":13,"minecraft:total_world_time":649622,"spartanshields:shield_bash_hits":7,"tombstone:raider_killed":2,"minecraft:tune_noteblock":3,"minecraft:time_since_rest":505,"minecraft:damage_taken":17730,"minecraft:swim_one_cm":262565,"minecraft:fly_one_cm":2046385,"minecraft:open_chest":333,"minecraft:fall_one_cm":189715}},"DataVersion":3465}