{"stats":{"minecraft:broken":{"minecraft:stone_hoe":2,"minecraft:stone_pickaxe":1,"minecraft:stone_axe":2,"minecraft:stone_shovel":6},"minecraft:custom":{"minecraft:mob_kills":71,"minecraft:interact_with_crafting_table":78,"minecraft:open_barrel":3,"minecraft:eat_cake_slice":12,"minecraft:leave_game":8,"minecraft:time_since_death":36450,"minecraft:sprint_one_cm":1407624,"minecraft:walk_one_cm":974562,"minecraft:damage_blocked_by_shield":2313,"minecraft:drop":96,"minecraft:play_noteblock":28,"minecraft:play_time":259101,"minecraft:sneak_time":6923,"minecraft:deaths":14,"minecraft:walk_under_water_one_cm":6118,"minecraft:jump":4617,"minecraft:interact_with_blast_furnace":2,"minecraft:walk_on_water_one_cm":25345,"minecraft:total_world_time":259101,"minecraft:interact_with_furnace":48,"spartanshields:shield_bash_hits":2,"tombstone:raider_killed":2,"minecraft:tune_noteblock":3,"minecraft:interact_with_loom":2,"minecraft:sleep_in_bed":8,"minecraft:time_since_rest":15180,"minecraft:damage_taken":6988,"minecraft:damage_dealt":11398,"minecraft:player_kills":4,"minecraft:swim_one_cm":33959,"minecraft:fly_one_cm":981056,"minecraft:open_chest":82,"minecraft:crouch_one_cm":24023,"tombstone:undead_killed":30,"minecraft:fall_one_cm":117792,"minecraft:horse_one_cm":4404},"minecraft:mined":{"minecraft:dark_oak_planks":2,"minecraft:farmland":1,"minecraft:granite":3,"minecraft:grass_block":777,"bloomingnature:chestnut_leaves":1,"minecraft:orange_candle":4,"bloomingnature:genisteae":3,"minecraft:mangrove_trapdoor":2,"farmersdelight:tomatoes":1,"minecraft:oxeye_daisy":1,"minecraft:large_fern":2,"minecraft:furnace":2,"minecraft:carrots":23,"minecraft:iron_ore":4,"minecraft:pumpkin":4,"minecraft:polished_deepslate":13,"bloomingnature:chestnut_planks":17,"minecraft:potatoes":38,"minecraft:stripped_oak_log":1,"ecologics:walnut_log":4,"minecraft:stone":121,"bloomingnature:bluebell":4,"minecraft:player_head":1,"minecraft:waxed_cut_copper_stairs":1,"bloomingnature:chestnut_log":21,"minecraft:lily_of_the_valley":2,"bloomingnature:swamp_oak_planks":3,"minecraft:cornflower":1,"minecraft:crafting_table":1,"minecraft:torch":1,"minecraft:poppy":1,"bloomingnature:foxglove_white":2,"minecraft:copper_ore":6,"farmersdelight:cabbages":13,"minecraft:tall_grass":223,"minecraft:cobblestone":45,"minecraft:oak_planks":6,"minecraft:diorite":2,"minecraft:wall_torch":1,"minecraft:birch_planks":6,"orcz:orcagaric":1,"minecraft:birch_log":51,"minecraft:wheat":230,"bloomingnature:chestnut_door":2,"minecraft:birch_leaves":22,"minecraft:grass":628,"minecraft:mangrove_slab":1,"minecraft:coal_ore":27,"minecraft:oak_log":59,"minecraft:gravel":8,"minecraft:dirt":184,"ecologics:walnut_planks":10,"minecraft:oak_leaves":9,"minecraft:deepslate":8},"minecraft:picked_up":{"minecraft:crafting_table":1,"minecraft:wheat":203,"minecraft:azure_bluet":1,"minecraft:enchanted_book":1,"minecraft:polished_deepslate":12,"minecraft:cornflower":4,"minecraft:string":3,"minecraft:oak_trapdoor":1,"minecraft:raw_copper":29,"minecraft:beetroot":1,"ecologics:walnut_sapling":1,"minecraft:cobbled_deepslate":31,"farmersdelight:cabbage":11,"minecraft:player_head":1,"minecraft:poppy":1,"bloomingnature:chestnut_planks":32,"minecraft:birch_sapling":1,"farmersdelight:cabbage_seeds":34,"minecraft:furnace":2,"minecraft:beehive":2,"minecraft:stick":2,"minecraft:raw_iron":5,"ecologics:walnut_log":4,"minecraft:torch":7,"minecraft:bowl":1,"farmersdelight:tomato_seeds":1,"tombstone:grave_dust":14,"minecraft:diorite":1,"minecraft:carrot":52,"minecraft:redstone":2,"minecraft:mangrove_trapdoor":2,"minecraft:dark_oak_planks":2,"bloomingnature:chestnut_log":29,"minecraft:waxed_cut_copper_stairs":1,"minecraft:arrow":9,"bloomingnature:chestnut_door":3,"minecraft:rotten_flesh":29,"minecraft:beetroot_seeds":2,"minecraft:pumpkin_pie":2,"alexsdelight:raw_bison":1,"ecologics:walnut_door":1,"minecraft:cobblestone":164,"minecraft:oxeye_daisy":1,"minecraft:stripped_oak_log":4,"minecraft:birch_log":48,"ecologics:walnut_planks":18,"orcz:orcteeth":73,"bloomingnature:swamp_oak_planks":4,"minecraft:potato":141,"minecraft:birch_planks":8,"alexsmobs:bison_fur":2,"minecraft:flint":3,"minecraft:tuff":1,"bloomingnature:genisteae":3,"minecraft:oak_log":57,"alexsmobs:cooked_kangaroo_meat":1,"mcdw:glaive_cackling_broom":1,"minecraft:gunpowder":6,"minecraft:mangrove_slab":1,"minecraft:dirt":1001,"tombstone:gift":1,"minecraft:bone":5,"bloomingnature:bluebell":14,"bloomingnature:foxglove_white":1,"minecraft:bow":1,"minecraft:wheat_seeds":737,"orcz:orcteeth_tool_sword":3,"minecraft:iron_ingot":20,"tombstone:bag_of_seeds":1,"bloomingnature:chestnut_sapling":2,"minecraft:glass_bottle":1,"minecraft:oak_planks":33,"minecraft:book":2,"aquaculture:smallmouth_bass":1,"minecraft:pumpkin":4,"orcz:orcagaric":1,"minecraft:spyglass":2,"minecraft:gravel":3,"minecraft:orange_candle":11,"minecraft:lily_of_the_valley":5,"minecraft:spider_eye":1,"alexsmobs:animal_dictionary":1,"minecraft:pumpkin_seeds":8,"minecraft:iron_helmet":1,"minecraft:granite":3,"tombstone:magic_scroll":1,"minecraft:oak_sapling":1,"minecraft:coal":27},"minecraft:used":{"minecraft:oak_fence":8,"orcz:orcteeth_tool_shovel":118,"minecraft:flint_and_steel":1,"minecraft:polished_deepslate":6,"minecraft:stone_shovel":834,"farmersdelight:cabbage_seeds":34,"ecologics:walnut_door":2,"minecraft:chest":4,"minecraft:stone_hoe":347,"minecraft:rotten_flesh":5,"minecraft:torch":55,"minecraft:spyglass":2,"minecraft:dirt":231,"alexsmobs:cooked_kangaroo_meat":15,"minecraft:carrot":44,"mcdw:glaive_cackling_broom":61,"minecraft:granite":2,"minecraft:oak_fence_gate":1,"minecraft:orange_candle":8,"minecraft:polished_deepslate_stairs":4,"minecraft:oak_stairs":3,"bloomingnature:chestnut_sapling":2,"ecologics:walnut_planks":12,"minecraft:bow":2,"minecraft:oak_sapling":1,"minecraft:furnace":3,"tombstone:gift":1,"aquaculture:fish_fillet_cooked":2,"minecraft:potato":93,"farmersdelight:tomato_seeds":1,"another_furniture:oak_drawer":1,"bloomingnature:chestnut_door":2,"minecraft:pumpkin":2,"alexsdelight:cooked_bison":1,"minecraft:wheat_seeds":345,"minecraft:water_bucket":4,"minecraft:baked_potato":4,"minecraft:birch_planks":192,"minecraft:stone_pickaxe":235,"minecraft:oak_planks":97,"minecraft:copper_block":1,"minecraft:wooden_pickaxe":3,"another_furniture:oak_chair":2,"another_furniture:oak_table":2,"minecraft:crafting_table":3,"minecraft:shears":1,"minecraft:lightning_rod":1,"tombstone:bag_of_seeds":2,"orcz:orcteeth_tool_hoe":93,"orcz:orcteeth_tool_axe":110,"minecraft:bread":49,"spartanshields:copper_tower_shield":42,"bloomingnature:chestnut_planks":68,"minecraft:stone_axe":307,"minecraft:cobblestone":175,"minecraft:bucket":4,"minecraft:pumpkin_pie":2,"minecraft:bone_meal":6},"minecraft:killed":{"bloomingnature:deer":1,"minecraft:witch":2,"enemyexpansion:equestrian":4,"minecraft:spider":6,"aquaculture:smallmouth_bass":1,"enemyexpansion:direwolf":4,"minecraft:skeleton":5,"bloomingnature:squirrel":1,"alexsmobs:bison":1,"orcz:orcsavagemace":1,"orcz:goblinsavagemace":1,"bloomingnature:raccoon":1,"enemyexpansion:sprinter":4,"enemyexpansion:meature":2,"minecraft:zombie":15,"enemyexpansion:botfly":13,"alexsmobs:fly":1,"alexsmobs:crow":1,"orcz:orcsavage_2sword":1,"minecraft:player":4,"orcz:orcshield":1},"minecraft:killed_by":{"minecraft:husk":1,"minecraft:player":2,"minecraft:creeper":1,"enemyexpansion:equestrian":2,"enemyexpansion:sprinter":2,"enemyexpansion:botfly":2,"minecraft:skeleton":1,"enemyexpansion:invisicreeper":1},"minecraft:dropped":{"bloomingnature:foxglove_white":1,"minecraft:baked_potato":1,"minecraft:cobblestone":12,"minecraft:granite":1,"minecraft:copper_ingot":1,"minecraft:flint":3,"bloomingnature:chestnut_log":11,"tombstone:grave_dust":4,"minecraft:dried_kelp":1,"alexsmobs:animal_dictionary":1,"tombstone:gift":2,"minecraft:rotten_flesh":12,"minecraft:oak_planks":48,"alexsmobs:ancient_dart":1,"bloomingnature:genisteae":2,"alexsmobs:cooked_kangaroo_meat":2,"minecraft:potato":15,"minecraft:gunpowder":2,"orcz:orcteeth":45,"minecraft:beetroot_seeds":3,"bloomingnature:bluebell":3},"minecraft:crafted":{"bloomingnature:chestnut_planks":56,"minecraft:oak_planks":240,"minecraft:stone_shovel":6,"minecraft:polished_deepslate_stairs":4,"ecologics:walnut_planks":16,"spartanshields:wooden_tower_shield":1,"another_furniture:oak_table":3,"another_furniture:oak_chair":3,"minecraft:lightning_rod":1,"minecraft:furnace":1,"minecraft:bone_meal":6,"orcz:orcteeth_tool_shovel":1,"minecraft:flint_and_steel":1,"aquaculture:fish_fillet_raw":2,"alexsdelight:cooked_bison":1,"minecraft:iron_boots":1,"spartanshields:copper_tower_shield":1,"minecraft:stone_pickaxe":3,"minecraft:chest":4,"aquaculture:fish_fillet_cooked":2,"minecraft:copper_block":1,"minecraft:stone_hoe":2,"aquaculture:wooden_fillet_knife":1,"minecraft:oak_fence":9,"minecraft:oak_slab":6,"minecraft:crafting_table":2,"minecraft:baked_potato":5,"minecraft:dried_kelp":1,"minecraft:wooden_pickaxe":1,"minecraft:copper_ingot":22,"minecraft:bucket":1,"minecraft:birch_planks":192,"minecraft:stone_axe":4,"minecraft:bread":58,"minecraft:air":0,"minecraft:oak_fence_gate":1,"minecraft:iron_chestplate":1,"orcz:orcteeth_tool_axe":2,"minecraft:charcoal":2,"orcz:orcteeth_tool_hoe":1,"minecraft:stick":76,"ecologics:walnut_door":3,"minecraft:iron_ingot":6,"minecraft:oak_stairs":4,"minecraft:iron_leggings":1,"another_furniture:oak_drawer":1,"minecraft:torch":48,"minecraft:shears":1}},"DataVersion":3465}