{"stats":{"minecraft:dropped":{"minecraft:baked_potato":1,"minecraft:weeping_vines":1,"orcz:blue_orcshroom":10,"biomesoplenty:fir_sapling":1,"minecraft:flint":5,"minecraft:cornflower":2,"minecraft:gravel":9,"biomesoplenty:toadstool":1,"mcdw:glaive_cackling_broom":3,"alexsmobs:animal_dictionary":1,"minecraft:wheat":3,"tombstone:gift":2,"minecraft:rotten_flesh":67,"minecraft:oak_planks":48,"bloomingnature:genisteae":6,"orcz:orcshroom":26,"minecraft:salmon":1,"minecraft:carrot":129,"minecraft:poppy":2,"minecraft:gunpowder":2,"minecraft:beetroot_seeds":3,"bloomingnature:bluebell":7,"biomesoplenty:tall_lavender":1,"farmersdelight:tomato_seeds":7,"bloomingnature:foxglove_white":3,"minecraft:wheat_seeds":269,"minecraft:poisonous_potato":5,"biomesoplenty:lavender":4,"minecraft:oak_fence":1,"minecraft:cobblestone":12,"orcz:orcagaric":1,"minecraft:granite":6,"minecraft:copper_ingot":1,"minecraft:stick":2,"minecraft:oxeye_daisy":1,"farmersdelight:cabbage_rolls":5,"minecraft:torch":2,"tombstone:white_marble":2,"biomesoplenty:brimstone":1,"bloomingnature:chestnut_log":12,"tombstone:grave_dust":5,"minecraft:dried_kelp":1,"minecraft:string":1,"minecraft:kelp":1,"minecraft:oak_trapdoor":1,"minecraft:blaze_rod":32,"farmersdelight:cabbage_seeds":162,"alexsmobs:ancient_dart":1,"orcz:orcteeth_tool_sword":1,"orcz:orcamanita":9,"minecraft:polished_deepslate_stairs":2,"alexsmobs:cooked_kangaroo_meat":2,"minecraft:potato":80,"minecraft:oak_button":1,"orcz:orcteeth":45,"bloomingnature:goatsbeard":1},"minecraft:picked_up":{"minecraft:wheat":582,"farmersdelight:cabbage_rolls":1,"aquaculture:catfish":1,"minecraft:lead":9,"minecraft:oak_stairs":2,"enemyexpansion:wasp_thorax":2,"minecraft:enchanted_book":1,"minecraft:nether_brick":266,"minecraft:polished_deepslate":33,"minecraft:string":28,"aquaculture:muskellunge":1,"minecraft:raw_copper":32,"biomesoplenty:tall_lavender":1,"minecraft:pufferfish":2,"minecraft:beetroot":1,"biomesoplenty:brimstone":101,"minecraft:gold_nugget":12,"minecraft:cobbled_deepslate":31,"farmersdelight:cabbage":301,"minecraft:cobblestone_slab":2,"bloomingnature:chestnut_planks":167,"farmersdelight:cabbage_seeds":670,"minecraft:furnace":2,"minecraft:beehive":2,"minecraft:stick":6,"orcz:orcskull":3,"ecologics:walnut_log":4,"farmersdelight:rotten_tomato":6,"minecraft:oak_fence":9,"minecraft:polished_deepslate_stairs":7,"minecraft:torch":105,"orcz:squigs_claws":4,"tombstone:grave_dust":28,"minecraft:diorite":111,"minecraft:chiseled_nether_bricks":1,"minecraft:waxed_cut_copper_stairs":1,"bloomingnature:chestnut_log":44,"minecraft:rotten_flesh":147,"minecraft:tropical_fish":1,"orcz:orcshroom":25,"alexsdelight:raw_bison":1,"ecologics:walnut_door":7,"biomesoplenty:fir_slab":9,"minecraft:blaze_rod":139,"minecraft:deepslate_brick_stairs":4,"aquaculture:tin_can":1,"minecraft:cod":10,"alexsmobs:lobster_tail":2,"minecraft:cobblestone":1080,"minecraft:nautilus_shell":1,"biomesoplenty:lavender":4,"minecraft:birch_log":71,"minecraft:enchanting_table":1,"ecologics:walnut_planks":26,"minecraft:magma_block":4,"minecraft:leather_chestplate":1,"orcz:orcteeth":210,"minecraft:magma_cream":2,"minecraft:andesite":98,"minecraft:potato":1096,"alexsmobs:bison_fur":2,"minecraft:flint":5,"minecraft:tuff":1,"alexsmobs:cooked_kangaroo_meat":1,"mcdw:glaive_cackling_broom":4,"farmersdelight:tomato":203,"minecraft:mangrove_slab":1,"minecraft:dirt":1966,"minecraft:bone":43,"minecraft:chipped_anvil":1,"bloomingnature:bluebell":29,"minecraft:bow":4,"minecraft:wheat_seeds":1905,"orcz:orcteeth_tool_sword":4,"minecraft:diamond_helmet":1,"minecraft:oak_planks":147,"biomesoplenty:toadstool":1,"mcda:phantom_skin":4,"aquaculture:gar":1,"orcz:skullwandorc":1,"orcz:orcagaric":19,"minecraft:poisonous_potato":9,"orcz:skullwand":1,"orcz:blue_orcshroom":29,"minecraft:sand":33,"minecraft:nether_brick_stairs":1,"minecraft:ink_sac":3,"bloomingnature:goatsbeard":1,"minecraft:lily_of_the_valley":13,"minecraft:cyan_bed":4,"minecraft:dark_oak_log":15,"alexsmobs:animal_dictionary":1,"minecraft:mossy_cobblestone":5,"minecraft:bundle":1,"stalwart_dungeons:spore_vaporizer":1,"minecraft:diamond":1,"waystones:waystone":4,"minecraft:granite":152,"minecraft:grass":3,"minecraft:bone_meal":2,"alexsmobs:maggot":2,"orcz:ironscrap":9,"minecraft:jack_o_lantern":5,"minecraft:oak_sapling":1,"minecraft:netherrack":333,"minecraft:crafting_table":2,"minecraft:azure_bluet":2,"minecraft:clay_ball":72,"minecraft:brown_mushroom":2,"friendsandfoes:totem_of_illusion":1,"minecraft:cornflower":26,"minecraft:red_bed":1,"minecraft:oak_trapdoor":1,"biomesoplenty:jacaranda_fence":10,"bloomingnature:beach_bush":2,"tombstone:white_marble":2,"minecraft:blackstone":19,"travelersbackpack:pig":3,"ecologics:walnut_sapling":1,"minecraft:cartography_table":1,"aquaculture:bluegill":15,"minecraft:beef":56,"minecraft:player_head":1,"minecraft:poppy":3,"minecraft:chest":4,"minecraft:birch_sapling":1,"minecraft:phantom_membrane":12,"minecraft:raw_iron":46,"ecologics:coconut_slice":4,"minecraft:copper_ingot":1,"minecraft:bowl":1,"aquaculture:perch":10,"farmersdelight:tomato_seeds":17,"minecraft:carrot":480,"minecraft:redstone":2,"minecraft:mangrove_trapdoor":2,"minecraft:dark_oak_planks":2,"minecraft:weeping_vines":1,"minecraft:arrow":50,"bloomingnature:chestnut_door":3,"biomesoplenty:jacaranda_log":22,"minecraft:beetroot_seeds":2,"minecraft:pumpkin_pie":2,"minecraft:nether_bricks":60,"mcda:phantom_bones":15,"aquaculture:brown_trout":2,"alexscaves:spelunkery_table":1,"aquaculture:carp":1,"minecraft:saddle":1,"tombstone:essence_of_undeath":2,"minecraft:skeleton_skull":7,"minecraft:white_wool":56,"minecraft:oxeye_daisy":3,"minecraft:stripped_oak_log":4,"enemyexpansion:horsehead_helmet":1,"minecraft:salmon":7,"minecraft:leather":47,"bloomingnature:swamp_oak_planks":63,"minecraft:birch_planks":243,"bloomingnature:genisteae":13,"aquaculture:neptunes_bounty":1,"minecraft:oak_log":156,"biomesoplenty:jacaranda_planks":44,"minecraft:gunpowder":13,"aquaculture:rainbow_trout":2,"tombstone:gift":1,"bloomingnature:swamp_oak_door":2,"bloomingnature:foxglove_white":4,"minecraft:kelp":2691,"minecraft:stone_bricks":5,"farmersdelight:cooking_pot":1,"variantvanillablocks:birch_crafting_table":1,"minecraft:iron_ingot":81,"minecraft:oak_fence_gate":1,"minecraft:stone_pickaxe":1,"bloomingnature:chestnut_sapling":3,"tombstone:bag_of_seeds":4,"aquaculture:minnow":16,"minecraft:glass_bottle":1,"minecraft:iron_sword":1,"stalwart_dungeons:transient_block_close":42,"minecraft:book":2,"minecraft:oak_slab":3,"aquaculture:smallmouth_bass":10,"enemyexpansion:phantom_eye":3,"minecraft:pitcher_plant":2,"minecraft:pumpkin":19,"minecraft:stone_brick_slab":15,"minecraft:quartz":5,"minecraft:cracked_nether_bricks":5,"minecraft:spyglass":2,"minecraft:gravel":12,"minecraft:amethyst_shard":11,"orcz:orcamanita":31,"minecraft:orange_candle":11,"minecraft:crying_obsidian":4,"minecraft:spider_eye":23,"aquaculture:message_in_a_bottle":1,"alexsmobs:raw_catfish":4,"minecraft:pumpkin_seeds":8,"minecraft:iron_helmet":1,"minecraft:oak_button":2,"tombstone:magic_scroll":1,"orcz:orceye":5,"minecraft:coal":51},"minecraft:mined":{"minecraft:dark_oak_planks":2,"stalwart_dungeons:transient_block_open":2,"stalwart_dungeons:spore_vaporizer":2,"orcz:orcamanita":33,"minecraft:farmland":6,"minecraft:red_nether_bricks":2,"biomesoplenty:brimstone":101,"minecraft:granite":122,"minecraft:grass_block":1389,"biomesoplenty:fir_slab":9,"bloomingnature:chestnut_leaves":3,"biomesoplenty:flowering_oak_leaves":2,"minecraft:orange_candle":4,"bloomingnature:genisteae":10,"farmersdelight:budding_tomatoes":1,"minecraft:oxeye_daisy":2,"minecraft:weeping_vines_plant":1,"minecraft:tall_seagrass":34,"minecraft:magma_block":5,"biomesoplenty:tall_lavender":1,"minecraft:iron_ore":9,"minecraft:fire":3,"biomesoplenty:lavender":4,"minecraft:pumpkin":18,"minecraft:nether_brick_stairs":1,"minecraft:enchanting_table":1,"minecraft:dirt_path":3,"minecraft:oak_stairs":2,"minecraft:deepslate_brick_stairs":4,"ecologics:walnut_log":4,"minecraft:player_head":1,"minecraft:waxed_cut_copper_stairs":1,"bloomingnature:chestnut_log":36,"biomesoplenty:jacaranda_planks":45,"minecraft:red_bed":1,"minecraft:blackstone":20,"minecraft:polished_deepslate_stairs":5,"minecraft:kelp_plant":663,"stalwart_dungeons:transient_block_close":48,"biomesoplenty:brimstone_fumarole":1,"minecraft:clay":18,"minecraft:torch":5,"minecraft:poppy":1,"minecraft:chest":4,"farmersdelight:cabbages":269,"minecraft:nether_quartz_ore":3,"minecraft:cobblestone":88,"minecraft:cyan_bed":4,"minecraft:oak_planks":84,"minecraft:wall_torch":7,"minecraft:seagrass":30,"minecraft:birch_log":74,"orcz:orcagaric":17,"minecraft:wheat":605,"biomesoplenty:maple_leaves":4,"minecraft:pitcher_plant":1,"minecraft:grass":1033,"orcz:blue_orcshroom":20,"minecraft:oak_log":158,"minecraft:oak_fence_gate":1,"minecraft:sand":35,"minecraft:dirt":441,"minecraft:netherrack":319,"minecraft:oak_leaves":13,"minecraft:deepslate":8,"minecraft:nether_gold_ore":2,"biomesoplenty:orange_autumn_leaves":4,"alexscaves:spelunkery_table":1,"minecraft:mossy_cobblestone":5,"minecraft:dark_oak_log":15,"minecraft:jack_o_lantern":5,"biomesoplenty:jacaranda_fence":10,"minecraft:nether_bricks":63,"minecraft:weeping_vines":1,"minecraft:mangrove_trapdoor":2,"farmersdelight:tomatoes":5,"minecraft:kelp":179,"minecraft:cartography_table":1,"minecraft:cracked_nether_bricks":7,"ecologics:walnut_door":6,"minecraft:large_fern":21,"biomesoplenty:jacaranda_log":22,"minecraft:furnace":2,"minecraft:carrots":84,"minecraft:andesite":122,"variantvanillablocks:birch_crafting_table":1,"biomesoplenty:sea_oats":1,"minecraft:polished_deepslate":34,"orcz:orcshroom":9,"bloomingnature:chestnut_planks":147,"minecraft:cobblestone_slab":2,"minecraft:potatoes":290,"biomesoplenty:brimstone_bud":9,"minecraft:stripped_oak_log":1,"minecraft:stone":998,"bloomingnature:bluebell":11,"biomesoplenty:brimstone_cluster":5,"farmersdelight:cooking_pot":1,"minecraft:oak_slab":2,"minecraft:glass_pane":2,"minecraft:chiseled_nether_bricks":1,"minecraft:lily_of_the_valley":8,"bloomingnature:swamp_oak_planks":67,"minecraft:stone_brick_slab":15,"minecraft:oak_fence":8,"minecraft:crafting_table":2,"minecraft:cornflower":6,"bloomingnature:foxglove_white":5,"minecraft:copper_ore":7,"minecraft:tall_grass":378,"biomesoplenty:sprout":1,"biomesoplenty:huge_clover_petal":4,"minecraft:diorite":102,"minecraft:birch_planks":15,"travelersbackpack:pig":2,"bloomingnature:chestnut_door":2,"minecraft:birch_leaves":28,"minecraft:bee_nest":1,"minecraft:mangrove_slab":1,"minecraft:coal_ore":48,"minecraft:pitcher_crop":1,"bloomingnature:beach_grass":1,"minecraft:gravel":19,"ecologics:walnut_planks":19,"minecraft:oak_button":2,"minecraft:fern":5},"minecraft:used":{"minecraft:jack_o_lantern":2,"orcz:orcteeth_tool_shovel":1507,"minecraft:polished_deepslate":6,"bloomingnature:swamp_oak_door":4,"farmersdelight:cabbage_rolls":18,"farmersdelight:cabbage_seeds":369,"minecraft:chest":18,"minecraft:stone":31,"minecraft:grass":1,"minecraft:rotten_flesh":5,"travelersbackpack:pig":19,"orcz:orcshroom":1,"minecraft:nether_bricks":55,"minecraft:carrot":264,"mcdw:glaive_cackling_broom":207,"minecraft:polished_deepslate_stairs":8,"tombstone:decorative_grave_simple":1,"minecraft:grass_block":72,"biomesoplenty:fir_sapling":26,"farmersdelight:rotten_tomato":5,"aquaculture:diamond_fishing_rod":42,"orcz:orcagaric":1,"minecraft:stone_bricks":30,"ecologics:walnut_planks":12,"minecraft:magma_block":1,"minecraft:bow":2,"minecraft:oak_sapling":1,"minecraft:furnace":3,"minecraft:potato":454,"aquaculture:fish_fillet_cooked":15,"bloomingnature:swamp_oak_planks":136,"biomesoplenty:jacaranda_fence":153,"minecraft:oak_planks":153,"minecraft:diorite":37,"minecraft:stone_pickaxe":608,"minecraft:cow_spawn_egg":6,"minecraft:mangrove_planks":74,"minecraft:blackstone":17,"minecraft:wooden_pickaxe":3,"biomesoplenty:fir_planks":150,"stalwart_dungeons:transient_block_close":4,"variantvanillablocks:birch_chest":6,"another_furniture:oak_chair":2,"minecraft:sand":4,"minecraft:pitcher_pod":1,"minecraft:sponge":4,"minecraft:shears":2,"biomesoplenty:jacaranda_planks":60,"minecraft:deepslate_brick_stairs":25,"minecraft:lightning_rod":1,"orcz:orcteeth_tool_hoe":304,"waystones:waystone":3,"orcz:orcteeth_tool_sword":1242,"minecraft:bread":60,"minecraft:cyan_bed":4,"alexsmobs:spawn_egg_bison":6,"minecraft:smithing_table":1,"minecraft:andesite":49,"minecraft:bone_meal":113,"minecraft:oak_fence":26,"biomesoplenty:brimstone":27,"biomesoplenty:jacaranda_fence_gate":9,"minecraft:flint_and_steel":1,"minecraft:stone_shovel":834,"ecologics:walnut_door":6,"minecraft:stone_hoe":347,"minecraft:netherrack":339,"minecraft:torch":271,"minecraft:spyglass":2,"minecraft:dirt":796,"minecraft:anvil":1,"alexsmobs:cooked_kangaroo_meat":15,"minecraft:granite":3,"minecraft:orange_candle":8,"minecraft:oak_fence_gate":6,"minecraft:stone_brick_slab":40,"minecraft:dark_oak_planks":23,"tombstone:ankh_of_pray":29,"minecraft:chipped_anvil":1,"minecraft:oak_stairs":6,"bloomingnature:chestnut_sapling":2,"minecraft:pitcher_plant":1,"minecraft:crimson_planks":77,"alexscaves:spelunkery_table":1,"spartanshields:copper_basic_shield":62,"farmersdelight:cooking_pot":2,"tombstone:gift":10,"minecraft:cooked_beef":1,"farmersdelight:tomato_seeds":96,"minecraft:cherry_fence":2,"another_furniture:oak_drawer":1,"minecraft:pumpkin":2,"bloomingnature:chestnut_door":2,"alexsdelight:cooked_bison":1,"minecraft:wheat_seeds":735,"alexsmobs:cooked_catfish":4,"minecraft:water_bucket":29,"minecraft:dirt_path":66,"minecraft:birch_planks":325,"minecraft:copper_block":1,"minecraft:baked_potato":220,"minecraft:cartography_table":1,"orcz:orcteeth_tool_pickaxe":1060,"minecraft:cobblestone_slab":4,"minecraft:deepslate_bricks":72,"minecraft:mossy_cobblestone":5,"biomesoplenty:fir_slab":9,"another_furniture:oak_table":2,"minecraft:crafting_table":5,"minecraft:red_bed":1,"variantvanillablocks:birch_crafting_table":1,"minecraft:campfire":1,"orcz:orcamanita":1,"tombstone:bag_of_seeds":6,"minecraft:diamond_pickaxe":8,"orcz:orcteeth_tool_axe":807,"minecraft:oak_button":2,"minecraft:iron_pickaxe":501,"spartanshields:copper_tower_shield":77,"bloomingnature:chestnut_planks":258,"minecraft:stone_axe":307,"enchantinginfuser:enchanting_infuser":1,"minecraft:cobblestone":527,"aquaculture:stone_fillet_knife":9,"minecraft:bucket":33,"minecraft:pumpkin_pie":2,"minecraft:kelp":340},"minecraft:killed":{"minecraft:witch":2,"minecraft:zombified_piglin":5,"minecraft:spider":18,"enemyexpansion:equestrian":8,"aquaculture:gar":1,"aquaculture:smallmouth_bass":6,"aquaculture:muskellunge":1,"minecraft:skeleton":24,"bloomingnature:squirrel":1,"ecologics:coconut_crab":1,"aquaculture:perch":9,"orcz:squig":4,"aquaculture:carp":1,"minecraft:magma_cube":3,"minecraft:piglin":2,"orcz:weirdboinecro":3,"minecraft:pig":1,"enemyexpansion:ladybug":1,"minecraft:zombie_villager":1,"orcz:goblinsavagemace":39,"stalwart_dungeons:giddy_blaze":170,"orcz:goblinwerid":1,"minecraft:creeper":3,"aquaculture:minnow":7,"enemyexpansion:meature":4,"minecraft:zombie":59,"enemyexpansion:botfly":22,"alexsmobs:fly":2,"orcz:orcsavage_2sword":7,"orcz:snot":23,"orcz:orcshield":18,"enemyexpansion:wasp":8,"minecraft:cow":16,"bloomingnature:deer":1,"aquaculture:bluegill":12,"enemyexpansion:direwolf":19,"minecraft:phantom":7,"stalwart_dungeons:nether_wart_cocoon":13,"aquaculture:brown_trout":1,"alexsmobs:bison":1,"minecraft:drowned":2,"orcz:orcsavagemace":8,"orcz:orcsavageweird":3,"aquaculture:rainbow_trout":1,"bloomingnature:raccoon":2,"enemyexpansion:sprinter":7,"alexsmobs:catfish":3,"enemyexpansion:huntsman":3,"alexsmobs:crow":2,"orcz:goblin_2sword":9,"minecraft:player":4},"minecraft:killed_by":{"minecraft:zombified_piglin":2,"minecraft:creeper":1,"orcz:orcsavage_2sword":3,"enemyexpansion:slugger":1,"orcz:goblinsavagemace":4,"enemyexpansion:sprinter":2,"enemyexpansion:invisicreeper":1,"minecraft:husk":1,"minecraft:player":2,"orcz:weirdboinecro":3,"minecraft:spider":1,"enemyexpansion:equestrian":5,"stalwart_dungeons:giddy_blaze":12,"minecraft:skeleton":1,"enemyexpansion:botfly":2,"orcz:orcshield":1},"minecraft:broken":{"orcz:orcteeth_tool_pickaxe":4,"spartanshields:copper_tower_shield":1,"minecraft:iron_boots":1,"minecraft:iron_chestplate":2,"minecraft:iron_leggings":3,"spartanshields:copper_basic_shield":1,"minecraft:stone_pickaxe":4,"minecraft:stone_axe":2,"orcz:orcteeth_tool_shovel":10,"orcz:orcteeth_armor_armor_boots":3,"minecraft:stone_shovel":6,"orcz:orcteeth_tool_axe":6,"orcz:orcteeth_tool_hoe":2,"minecraft:stone_hoe":2,"orcz:orcteeth_tool_sword":3,"minecraft:iron_pickaxe":2,"minecraft:iron_helmet":1},"minecraft:crafted":{"minecraft:brick":10,"minecraft:oak_planks":616,"minecraft:cobblestone_slab":6,"travelersbackpack:crafting_upgrade":1,"orcz:orcteeth_armor_armor_boots":3,"spartanshields:wooden_tower_shield":1,"ecologics:walnut_planks":16,"bloomingnature:swamp_oak_door":3,"another_furniture:oak_chair":3,"minecraft:lightning_rod":1,"minecraft:stone":136,"orcz:orcteeth_tool_shovel":15,"minecraft:glass":29,"aquaculture:fish_fillet_raw":19,"minecraft:deepslate_brick_stairs":28,"minecraft:bow":1,"minecraft:iron_boots":1,"minecraft:chest":11,"minecraft:oak_button":1,"minecraft:copper_block":1,"alexsmobs:cooked_catfish":4,"minecraft:dried_kelp_block":234,"minecraft:stone_hoe":2,"minecraft:stone_bricks":40,"minecraft:oak_fence":9,"travelersbackpack:iron_tier_upgrade":1,"farmersdelight:tomato_seeds":86,"minecraft:oak_slab":6,"minecraft:wooden_shovel":1,"biomesoplenty:jacaranda_planks":88,"enchantinginfuser:enchanting_infuser":1,"minecraft:crafting_table":4,"minecraft:wooden_pickaxe":1,"minecraft:baked_potato":294,"tombstone:decorative_grave_simple":1,"minecraft:smithing_table":1,"minecraft:copper_ingot":25,"minecraft:birch_planks":284,"minecraft:campfire":1,"biomesoplenty:jacaranda_fence":36,"minecraft:iron_chestplate":3,"orcz:orcteeth_tool_axe":7,"minecraft:diamond_pickaxe":1,"minecraft:charcoal":2,"minecraft:stick":248,"minecraft:iron_ingot":28,"ecologics:walnut_door":3,"minecraft:iron_pickaxe":2,"minecraft:gold_ingot":5,"orcz:bone_1":1,"spartanshields:wooden_basic_shield":2,"another_furniture:oak_drawer":1,"minecraft:deepslate_bricks":112,"mcda:phantom_armor_chestplate":1,"minecraft:shears":2,"bloomingnature:chestnut_planks":112,"minecraft:stone_shovel":6,"orcz:orcteeth_tool_sword":7,"minecraft:polished_deepslate_stairs":4,"another_furniture:oak_table":3,"travelersbackpack:pig":3,"minecraft:furnace":1,"minecraft:bone_meal":6,"spartanshields:copper_basic_shield":2,"travelersbackpack:gold_tier_upgrade":1,"travelersbackpack:blank_upgrade":4,"minecraft:flint_and_steel":1,"alexsdelight:cooked_bison":1,"minecraft:polished_deepslate":112,"spartanshields:copper_tower_shield":1,"minecraft:stone_pickaxe":5,"orcz:orcteeth_tool_pickaxe":5,"aquaculture:fish_fillet_cooked":15,"variantvanillablocks:birch_crafting_table":1,"minecraft:dark_oak_planks":20,"aquaculture:wooden_fillet_knife":1,"minecraft:cooked_beef":56,"paraglider:paraglider":1,"orcz:orcteeth_armor_armor_leggings":1,"alexsmobs:cooked_lobster_tail":2,"travelersbackpack:backpack_tank":2,"minecraft:dried_kelp":2226,"aquaculture:diamond_fishing_rod":1,"minecraft:nether_bricks":19,"tombstone:ankh_of_pray":1,"farmersdelight:cooking_pot":1,"minecraft:bucket":1,"minecraft:stone_axe":4,"minecraft:bread":60,"minecraft:air":0,"variantvanillablocks:birch_chest":6,"minecraft:oak_fence_gate":1,"orcz:orcteeth_tool_hoe":3,"tombstone:grave_plate":1,"minecraft:oak_stairs":8,"tombstone:dark_marble":3,"aquaculture:stone_fillet_knife":1,"minecraft:iron_leggings":3,"minecraft:torch":144},"minecraft:custom":{"minecraft:animals_bred":133,"minecraft:interact_with_crafting_table":243,"minecraft:open_barrel":3,"minecraft:eat_cake_slice":12,"minecraft:leave_game":18,"minecraft:time_since_death":254534,"minecraft:damage_resisted":170,"minecraft:sprint_one_cm":5575387,"minecraft:damage_blocked_by_shield":7121,"minecraft:drop":207,"minecraft:play_noteblock":28,"minecraft:talked_to_villager":1,"minecraft:play_time":1183474,"minecraft:deaths":48,"minecraft:jump":17044,"minecraft:interact_with_brewingstand":1,"minecraft:walk_on_water_one_cm":245071,"minecraft:enchant_item":5,"minecraft:interact_with_furnace":437,"minecraft:interact_with_loom":3,"minecraft:sleep_in_bed":14,"minecraft:waystone_activated":3,"tombstone:sneak_grave":6,"minecraft:damage_dealt":86709,"minecraft:player_kills":4,"minecraft:crouch_one_cm":128951,"tombstone:undead_killed":120,"minecraft:interact_with_smoker":5,"minecraft:horse_one_cm":4404,"minecraft:interact_with_smithing_table":7,"minecraft:interact_with_anvil":15,"minecraft:mob_kills":578,"minecraft:damage_dealt_resisted":2644,"minecraft:walk_one_cm":4163439,"tombstone:consume_soul":1,"minecraft:sneak_time":36852,"minecraft:walk_under_water_one_cm":169410,"minecraft:boat_one_cm":118686,"minecraft:interact_with_blast_furnace":19,"minecraft:total_world_time":1183474,"spartanshields:shield_bash_hits":9,"tombstone:raider_killed":9,"minecraft:tune_noteblock":11,"tombstone:pray_on_grave":1,"minecraft:time_since_rest":173086,"minecraft:damage_taken":27546,"minecraft:swim_one_cm":401981,"minecraft:fly_one_cm":3847028,"minecraft:open_chest":769,"minecraft:fish_caught":35,"minecraft:fall_one_cm":313178}},"DataVersion":3465}