{"stats":{"minecraft:dropped":{"farmersdelight:iron_knife":1,"orcz:orcskull":1,"minecraft:weeping_vines":1,"minecraft:dirt":27,"minecraft:gold_nugget":3,"biomesoplenty:toadstool":1,"alexsmobs:animal_dictionary":1,"minecraft:nether_brick":224,"minecraft:wheat":3,"tombstone:gift":2,"minecraft:rotten_flesh":75,"minecraft:oak_planks":48,"bloomingnature:genisteae":6,"minecraft:salmon":3,"minecraft:chiseled_deepslate":3,"minecraft:ladder":2,"biomesoplenty:tall_lavender":1,"farmersdelight:tomato_seeds":7,"minecraft:enchanted_book":1,"minecraft:golden_boots":1,"minecraft:wheat_seeds":395,"biomesoplenty:lavender":4,"minecraft:oak_fence":1,"minecraft:cobblestone":13,"orcz:orcagaric":8,"minecraft:granite":26,"minecraft:pufferfish":1,"minecraft:oxeye_daisy":1,"minecraft:gray_wool":1,"biomesoplenty:brimstone":3,"bloomingnature:chestnut_log":12,"minecraft:potion":15,"minecraft:dried_kelp":1,"minecraft:string":1,"orcz:orcamanita":20,"minecraft:nether_bricks":1,"minecraft:polished_deepslate_stairs":2,"alexsmobs:cooked_kangaroo_meat":2,"mcdw:item_bee_stinger":1,"minecraft:potato":80,"mcda:emerald_gear_helmet":1,"bloomingnature:goatsbeard":1,"orcz:orcteeth_tool_pickaxe":1,"minecraft:baked_potato":1,"orcz:blue_orcshroom":10,"minecraft:leather":32,"biomesoplenty:fir_sapling":1,"minecraft:cod":3,"minecraft:flint":5,"minecraft:cornflower":2,"minecraft:gravel":9,"enemyexpansion:horsehead_helmet":1,"mcdw:glaive_cackling_broom":3,"orcz:orcshroom":30,"minecraft:carrot":129,"minecraft:poppy":2,"minecraft:gunpowder":2,"minecraft:beetroot_seeds":3,"minecraft:netherrack":2,"bloomingnature:bluebell":7,"bloomingnature:foxglove_white":3,"minecraft:diamond_leggings":1,"minecraft:poisonous_potato":5,"mcda:evocation_robe_helmet":1,"minecraft:copper_ingot":1,"minecraft:stick":2,"farmersdelight:cabbage_rolls":5,"minecraft:deepslate_brick_stairs":1,"minecraft:torch":2,"tombstone:white_marble":2,"bloomingnature:swamp_oak_sapling":1,"tombstone:grave_dust":5,"minecraft:kelp":1,"minecraft:oak_trapdoor":1,"minecraft:blaze_rod":32,"farmersdelight:cabbage_seeds":165,"orcz:orcteeth_tool_sword":2,"alexsmobs:ancient_dart":1,"minecraft:deepslate_bricks":4,"minecraft:oak_button":1,"orcz:orcteeth":45,"orcz:squigs_claws":1,"minecraft:oak_sapling":1,"minecraft:cracked_deepslate_bricks":1},"minecraft:picked_up":{"farmersdelight:cabbage_rolls":1,"aquaculture:catfish":1,"minecraft:lead":10,"minecraft:oak_stairs":2,"minecraft:enchanted_book":1,"minecraft:polished_deepslate":33,"minecraft:string":28,"biomesoplenty:tall_lavender":1,"minecraft:pufferfish":4,"minecraft:beetroot":1,"minecraft:diamond_leggings":1,"minecraft:gold_nugget":15,"minecraft:cobbled_deepslate":54,"minecraft:beehive":2,"orcz:orcskull":4,"minecraft:deepslate_tile_stairs":8,"minecraft:chiseled_nether_bricks":1,"bloomingnature:chestnut_log":44,"minecraft:waxed_cut_copper_stairs":1,"minecraft:tropical_fish":1,"biomesoplenty:fir_slab":9,"minecraft:blaze_rod":484,"aquaculture:tin_can":1,"alexsmobs:lobster_tail":2,"biomesoplenty:lavender":4,"minecraft:birch_log":71,"minecraft:magma_block":4,"orcz:orcteeth":255,"alexsmobs:bison_fur":2,"minecraft:flint":5,"alexsmobs:cooked_kangaroo_meat":1,"mcdw:glaive_cackling_broom":5,"farmersdelight:tomato":203,"minecraft:mangrove_slab":1,"minecraft:chipped_anvil":1,"orcz:orcteeth_tool_sword":5,"minecraft:diamond_helmet":3,"aquaculture:gar":1,"orcz:blue_orcshroom":34,"minecraft:ink_sac":3,"minecraft:dark_oak_log":15,"alexsmobs:animal_dictionary":1,"minecraft:bundle":1,"stalwart_dungeons:spore_vaporizer":1,"minecraft:granite":172,"alexsmobs:maggot":4,"minecraft:jack_o_lantern":5,"minecraft:crafting_table":2,"minecraft:clay_ball":72,"friendsandfoes:totem_of_illusion":1,"minecraft:cornflower":26,"minecraft:red_bed":1,"travelersbackpack:pig":3,"minecraft:cartography_table":1,"minecraft:beef":213,"minecraft:poppy":3,"minecraft:chest":4,"minecraft:birch_sapling":1,"orcz:squig_eye":1,"farmersdelight:minced_beef":18,"stalwart_dungeons:tungsten_sword":1,"farmersdelight:tomato_seeds":17,"minecraft:carrot":480,"minecraft:redstone":2,"minecraft:mangrove_trapdoor":2,"biomesoplenty:jacaranda_log":22,"minecraft:beetroot_seeds":2,"minecraft:deepslate_bricks":4,"mcda:phantom_bones":18,"aquaculture:brown_trout":2,"minecraft:diamond_boots":2,"minecraft:cracked_deepslate_bricks":3,"aquaculture:carp":1,"tombstone:essence_of_undeath":2,"minecraft:gold_ingot":1,"minecraft:white_wool":82,"minecraft:oxeye_daisy":3,"minecraft:stripped_oak_log":4,"enemyexpansion:horsehead_helmet":2,"minecraft:oak_log":156,"minecraft:golden_boots":1,"aquaculture:rainbow_trout":2,"tombstone:gift":2,"bloomingnature:swamp_oak_door":2,"minecraft:stone_bricks":5,"farmersdelight:cooking_pot":1,"minecraft:kelp":2799,"minecraft:oak_fence_gate":1,"minecraft:stone_pickaxe":1,"tombstone:bag_of_seeds":4,"minecraft:glass_bottle":2,"minecraft:iron_sword":1,"aquaculture:smallmouth_bass":11,"enemyexpansion:phantom_eye":5,"minecraft:cracked_nether_bricks":5,"minecraft:spyglass":2,"minecraft:gravel":12,"orcz:orcamanita":43,"minecraft:orange_candle":11,"minecraft:crying_obsidian":4,"aquaculture:message_in_a_bottle":1,"minecraft:gray_wool":5,"minecraft:oak_button":2,"minecraft:chiseled_deepslate":4,"minecraft:wheat":741,"enemyexpansion:wasp_thorax":3,"minecraft:potion":3,"minecraft:nether_brick":1057,"aquaculture:muskellunge":1,"minecraft:raw_copper":32,"biomesoplenty:brimstone":108,"minecraft:deepslate_tiles":1,"farmersdelight:cabbage":301,"minecraft:cobblestone_slab":2,"bloomingnature:chestnut_planks":167,"farmersdelight:cabbage_seeds":672,"minecraft:furnace":2,"minecraft:stick":8,"ecologics:walnut_log":4,"farmersdelight:rotten_tomato":6,"minecraft:polished_deepslate_stairs":7,"minecraft:oak_fence":9,"minecraft:torch":110,"orcz:squigs_claws":17,"tombstone:grave_dust":28,"minecraft:diorite":111,"minecraft:rotten_flesh":157,"orcz:orcshroom":29,"ecologics:walnut_door":7,"alexsdelight:raw_bison":1,"minecraft:deepslate_brick_stairs":5,"minecraft:cod":13,"minecraft:cobblestone":1251,"minecraft:nautilus_shell":1,"minecraft:enchanting_table":1,"ecologics:walnut_planks":26,"minecraft:leather_chestplate":1,"minecraft:magma_cream":2,"minecraft:andesite":98,"minecraft:potato":1097,"minecraft:tuff":1,"minecraft:dirt":1998,"minecraft:bone":43,"bloomingnature:bluebell":29,"farmersdelight:iron_knife":1,"minecraft:bow":4,"minecraft:wheat_seeds":2336,"minecraft:oak_planks":149,"biomesoplenty:toadstool":1,"mcda:phantom_skin":5,"orcz:skullwandorc":1,"orcz:orcagaric":28,"minecraft:poisonous_potato":9,"orcz:skullwand":1,"minecraft:sand":33,"minecraft:cyan_bed":4,"bloomingnature:goatsbeard":1,"minecraft:nether_brick_stairs":1,"minecraft:lily_of_the_valley":13,"minecraft:mossy_cobblestone":5,"minecraft:diamond":5,"waystones:waystone":4,"minecraft:grass":3,"minecraft:bone_meal":2,"minecraft:oak_sapling":2,"minecraft:emerald":40,"orcz:ironscrap":13,"minecraft:netherrack":341,"minecraft:azure_bluet":2,"minecraft:brown_mushroom":2,"minecraft:oak_trapdoor":1,"biomesoplenty:jacaranda_fence":10,"bloomingnature:beach_bush":2,"tombstone:white_marble":2,"minecraft:blackstone":19,"ecologics:walnut_sapling":1,"aquaculture:bluegill":15,"mcdw:item_bee_stinger":1,"minecraft:player_head":1,"minecraft:sugar_cane":2,"minecraft:phantom_membrane":14,"minecraft:raw_iron":46,"ecologics:coconut_slice":4,"minecraft:copper_ingot":1,"minecraft:bowl":1,"aquaculture:perch":11,"minecraft:dark_oak_planks":2,"minecraft:arrow":52,"minecraft:weeping_vines":1,"bloomingnature:chestnut_door":3,"minecraft:pumpkin_pie":2,"minecraft:nether_bricks":100,"alexscaves:spelunkery_table":1,"minecraft:saddle":1,"minecraft:skeleton_skull":7,"minecraft:cracked_deepslate_tiles":1,"minecraft:salmon":9,"minecraft:leather":153,"bloomingnature:swamp_oak_planks":63,"minecraft:birch_planks":243,"bloomingnature:genisteae":13,"aquaculture:neptunes_bounty":1,"biomesoplenty:jacaranda_planks":44,"minecraft:gunpowder":13,"bloomingnature:foxglove_white":4,"bloomingnature:swamp_oak_sapling":1,"variantvanillablocks:birch_crafting_table":1,"minecraft:iron_ingot":81,"bloomingnature:chestnut_sapling":3,"aquaculture:minnow":16,"minecraft:book":2,"stalwart_dungeons:transient_block_close":112,"minecraft:sculk_catalyst":2,"minecraft:oak_slab":3,"minecraft:pitcher_plant":2,"minecraft:pumpkin":19,"minecraft:stone_brick_slab":15,"minecraft:quartz":5,"minecraft:amethyst_shard":11,"minecraft:spider_eye":23,"alexsmobs:raw_catfish":4,"minecraft:pumpkin_seeds":8,"minecraft:iron_helmet":1,"tombstone:magic_scroll":1,"orcz:orceye":6,"minecraft:coal":51},"minecraft:mined":{"minecraft:dark_oak_planks":2,"stalwart_dungeons:transient_block_open":27,"minecraft:red_nether_bricks":7,"biomesoplenty:brimstone":107,"minecraft:granite":127,"biomesoplenty:fir_slab":9,"bloomingnature:chestnut_leaves":3,"minecraft:orange_candle":4,"minecraft:deepslate_tile_stairs":8,"minecraft:oxeye_daisy":2,"minecraft:weeping_vines_plant":1,"minecraft:tall_seagrass":34,"minecraft:magma_block":5,"biomesoplenty:tall_lavender":1,"minecraft:cobbled_deepslate":10,"minecraft:fire":4,"biomesoplenty:lavender":4,"minecraft:pumpkin":18,"minecraft:nether_brick_stairs":1,"minecraft:enchanting_table":1,"minecraft:sculk_shrieker":4,"minecraft:dirt_path":3,"minecraft:oak_stairs":2,"minecraft:deepslate_brick_stairs":4,"minecraft:player_head":1,"bloomingnature:chestnut_log":36,"minecraft:red_bed":1,"minecraft:kelp_plant":663,"biomesoplenty:jacaranda_planks":45,"biomesoplenty:brimstone_fumarole":1,"minecraft:torch":6,"farmersdelight:cabbages":269,"minecraft:cyan_bed":4,"minecraft:wheat":764,"minecraft:pitcher_plant":1,"minecraft:grass":1037,"minecraft:oak_fence_gate":1,"minecraft:deepslate":25,"biomesoplenty:orange_autumn_leaves":4,"minecraft:deepslate_tiles":1,"minecraft:mossy_cobblestone":5,"minecraft:dark_oak_log":15,"minecraft:jack_o_lantern":5,"minecraft:nether_bricks":106,"minecraft:cartography_table":1,"minecraft:kelp":179,"ecologics:walnut_door":6,"biomesoplenty:jacaranda_log":22,"minecraft:andesite":122,"orcz:orcshroom":11,"bloomingnature:chestnut_planks":147,"minecraft:potatoes":290,"minecraft:cobblestone_slab":2,"biomesoplenty:brimstone_bud":9,"biomesoplenty:brimstone_cluster":5,"minecraft:oak_slab":2,"minecraft:glass_pane":2,"minecraft:chiseled_nether_bricks":1,"bloomingnature:swamp_oak_planks":67,"minecraft:lily_of_the_valley":8,"minecraft:stone_brick_slab":15,"minecraft:cornflower":6,"minecraft:tall_grass":379,"minecraft:copper_ore":7,"minecraft:cracked_deepslate_bricks":2,"minecraft:diorite":102,"travelersbackpack:pig":2,"bloomingnature:chestnut_door":2,"minecraft:birch_leaves":28,"minecraft:pitcher_crop":1,"minecraft:gravel":19,"minecraft:oak_button":2,"minecraft:fern":5,"stalwart_dungeons:spore_vaporizer":2,"orcz:orcamanita":49,"minecraft:farmland":6,"minecraft:sculk_vein":2,"minecraft:grass_block":1399,"biomesoplenty:flowering_oak_leaves":2,"bloomingnature:genisteae":10,"farmersdelight:budding_tomatoes":1,"minecraft:sculk_catalyst":6,"minecraft:iron_ore":9,"ecologics:walnut_log":4,"minecraft:waxed_cut_copper_stairs":1,"minecraft:blackstone":20,"minecraft:polished_deepslate_stairs":5,"stalwart_dungeons:transient_block_close":92,"minecraft:clay":18,"minecraft:poppy":1,"minecraft:chest":4,"minecraft:nether_quartz_ore":3,"minecraft:cobblestone":176,"minecraft:oak_planks":86,"minecraft:wall_torch":8,"minecraft:seagrass":30,"orcz:orcagaric":27,"minecraft:birch_log":74,"biomesoplenty:maple_leaves":4,"minecraft:cracked_deepslate_tiles":2,"orcz:blue_orcshroom":24,"minecraft:oak_log":158,"minecraft:sand":35,"minecraft:dirt":447,"minecraft:netherrack":326,"minecraft:oak_leaves":13,"minecraft:nether_gold_ore":2,"alexscaves:spelunkery_table":1,"biomesoplenty:jacaranda_fence":10,"minecraft:weeping_vines":1,"farmersdelight:tomatoes":5,"minecraft:mangrove_trapdoor":2,"minecraft:cracked_nether_bricks":7,"minecraft:large_fern":21,"minecraft:furnace":2,"minecraft:carrots":84,"minecraft:chiseled_deepslate":4,"variantvanillablocks:birch_crafting_table":1,"biomesoplenty:sea_oats":1,"minecraft:polished_deepslate":34,"minecraft:stripped_oak_log":1,"bloomingnature:bluebell":11,"minecraft:stone":1018,"farmersdelight:cooking_pot":1,"minecraft:oak_fence":8,"minecraft:crafting_table":2,"minecraft:sculk_sensor":6,"bloomingnature:foxglove_white":5,"biomesoplenty:sprout":1,"biomesoplenty:huge_clover_petal":4,"minecraft:sculk":3,"minecraft:gray_wool":5,"minecraft:birch_planks":15,"minecraft:bee_nest":1,"minecraft:mangrove_slab":1,"minecraft:coal_ore":48,"bloomingnature:beach_grass":1,"ecologics:walnut_planks":19},"minecraft:used":{"minecraft:jack_o_lantern":2,"orcz:orcteeth_tool_shovel":1535,"bloomingnature:swamp_oak_door":4,"minecraft:chiseled_deepslate":1,"farmersdelight:cabbage_seeds":369,"minecraft:chest":21,"minecraft:stone":31,"minecraft:rotten_flesh":5,"minecraft:cracked_deepslate_tiles":1,"minecraft:grass_block":72,"farmersdelight:rotten_tomato":5,"minecraft:bow":2,"minecraft:oak_sapling":1,"minecraft:furnace":3,"minecraft:potato":454,"minecraft:diorite":37,"minecraft:cow_spawn_egg":6,"minecraft:blackstone":17,"minecraft:wooden_pickaxe":3,"stalwart_dungeons:transient_block_close":23,"minecraft:sand":4,"spartanshields:diamond_basic_shield":134,"minecraft:pitcher_pod":1,"orcz:bone_1":1,"biomesoplenty:jacaranda_planks":60,"minecraft:deepslate_brick_stairs":32,"minecraft:lightning_rod":1,"minecraft:deepslate_tiles":1,"orcz:orcteeth_tool_sword":1404,"alexsmobs:spawn_egg_bison":6,"minecraft:smithing_table":1,"biomesoplenty:jacaranda_fence_gate":9,"orcz:skullwandorc":10,"minecraft:netherrack":343,"minecraft:torch":314,"minecraft:anvil":1,"minecraft:oak_fence_gate":6,"minecraft:orange_candle":8,"farmersdelight:beef_patty":2,"tombstone:ankh_of_pray":36,"minecraft:chipped_anvil":1,"bloomingnature:chestnut_sapling":2,"farmersdelight:cooking_pot":2,"tombstone:gift":12,"farmersdelight:tomato_seeds":96,"minecraft:cherry_fence":2,"minecraft:cobbled_deepslate":20,"alexsdelight:cooked_bison":1,"minecraft:wheat_seeds":895,"alexsmobs:cooked_catfish":4,"minecraft:water_bucket":29,"minecraft:dirt_path":66,"minecraft:birch_planks":325,"minecraft:cartography_table":1,"orcz:orcteeth_tool_pickaxe":1241,"minecraft:deepslate_bricks":72,"mcdw:bow_phantom_bow":102,"minecraft:mossy_cobblestone":5,"biomesoplenty:fir_slab":9,"another_furniture:oak_table":2,"minecraft:crafting_table":5,"minecraft:red_bed":1,"minecraft:campfire":1,"minecraft:diamond_pickaxe":134,"orcz:orcteeth_tool_axe":816,"minecraft:oak_button":2,"minecraft:iron_pickaxe":501,"stalwart_dungeons:tungsten_sword":456,"enchantinginfuser:enchanting_infuser":1,"minecraft:cobblestone":682,"minecraft:potion":2,"aquaculture:stone_fillet_knife":9,"minecraft:kelp":340,"minecraft:polished_deepslate":6,"farmersdelight:cabbage_rolls":18,"minecraft:grass":1,"orcz:orcshroom":1,"travelersbackpack:pig":19,"minecraft:nether_bricks":97,"minecraft:carrot":264,"mcdw:glaive_cackling_broom":207,"minecraft:polished_deepslate_stairs":8,"tombstone:decorative_grave_simple":1,"biomesoplenty:fir_sapling":26,"orcz:orcagaric":1,"aquaculture:diamond_fishing_rod":52,"minecraft:stone_bricks":30,"ecologics:walnut_planks":12,"minecraft:magma_block":1,"bloomingnature:swamp_oak_planks":136,"aquaculture:fish_fillet_cooked":15,"biomesoplenty:jacaranda_fence":153,"minecraft:diamond_boots":1,"minecraft:stone_pickaxe":608,"minecraft:mangrove_planks":74,"minecraft:oak_planks":160,"biomesoplenty:fir_planks":150,"variantvanillablocks:birch_chest":6,"another_furniture:oak_chair":2,"minecraft:sponge":4,"minecraft:shears":2,"orcz:orcteeth_tool_hoe":315,"waystones:waystone":4,"minecraft:bread":60,"minecraft:cyan_bed":4,"minecraft:andesite":49,"minecraft:bone_meal":113,"minecraft:oak_fence":26,"biomesoplenty:brimstone":30,"minecraft:flint_and_steel":1,"minecraft:cracked_deepslate_bricks":2,"minecraft:stone_shovel":834,"ecologics:walnut_door":6,"minecraft:stone_hoe":347,"minecraft:spyglass":2,"minecraft:dirt":806,"alexsmobs:cooked_kangaroo_meat":15,"minecraft:granite":3,"minecraft:stone_brick_slab":40,"minecraft:dark_oak_planks":23,"minecraft:oak_stairs":6,"minecraft:crimson_planks":77,"alexscaves:spelunkery_table":1,"minecraft:golden_carrot":1,"minecraft:pitcher_plant":1,"spartanshields:copper_basic_shield":71,"minecraft:deepslate_tile_stairs":8,"minecraft:cooked_beef":58,"another_furniture:oak_drawer":1,"minecraft:pumpkin":2,"bloomingnature:chestnut_door":2,"minecraft:baked_potato":220,"minecraft:copper_block":1,"minecraft:cobblestone_slab":4,"variantvanillablocks:birch_crafting_table":1,"orcz:orcamanita":1,"tombstone:bag_of_seeds":6,"spartanshields:copper_tower_shield":77,"bloomingnature:chestnut_planks":258,"minecraft:stone_axe":307,"minecraft:bucket":38,"minecraft:pumpkin_pie":2,"minecraft:sculk_catalyst":2},"minecraft:killed":{"enemyexpansion:equestrian":9,"aquaculture:smallmouth_bass":6,"minecraft:skeleton":25,"bloomingnature:squirrel":1,"ecologics:coconut_crab":1,"minecraft:magma_cube":3,"stalwart_dungeons:giddy_blaze":460,"orcz:goblinwerid":3,"enemyexpansion:meature":4,"minecraft:zombie":62,"enemyexpansion:botfly":22,"orcz:orcsavage_2sword":8,"minecraft:cow":60,"bloomingnature:deer":1,"stalwart_dungeons:nether_wart_cocoon":13,"orcz:orcsavagemace":8,"orcz:orcsavageweird":5,"minecraft:warden":3,"bloomingnature:raccoon":2,"enemyexpansion:sprinter":7,"alexsmobs:catfish":3,"minecraft:witch":2,"minecraft:zombified_piglin":5,"minecraft:spider":18,"aquaculture:gar":1,"aquaculture:muskellunge":1,"minecraft:bee":1,"aquaculture:perch":9,"orcz:squig":18,"aquaculture:carp":1,"minecraft:piglin":14,"orcz:weirdboinecro":3,"minecraft:pig":1,"enemyexpansion:ladybug":1,"minecraft:zombie_villager":1,"orcz:goblinsavagemace":52,"minecraft:creeper":3,"aquaculture:minnow":7,"alexsmobs:fly":3,"orcz:snot":28,"orcz:orcshield":22,"enemyexpansion:wasp":9,"aquaculture:bluegill":12,"enemyexpansion:direwolf":20,"minecraft:phantom":9,"aquaculture:brown_trout":1,"minecraft:drowned":2,"alexsmobs:bison":1,"aquaculture:rainbow_trout":1,"enemyexpansion:huntsman":3,"alexsmobs:crow":2,"orcz:goblin_2sword":11,"minecraft:player":4},"minecraft:killed_by":{"enemyexpansion:slugger":1,"orcz:goblinsavagemace":4,"enemyexpansion:invisicreeper":1,"minecraft:husk":1,"orcz:weirdboinecro":3,"stalwart_dungeons:giddy_blaze":13,"minecraft:warden":7,"enemyexpansion:botfly":2,"orcz:orcshield":1,"minecraft:zombified_piglin":2,"minecraft:creeper":1,"orcz:orcsavage_2sword":3,"enemyexpansion:sprinter":2,"minecraft:player":2,"minecraft:spider":1,"enemyexpansion:equestrian":5,"minecraft:skeleton":1},"minecraft:crafted":{"travelersbackpack:crafting_upgrade":1,"orcz:orcteeth_armor_armor_boots":6,"ecologics:walnut_planks":16,"spartanshields:wooden_tower_shield":1,"bloomingnature:swamp_oak_door":3,"orcz:orcteeth_tool_shovel":15,"minecraft:deepslate_brick_stairs":28,"aquaculture:fish_fillet_raw":19,"minecraft:glass":29,"minecraft:diamond_helmet":2,"mcdw:glaive_cackling_broom":1,"alexsmobs:cooked_catfish":4,"minecraft:dried_kelp_block":234,"minecraft:wooden_shovel":1,"stalwart_dungeons:tungsten_sword":1,"enchantinginfuser:enchanting_infuser":1,"minecraft:smithing_table":1,"minecraft:copper_ingot":25,"minecraft:campfire":1,"farmersdelight:beef_patty":50,"ecologics:walnut_door":3,"minecraft:iron_pickaxe":2,"minecraft:gold_ingot":5,"spartanshields:wooden_basic_shield":3,"another_furniture:oak_drawer":1,"mcda:evocation_robe_helmet":1,"minecraft:stone_shovel":6,"orcz:orcteeth_tool_sword":7,"minecraft:polished_deepslate_stairs":4,"another_furniture:oak_table":3,"travelersbackpack:pig":3,"minecraft:bone_meal":6,"enemyexpansion:phantasm_leggings":1,"spartanshields:copper_basic_shield":2,"travelersbackpack:blank_upgrade":4,"travelersbackpack:gold_tier_upgrade":1,"alexsdelight:cooked_bison":1,"spartanshields:copper_tower_shield":1,"minecraft:stone_pickaxe":5,"orcz:orcteeth_tool_pickaxe":6,"variantvanillablocks:birch_crafting_table":1,"minecraft:dark_oak_planks":20,"minecraft:dried_kelp":2226,"aquaculture:diamond_fishing_rod":1,"farmersdelight:cooking_pot":1,"minecraft:oak_fence_gate":1,"orcz:orcteeth_tool_hoe":3,"tombstone:grave_plate":1,"minecraft:oak_stairs":8,"aquaculture:stone_fillet_knife":1,"minecraft:iron_leggings":3,"minecraft:brick":10,"minecraft:oak_planks":616,"minecraft:cobblestone_slab":6,"minecraft:lightning_rod":1,"another_furniture:oak_chair":3,"minecraft:stone":136,"minecraft:bow":2,"minecraft:iron_boots":1,"minecraft:chest":14,"minecraft:oak_button":1,"minecraft:copper_block":1,"minecraft:stone_hoe":2,"minecraft:stone_bricks":40,"minecraft:oak_fence":9,"farmersdelight:tomato_seeds":86,"minecraft:oak_slab":6,"travelersbackpack:iron_tier_upgrade":1,"biomesoplenty:jacaranda_planks":88,"minecraft:crafting_table":4,"minecraft:wooden_pickaxe":1,"minecraft:baked_potato":294,"tombstone:decorative_grave_simple":1,"minecraft:birch_planks":284,"biomesoplenty:jacaranda_fence":36,"orcz:orcteeth_tool_axe":8,"minecraft:iron_chestplate":3,"minecraft:diamond_pickaxe":1,"minecraft:charcoal":2,"mcda:emerald_gear_helmet":1,"minecraft:stick":248,"minecraft:iron_ingot":28,"orcz:bone_1":1,"minecraft:deepslate_bricks":112,"minecraft:shears":2,"mcda:phantom_armor_chestplate":1,"bloomingnature:chestnut_planks":112,"mcda:fabric_bolt_blue":6,"mcdw:bow_phantom_bow":1,"minecraft:furnace":1,"spartanshields:diamond_basic_shield":1,"minecraft:flint_and_steel":1,"minecraft:polished_deepslate":112,"aquaculture:fish_fillet_cooked":15,"aquaculture:wooden_fillet_knife":1,"minecraft:cooked_beef":108,"paraglider:paraglider":1,"orcz:orcteeth_armor_armor_leggings":1,"alexsmobs:cooked_lobster_tail":2,"travelersbackpack:backpack_tank":2,"minecraft:nether_bricks":38,"tombstone:ankh_of_pray":1,"minecraft:bucket":2,"minecraft:stone_axe":4,"minecraft:bread":60,"minecraft:air":0,"minecraft:blue_dye":12,"variantvanillablocks:birch_chest":6,"tombstone:dark_marble":3,"minecraft:blue_wool":12,"minecraft:torch":176},"minecraft:broken":{"orcz:orcteeth_tool_pickaxe":4,"minecraft:iron_boots":1,"minecraft:iron_chestplate":2,"minecraft:iron_leggings":3,"orcz:orcteeth_tool_axe":6,"orcz:orcteeth_tool_hoe":2,"minecraft:stone_hoe":2,"orcz:orcteeth_tool_sword":3,"minecraft:iron_pickaxe":2,"minecraft:iron_helmet":1,"spartanshields:copper_tower_shield":1,"spartanshields:copper_basic_shield":1,"minecraft:stone_pickaxe":4,"minecraft:stone_axe":2,"orcz:orcteeth_tool_shovel":10,"orcz:orcteeth_armor_armor_boots":3,"minecraft:stone_shovel":6},"minecraft:custom":{"minecraft:interact_with_crafting_table":267,"minecraft:open_barrel":3,"minecraft:eat_cake_slice":12,"minecraft:leave_game":21,"minecraft:time_since_death":62503,"minecraft:damage_blocked_by_shield":41045,"minecraft:play_time":1502367,"minecraft:deaths":56,"minecraft:jump":20924,"minecraft:enchant_item":14,"minecraft:interact_with_furnace":460,"minecraft:interact_with_cartography_table":1,"minecraft:sleep_in_bed":14,"minecraft:waystone_activated":5,"tombstone:sneak_grave":6,"minecraft:damage_dealt":143265,"tombstone:undead_killed":127,"minecraft:interact_with_smoker":6,"minecraft:horse_one_cm":50425,"minecraft:interact_with_smithing_table":7,"minecraft:interact_with_anvil":20,"minecraft:sneak_time":49938,"minecraft:interact_with_blast_furnace":19,"minecraft:total_world_time":1502367,"tombstone:raider_killed":11,"minecraft:tune_noteblock":11,"tombstone:pray_on_grave":2,"minecraft:time_since_rest":62258,"minecraft:swim_one_cm":416783,"minecraft:fly_one_cm":4998004,"minecraft:open_chest":904,"minecraft:fish_caught":44,"minecraft:fall_one_cm":383120,"minecraft:animals_bred":205,"minecraft:damage_resisted":170,"minecraft:sprint_one_cm":7031766,"minecraft:drop":296,"minecraft:play_noteblock":28,"minecraft:talked_to_villager":1,"minecraft:interact_with_brewingstand":1,"minecraft:walk_on_water_one_cm":263740,"minecraft:interact_with_loom":4,"minecraft:player_kills":5,"minecraft:crouch_one_cm":173709,"minecraft:mob_kills":993,"minecraft:damage_dealt_resisted":4036,"minecraft:climb_one_cm":2292,"minecraft:walk_one_cm":5254821,"tombstone:consume_soul":1,"minecraft:walk_under_water_one_cm":173425,"minecraft:boat_one_cm":118686,"spartanshields:shield_bash_hits":13,"minecraft:damage_taken":34912}},"DataVersion":3465}