{"stats":{"minecraft:dropped":{"minecraft:baked_potato":1,"minecraft:weeping_vines":1,"orcz:blue_orcshroom":7,"biomesoplenty:fir_sapling":1,"minecraft:flint":5,"minecraft:cornflower":2,"minecraft:gravel":9,"mcdw:glaive_cackling_broom":3,"alexsmobs:animal_dictionary":1,"tombstone:gift":2,"minecraft:rotten_flesh":42,"minecraft:oak_planks":48,"bloomingnature:genisteae":6,"orcz:orcshroom":20,"minecraft:salmon":1,"minecraft:carrot":129,"minecraft:poppy":2,"minecraft:gunpowder":2,"minecraft:beetroot_seeds":3,"biomesoplenty:tall_lavender":1,"bloomingnature:bluebell":7,"farmersdelight:tomato_seeds":7,"bloomingnature:foxglove_white":3,"minecraft:wheat_seeds":134,"minecraft:poisonous_potato":5,"biomesoplenty:lavender":4,"minecraft:oak_fence":1,"minecraft:cobblestone":12,"orcz:orcagaric":1,"minecraft:granite":1,"minecraft:copper_ingot":1,"minecraft:stick":2,"minecraft:oxeye_daisy":1,"farmersdelight:cabbage_rolls":3,"minecraft:torch":2,"tombstone:white_marble":2,"biomesoplenty:brimstone":1,"bloomingnature:chestnut_log":12,"tombstone:grave_dust":5,"minecraft:dried_kelp":1,"minecraft:string":1,"minecraft:kelp":1,"minecraft:oak_trapdoor":1,"farmersdelight:cabbage_seeds":162,"orcz:orcteeth_tool_sword":1,"orcz:orcamanita":5,"alexsmobs:ancient_dart":1,"minecraft:polished_deepslate_stairs":2,"alexsmobs:cooked_kangaroo_meat":2,"minecraft:potato":79,"minecraft:oak_button":1,"orcz:orcteeth":45,"bloomingnature:goatsbeard":1},"minecraft:picked_up":{"minecraft:wheat":498,"farmersdelight:cabbage_rolls":1,"aquaculture:catfish":1,"minecraft:lead":9,"minecraft:oak_stairs":2,"enemyexpansion:wasp_thorax":1,"minecraft:enchanted_book":1,"minecraft:nether_brick":266,"minecraft:polished_deepslate":33,"minecraft:string":13,"aquaculture:muskellunge":1,"minecraft:raw_copper":32,"biomesoplenty:tall_lavender":1,"minecraft:pufferfish":2,"minecraft:beetroot":1,"biomesoplenty:brimstone":101,"minecraft:gold_nugget":12,"minecraft:cobbled_deepslate":31,"farmersdelight:cabbage":301,"bloomingnature:chestnut_planks":167,"farmersdelight:cabbage_seeds":670,"minecraft:furnace":2,"minecraft:beehive":2,"minecraft:stick":2,"orcz:orcskull":3,"ecologics:walnut_log":4,"farmersdelight:rotten_tomato":6,"minecraft:polished_deepslate_stairs":7,"minecraft:oak_fence":9,"minecraft:torch":104,"tombstone:grave_dust":26,"minecraft:diorite":111,"minecraft:chiseled_nether_bricks":1,"bloomingnature:chestnut_log":44,"minecraft:waxed_cut_copper_stairs":1,"minecraft:rotten_flesh":100,"minecraft:tropical_fish":1,"orcz:orcshroom":24,"alexsdelight:raw_bison":1,"ecologics:walnut_door":7,"biomesoplenty:fir_slab":9,"minecraft:blaze_rod":139,"minecraft:deepslate_brick_stairs":4,"minecraft:cod":10,"aquaculture:tin_can":1,"alexsmobs:lobster_tail":2,"minecraft:cobblestone":1060,"minecraft:nautilus_shell":1,"biomesoplenty:lavender":4,"minecraft:birch_log":71,"minecraft:enchanting_table":1,"ecologics:walnut_planks":26,"minecraft:magma_block":4,"minecraft:leather_chestplate":1,"orcz:orcteeth":188,"minecraft:magma_cream":2,"minecraft:andesite":98,"minecraft:potato":1091,"alexsmobs:bison_fur":2,"minecraft:flint":5,"minecraft:tuff":1,"alexsmobs:cooked_kangaroo_meat":1,"mcdw:glaive_cackling_broom":4,"minecraft:mangrove_slab":1,"farmersdelight:tomato":203,"minecraft:dirt":1857,"minecraft:bone":34,"minecraft:chipped_anvil":1,"bloomingnature:bluebell":29,"minecraft:bow":3,"minecraft:wheat_seeds":1685,"orcz:orcteeth_tool_sword":4,"minecraft:oak_planks":147,"mcda:phantom_skin":1,"aquaculture:gar":1,"orcz:skullwandorc":1,"orcz:orcagaric":15,"minecraft:poisonous_potato":9,"orcz:skullwand":1,"orcz:blue_orcshroom":23,"minecraft:sand":33,"minecraft:nether_brick_stairs":1,"minecraft:ink_sac":3,"bloomingnature:goatsbeard":1,"minecraft:cyan_bed":4,"minecraft:lily_of_the_valley":13,"minecraft:dark_oak_log":5,"alexsmobs:animal_dictionary":1,"minecraft:bundle":1,"stalwart_dungeons:spore_vaporizer":1,"minecraft:diamond":1,"waystones:waystone":2,"minecraft:granite":147,"minecraft:bone_meal":2,"minecraft:jack_o_lantern":2,"orcz:ironscrap":8,"minecraft:oak_sapling":1,"minecraft:netherrack":333,"minecraft:crafting_table":2,"minecraft:azure_bluet":2,"minecraft:clay_ball":72,"minecraft:brown_mushroom":2,"biomesoplenty:jacaranda_fence":10,"bloomingnature:beach_bush":2,"minecraft:cornflower":26,"minecraft:oak_trapdoor":1,"minecraft:red_bed":1,"tombstone:white_marble":2,"minecraft:blackstone":19,"travelersbackpack:pig":3,"ecologics:walnut_sapling":1,"minecraft:cartography_table":1,"aquaculture:bluegill":15,"minecraft:player_head":1,"minecraft:poppy":3,"minecraft:chest":1,"minecraft:birch_sapling":1,"minecraft:phantom_membrane":2,"minecraft:raw_iron":44,"ecologics:coconut_slice":4,"minecraft:copper_ingot":1,"minecraft:bowl":1,"aquaculture:perch":10,"farmersdelight:tomato_seeds":17,"minecraft:carrot":479,"minecraft:redstone":2,"minecraft:mangrove_trapdoor":2,"minecraft:dark_oak_planks":2,"minecraft:arrow":40,"minecraft:weeping_vines":1,"bloomingnature:chestnut_door":3,"biomesoplenty:jacaranda_log":22,"minecraft:beetroot_seeds":2,"minecraft:pumpkin_pie":2,"minecraft:nether_bricks":60,"mcda:phantom_bones":3,"aquaculture:brown_trout":2,"alexscaves:spelunkery_table":1,"aquaculture:carp":1,"minecraft:saddle":1,"tombstone:essence_of_undeath":2,"minecraft:skeleton_skull":7,"minecraft:oxeye_daisy":3,"minecraft:stripped_oak_log":4,"enemyexpansion:horsehead_helmet":1,"minecraft:salmon":7,"bloomingnature:swamp_oak_planks":63,"minecraft:birch_planks":243,"minecraft:oak_log":78,"bloomingnature:genisteae":13,"aquaculture:neptunes_bounty":1,"biomesoplenty:jacaranda_planks":44,"minecraft:gunpowder":13,"aquaculture:rainbow_trout":2,"tombstone:gift":1,"bloomingnature:swamp_oak_door":2,"bloomingnature:foxglove_white":4,"minecraft:kelp":1773,"minecraft:stone_bricks":5,"farmersdelight:cooking_pot":1,"variantvanillablocks:birch_crafting_table":1,"minecraft:iron_ingot":81,"minecraft:oak_fence_gate":1,"minecraft:stone_pickaxe":1,"tombstone:bag_of_seeds":4,"bloomingnature:chestnut_sapling":3,"aquaculture:minnow":16,"minecraft:glass_bottle":1,"minecraft:iron_sword":1,"minecraft:book":2,"stalwart_dungeons:transient_block_close":42,"minecraft:oak_slab":3,"aquaculture:smallmouth_bass":10,"enemyexpansion:phantom_eye":1,"minecraft:pitcher_plant":2,"minecraft:pumpkin":18,"minecraft:stone_brick_slab":15,"minecraft:quartz":5,"minecraft:cracked_nether_bricks":5,"minecraft:spyglass":2,"minecraft:gravel":12,"minecraft:amethyst_shard":11,"orcz:orcamanita":26,"minecraft:orange_candle":11,"minecraft:crying_obsidian":4,"minecraft:spider_eye":11,"aquaculture:message_in_a_bottle":1,"alexsmobs:raw_catfish":4,"minecraft:pumpkin_seeds":8,"minecraft:iron_helmet":1,"minecraft:oak_button":2,"tombstone:magic_scroll":1,"orcz:orceye":3,"minecraft:coal":51},"minecraft:mined":{"minecraft:dark_oak_planks":2,"stalwart_dungeons:transient_block_open":2,"stalwart_dungeons:spore_vaporizer":2,"orcz:orcamanita":25,"minecraft:farmland":6,"minecraft:red_nether_bricks":2,"biomesoplenty:brimstone":101,"minecraft:granite":117,"biomesoplenty:fir_slab":9,"minecraft:grass_block":1340,"bloomingnature:chestnut_leaves":3,"biomesoplenty:flowering_oak_leaves":2,"minecraft:orange_candle":4,"bloomingnature:genisteae":10,"farmersdelight:budding_tomatoes":1,"minecraft:oxeye_daisy":2,"minecraft:weeping_vines_plant":1,"minecraft:tall_seagrass":34,"minecraft:magma_block":5,"biomesoplenty:tall_lavender":1,"minecraft:iron_ore":7,"minecraft:fire":3,"biomesoplenty:lavender":4,"minecraft:pumpkin":18,"minecraft:nether_brick_stairs":1,"minecraft:enchanting_table":1,"minecraft:dirt_path":3,"minecraft:oak_stairs":2,"minecraft:deepslate_brick_stairs":4,"ecologics:walnut_log":4,"minecraft:player_head":1,"minecraft:waxed_cut_copper_stairs":1,"bloomingnature:chestnut_log":36,"biomesoplenty:jacaranda_planks":45,"minecraft:red_bed":1,"minecraft:blackstone":20,"minecraft:polished_deepslate_stairs":5,"minecraft:kelp_plant":479,"stalwart_dungeons:transient_block_close":48,"biomesoplenty:brimstone_fumarole":1,"minecraft:clay":18,"minecraft:torch":5,"minecraft:poppy":1,"minecraft:chest":1,"farmersdelight:cabbages":269,"minecraft:nether_quartz_ore":3,"minecraft:cobblestone":87,"minecraft:cyan_bed":4,"minecraft:oak_planks":84,"minecraft:wall_torch":7,"minecraft:seagrass":30,"minecraft:birch_log":74,"orcz:orcagaric":10,"minecraft:wheat":523,"minecraft:pitcher_plant":1,"minecraft:grass":1015,"orcz:blue_orcshroom":14,"minecraft:oak_log":81,"minecraft:oak_fence_gate":1,"minecraft:sand":35,"minecraft:dirt":421,"minecraft:netherrack":319,"minecraft:oak_leaves":12,"minecraft:deepslate":8,"biomesoplenty:orange_autumn_leaves":2,"minecraft:nether_gold_ore":2,"alexscaves:spelunkery_table":1,"minecraft:dark_oak_log":5,"minecraft:jack_o_lantern":2,"biomesoplenty:jacaranda_fence":10,"minecraft:nether_bricks":63,"minecraft:weeping_vines":1,"minecraft:mangrove_trapdoor":2,"farmersdelight:tomatoes":5,"minecraft:kelp":167,"minecraft:cartography_table":1,"minecraft:cracked_nether_bricks":7,"ecologics:walnut_door":6,"minecraft:large_fern":18,"biomesoplenty:jacaranda_log":22,"minecraft:furnace":2,"minecraft:carrots":84,"minecraft:andesite":122,"variantvanillablocks:birch_crafting_table":1,"biomesoplenty:sea_oats":1,"minecraft:polished_deepslate":34,"orcz:orcshroom":7,"bloomingnature:chestnut_planks":147,"minecraft:potatoes":289,"biomesoplenty:brimstone_bud":9,"minecraft:stripped_oak_log":1,"minecraft:stone":977,"bloomingnature:bluebell":11,"biomesoplenty:brimstone_cluster":5,"farmersdelight:cooking_pot":1,"minecraft:oak_slab":2,"minecraft:glass_pane":2,"minecraft:chiseled_nether_bricks":1,"minecraft:lily_of_the_valley":7,"bloomingnature:swamp_oak_planks":67,"minecraft:stone_brick_slab":15,"minecraft:oak_fence":8,"minecraft:crafting_table":2,"minecraft:cornflower":6,"bloomingnature:foxglove_white":5,"minecraft:copper_ore":7,"minecraft:tall_grass":376,"biomesoplenty:sprout":1,"minecraft:diorite":102,"minecraft:birch_planks":15,"travelersbackpack:pig":2,"bloomingnature:chestnut_door":2,"minecraft:birch_leaves":28,"minecraft:bee_nest":1,"minecraft:mangrove_slab":1,"minecraft:coal_ore":48,"bloomingnature:beach_grass":1,"minecraft:pitcher_crop":1,"minecraft:gravel":19,"ecologics:walnut_planks":19,"minecraft:oak_button":2,"minecraft:fern":2},"minecraft:used":{"orcz:orcteeth_tool_shovel":1442,"minecraft:polished_deepslate":6,"bloomingnature:swamp_oak_door":4,"farmersdelight:cabbage_rolls":16,"farmersdelight:cabbage_seeds":369,"minecraft:chest":13,"minecraft:stone":31,"minecraft:rotten_flesh":5,"travelersbackpack:pig":16,"orcz:orcshroom":1,"minecraft:nether_bricks":55,"minecraft:carrot":264,"mcdw:glaive_cackling_broom":207,"minecraft:polished_deepslate_stairs":8,"tombstone:decorative_grave_simple":1,"minecraft:grass_block":72,"biomesoplenty:fir_sapling":26,"farmersdelight:rotten_tomato":5,"aquaculture:diamond_fishing_rod":42,"minecraft:stone_bricks":30,"ecologics:walnut_planks":12,"minecraft:magma_block":1,"minecraft:bow":2,"minecraft:oak_sapling":1,"minecraft:furnace":3,"minecraft:potato":453,"aquaculture:fish_fillet_cooked":15,"bloomingnature:swamp_oak_planks":136,"biomesoplenty:jacaranda_fence":153,"minecraft:diorite":37,"minecraft:stone_pickaxe":608,"minecraft:cow_spawn_egg":6,"minecraft:mangrove_planks":74,"minecraft:oak_planks":153,"minecraft:blackstone":17,"minecraft:wooden_pickaxe":3,"biomesoplenty:fir_planks":150,"stalwart_dungeons:transient_block_close":4,"variantvanillablocks:birch_chest":6,"another_furniture:oak_chair":2,"minecraft:sand":4,"minecraft:pitcher_pod":1,"minecraft:sponge":4,"minecraft:shears":1,"biomesoplenty:jacaranda_planks":60,"minecraft:deepslate_brick_stairs":25,"minecraft:lightning_rod":1,"orcz:orcteeth_tool_hoe":301,"waystones:waystone":1,"orcz:orcteeth_tool_sword":1095,"minecraft:bread":60,"minecraft:cyan_bed":4,"alexsmobs:spawn_egg_bison":6,"minecraft:andesite":49,"minecraft:bone_meal":113,"minecraft:oak_fence":26,"biomesoplenty:brimstone":27,"minecraft:flint_and_steel":1,"biomesoplenty:jacaranda_fence_gate":9,"minecraft:stone_shovel":834,"ecologics:walnut_door":6,"minecraft:stone_hoe":347,"minecraft:netherrack":339,"minecraft:torch":242,"minecraft:spyglass":2,"minecraft:dirt":790,"minecraft:anvil":1,"alexsmobs:cooked_kangaroo_meat":15,"minecraft:granite":3,"minecraft:orange_candle":8,"minecraft:oak_fence_gate":6,"minecraft:stone_brick_slab":40,"minecraft:dark_oak_planks":23,"tombstone:ankh_of_pray":29,"minecraft:chipped_anvil":1,"minecraft:oak_stairs":6,"bloomingnature:chestnut_sapling":2,"minecraft:pitcher_plant":1,"minecraft:crimson_planks":77,"alexscaves:spelunkery_table":1,"spartanshields:copper_basic_shield":52,"farmersdelight:cooking_pot":2,"tombstone:gift":7,"farmersdelight:tomato_seeds":96,"minecraft:cherry_fence":2,"another_furniture:oak_drawer":1,"minecraft:pumpkin":2,"bloomingnature:chestnut_door":2,"alexsdelight:cooked_bison":1,"minecraft:wheat_seeds":654,"alexsmobs:cooked_catfish":4,"minecraft:water_bucket":29,"minecraft:dirt_path":66,"minecraft:birch_planks":325,"minecraft:copper_block":1,"minecraft:baked_potato":192,"minecraft:cartography_table":1,"orcz:orcteeth_tool_pickaxe":1023,"minecraft:deepslate_bricks":72,"biomesoplenty:fir_slab":9,"another_furniture:oak_table":2,"minecraft:crafting_table":5,"minecraft:red_bed":1,"variantvanillablocks:birch_crafting_table":1,"minecraft:campfire":1,"orcz:orcamanita":1,"tombstone:bag_of_seeds":6,"minecraft:diamond_pickaxe":8,"orcz:orcteeth_tool_axe":701,"minecraft:oak_button":2,"minecraft:iron_pickaxe":501,"spartanshields:copper_tower_shield":77,"bloomingnature:chestnut_planks":258,"minecraft:stone_axe":307,"enchantinginfuser:enchanting_infuser":1,"minecraft:cobblestone":523,"aquaculture:stone_fillet_knife":9,"minecraft:bucket":33,"minecraft:pumpkin_pie":2,"minecraft:kelp":340},"minecraft:killed":{"minecraft:zombified_piglin":5,"minecraft:witch":2,"minecraft:spider":15,"enemyexpansion:equestrian":7,"aquaculture:gar":1,"aquaculture:smallmouth_bass":6,"aquaculture:muskellunge":1,"minecraft:skeleton":21,"bloomingnature:squirrel":1,"ecologics:coconut_crab":1,"aquaculture:perch":9,"aquaculture:carp":1,"minecraft:magma_cube":3,"minecraft:piglin":2,"orcz:weirdboinecro":2,"minecraft:pig":1,"minecraft:zombie_villager":1,"orcz:goblinsavagemace":29,"stalwart_dungeons:giddy_blaze":170,"minecraft:creeper":3,"aquaculture:minnow":7,"enemyexpansion:meature":4,"minecraft:zombie":52,"enemyexpansion:botfly":22,"alexsmobs:fly":1,"orcz:orcsavage_2sword":7,"orcz:snot":23,"orcz:orcshield":14,"enemyexpansion:wasp":2,"bloomingnature:deer":1,"aquaculture:bluegill":12,"enemyexpansion:direwolf":18,"minecraft:phantom":1,"stalwart_dungeons:nether_wart_cocoon":13,"aquaculture:brown_trout":1,"minecraft:drowned":2,"alexsmobs:bison":1,"orcz:orcsavagemace":7,"orcz:orcsavageweird":3,"aquaculture:rainbow_trout":1,"bloomingnature:raccoon":1,"enemyexpansion:sprinter":7,"alexsmobs:catfish":3,"enemyexpansion:huntsman":1,"alexsmobs:crow":2,"orcz:goblin_2sword":7,"minecraft:player":4},"minecraft:killed_by":{"minecraft:zombified_piglin":2,"minecraft:creeper":1,"orcz:orcsavage_2sword":3,"enemyexpansion:slugger":1,"orcz:goblinsavagemace":4,"enemyexpansion:sprinter":2,"enemyexpansion:invisicreeper":1,"minecraft:husk":1,"minecraft:player":2,"orcz:weirdboinecro":3,"minecraft:spider":1,"enemyexpansion:equestrian":5,"stalwart_dungeons:giddy_blaze":12,"enemyexpansion:botfly":2,"minecraft:skeleton":1,"orcz:orcshield":1},"minecraft:broken":{"orcz:orcteeth_tool_pickaxe":4,"spartanshields:copper_tower_shield":1,"minecraft:iron_boots":1,"minecraft:iron_chestplate":2,"spartanshields:copper_basic_shield":1,"minecraft:iron_leggings":2,"minecraft:stone_pickaxe":4,"minecraft:stone_axe":2,"orcz:orcteeth_tool_shovel":9,"orcz:orcteeth_armor_armor_boots":2,"minecraft:stone_shovel":6,"orcz:orcteeth_tool_axe":5,"orcz:orcteeth_tool_hoe":2,"minecraft:stone_hoe":2,"orcz:orcteeth_tool_sword":3,"minecraft:iron_pickaxe":2,"minecraft:iron_helmet":1},"minecraft:crafted":{"minecraft:brick":10,"minecraft:oak_planks":304,"orcz:orcteeth_armor_armor_boots":3,"spartanshields:wooden_tower_shield":1,"ecologics:walnut_planks":16,"bloomingnature:swamp_oak_door":3,"another_furniture:oak_chair":3,"minecraft:lightning_rod":1,"minecraft:stone":112,"orcz:orcteeth_tool_shovel":15,"aquaculture:fish_fillet_raw":19,"minecraft:deepslate_brick_stairs":28,"minecraft:bow":1,"minecraft:iron_boots":1,"minecraft:chest":8,"minecraft:oak_button":1,"minecraft:copper_block":1,"alexsmobs:cooked_catfish":4,"minecraft:dried_kelp_block":144,"minecraft:stone_hoe":2,"minecraft:stone_bricks":40,"minecraft:oak_fence":9,"farmersdelight:tomato_seeds":86,"minecraft:oak_slab":6,"minecraft:wooden_shovel":1,"biomesoplenty:jacaranda_planks":88,"enchantinginfuser:enchanting_infuser":1,"minecraft:crafting_table":4,"minecraft:wooden_pickaxe":1,"minecraft:baked_potato":294,"tombstone:decorative_grave_simple":1,"minecraft:copper_ingot":23,"minecraft:birch_planks":284,"minecraft:campfire":1,"biomesoplenty:jacaranda_fence":36,"minecraft:iron_chestplate":3,"orcz:orcteeth_tool_axe":7,"minecraft:diamond_pickaxe":1,"minecraft:charcoal":2,"minecraft:stick":208,"minecraft:iron_ingot":28,"ecologics:walnut_door":3,"minecraft:iron_pickaxe":2,"spartanshields:wooden_basic_shield":1,"another_furniture:oak_drawer":1,"minecraft:deepslate_bricks":112,"minecraft:shears":2,"bloomingnature:chestnut_planks":112,"minecraft:stone_shovel":6,"orcz:orcteeth_tool_sword":7,"minecraft:polished_deepslate_stairs":4,"another_furniture:oak_table":3,"minecraft:furnace":1,"minecraft:bone_meal":6,"spartanshields:copper_basic_shield":1,"minecraft:flint_and_steel":1,"alexsdelight:cooked_bison":1,"minecraft:polished_deepslate":112,"spartanshields:copper_tower_shield":1,"variantvanillablocks:birch_crafting_table":1,"minecraft:stone_pickaxe":5,"orcz:orcteeth_tool_pickaxe":5,"aquaculture:fish_fillet_cooked":15,"minecraft:dark_oak_planks":20,"aquaculture:wooden_fillet_knife":1,"alexsmobs:cooked_lobster_tail":2,"minecraft:dried_kelp":1458,"minecraft:nether_bricks":19,"aquaculture:diamond_fishing_rod":1,"tombstone:ankh_of_pray":1,"farmersdelight:cooking_pot":1,"minecraft:bucket":1,"minecraft:stone_axe":4,"minecraft:bread":60,"minecraft:air":0,"variantvanillablocks:birch_chest":6,"minecraft:oak_fence_gate":1,"orcz:orcteeth_tool_hoe":3,"tombstone:grave_plate":1,"minecraft:oak_stairs":8,"tombstone:dark_marble":3,"aquaculture:stone_fillet_knife":1,"minecraft:iron_leggings":3,"minecraft:torch":128},"minecraft:custom":{"minecraft:animals_bred":47,"minecraft:interact_with_crafting_table":219,"minecraft:open_barrel":3,"minecraft:eat_cake_slice":12,"minecraft:leave_game":17,"minecraft:time_since_death":134718,"minecraft:damage_resisted":170,"minecraft:sprint_one_cm":4998044,"minecraft:damage_blocked_by_shield":6331,"minecraft:drop":186,"minecraft:play_noteblock":28,"minecraft:talked_to_villager":1,"minecraft:play_time":1063658,"minecraft:deaths":48,"minecraft:jump":15314,"minecraft:walk_on_water_one_cm":227234,"minecraft:enchant_item":4,"minecraft:interact_with_furnace":357,"minecraft:interact_with_loom":3,"minecraft:sleep_in_bed":14,"minecraft:waystone_activated":1,"tombstone:sneak_grave":6,"minecraft:damage_dealt":75603,"minecraft:player_kills":4,"minecraft:crouch_one_cm":123939,"tombstone:undead_killed":101,"minecraft:interact_with_smoker":4,"minecraft:horse_one_cm":4404,"minecraft:interact_with_anvil":8,"minecraft:mob_kills":507,"minecraft:damage_dealt_resisted":1617,"minecraft:walk_one_cm":3822368,"tombstone:consume_soul":1,"minecraft:sneak_time":35423,"minecraft:walk_under_water_one_cm":164613,"minecraft:boat_one_cm":118686,"minecraft:interact_with_blast_furnace":16,"minecraft:total_world_time":1063658,"spartanshields:shield_bash_hits":9,"tombstone:raider_killed":3,"minecraft:tune_noteblock":6,"tombstone:pray_on_grave":1,"minecraft:time_since_rest":53270,"minecraft:damage_taken":26190,"minecraft:swim_one_cm":367672,"minecraft:fly_one_cm":3454751,"minecraft:open_chest":604,"minecraft:fish_caught":35,"minecraft:fall_one_cm":272933}},"DataVersion":3465}