{"stats":{"minecraft:broken":{"orcz:orcteeth_tool_pickaxe":2,"minecraft:shield":1,"orcz:orcteeth_tool_sword":1,"minecraft:iron_pickaxe":2,"minecraft:iron_helmet":1},"minecraft:used":{"bloomingnature:swamp_oak_door":2,"minecraft:shield":34,"minecraft:chest":12,"minecraft:iron_sword":359,"minecraft:rotten_flesh":15,"minecraft:iron_chestplate":1,"travelersbackpack:hay":4,"minecraft:carrot":8,"minecraft:tuff":1,"minecraft:iron_helmet":2,"minecraft:furnace":1,"minecraft:oak_sapling":2,"minecraft:potato":676,"travelersbackpack:spider":3,"aquaculture:atlantic_herring":2,"minecraft:oak_planks":12,"minecraft:sugar_cane":169,"minecraft:golden_apple":1,"minecraft:blast_furnace":4,"minecraft:note_block":3,"minecraft:black_bed":1,"orcz:orcteeth_tool_sword":258,"bloomingnature:swamp_oak_sapling":1,"minecraft:cyan_bed":7,"minecraft:bread":4,"spartanshields:diamond_tower_shield":1,"minecraft:gravel":2,"ecologics:coconut_slice":2,"minecraft:fire_charge":1,"minecraft:bone_meal":163,"minecraft:experience_bottle":3,"minecraft:rose_bush":1,"minecraft:enchanting_table":1,"mcdw:pick_diamond_pickaxe_var":231,"minecraft:cooked_chicken":4,"minecraft:netherrack":47,"minecraft:torch":224,"mcdw:sword_diamond_sword_var":41,"minecraft:dirt":274,"minecraft:spyglass":103,"minecraft:anvil":1,"minecraft:granite":9,"farmersdelight:rope":1,"minecraft:iron_hoe":30,"minecraft:bookshelf":13,"minecraft:iron_boots":1,"minecraft:golden_carrot":1,"tombstone:gift":8,"minecraft:cooked_beef":3,"minecraft:cobbled_deepslate":80,"minecraft:iron_leggings":1,"minecraft:wheat_seeds":107,"minecraft:cooked_mutton":3,"minecraft:water_bucket":68,"minecraft:baked_potato":111,"minecraft:red_nether_bricks":1,"orcz:orcteeth_tool_pickaxe":503,"minecraft:cobblestone_slab":2,"spartanshields:iron_tower_shield":36,"minecraft:crafting_table":3,"minecraft:cake":1,"minecraft:smoker":3,"bloomingnature:bluebell":1,"orcz:orcteeth_tool_axe":292,"minecraft:iron_pickaxe":727,"travelersbackpack:white_sleeping_bag":5,"minecraft:cobblestone":178,"minecraft:cooked_porkchop":16,"minecraft:bucket":75,"minecraft:pumpkin_pie":8,"minecraft:stripped_oak_log":2,"minecraft:dandelion":1},"minecraft:crafted":{"minecraft:oak_planks":280,"minecraft:cooked_chicken":2,"spartanshields:wooden_tower_shield":2,"bloomingnature:swamp_oak_door":3,"minecraft:bookshelf":16,"mcdw:sword_diamond_sword_var":1,"minecraft:cooked_mutton":2,"minecraft:diamond_helmet":1,"minecraft:diamond_leggings":1,"minecraft:iron_boots":1,"minecraft:chest":9,"minecraft:dried_kelp_block":147,"minecraft:golden_boots":1,"minecraft:smoker":3,"spartanshields:diamond_tower_shield":1,"minecraft:cooked_porkchop":10,"minecraft:crafting_table":2,"spartanshields:iron_tower_shield":1,"minecraft:baked_potato":690,"minecraft:iron_helmet":1,"bloomingnature:swamp_oak_planks":100,"orcz:orcteeth_tool_axe":2,"minecraft:iron_chestplate":1,"minecraft:shield":1,"minecraft:stick":132,"minecraft:iron_ingot":86,"minecraft:iron_pickaxe":3,"minecraft:iron_block":2,"minecraft:gold_ingot":25,"orcz:orcteeth_tool_sword":1,"minecraft:spyglass":3,"minecraft:bone_meal":117,"orcz:orcteeth_tool_pickaxe":2,"mcdw:pick_diamond_pickaxe_var":1,"minecraft:diamond_boots":1,"minecraft:enchanting_table":1,"minecraft:dried_kelp":1314,"minecraft:iron_sword":3,"minecraft:bucket":1,"minecraft:bread":4,"minecraft:air":0,"minecraft:iron_leggings":1,"minecraft:anvil":1,"minecraft:torch":448,"minecraft:diamond_chestplate":1},"minecraft:mined":{"stalwart_dungeons:spore_vaporizer":12,"minecraft:red_nether_bricks":3,"biomesoplenty:brimstone":4,"minecraft:granite":4,"minecraft:grass_block":17,"minecraft:cracked_polished_blackstone_bricks":7,"bloomingnature:freesia_pink":1,"bloomingnature:genisteae":3,"minecraft:oxeye_daisy":1,"minecraft:polished_blackstone_bricks":7,"minecraft:weeping_vines_plant":1,"minecraft:tall_seagrass":16,"minecraft:iron_ore":90,"minecraft:cobbled_deepslate":5,"minecraft:fire":17,"minecraft:brown_mushroom":1,"minecraft:kelp_plant":277,"stalwart_dungeons:transient_block_close":10,"minecraft:amethyst_cluster":4,"biomesoplenty:brimstone_fumarole":1,"minecraft:note_block":2,"bloomingnature:swamp_oak_door":1,"minecraft:blast_furnace":5,"minecraft:poppy":3,"minecraft:chest":3,"minecraft:nether_quartz_ore":532,"minecraft:cobblestone":13,"minecraft:cyan_bed":6,"minecraft:sugar_cane":322,"minecraft:wall_torch":8,"minecraft:seagrass":12,"minecraft:wheat":171,"minecraft:black_bed":2,"minecraft:grass":338,"minecraft:oak_log":88,"minecraft:dirt":56,"minecraft:netherrack":136,"minecraft:oak_leaves":2,"minecraft:deepslate":74,"minecraft:nether_gold_ore":10,"minecraft:diamond_ore":1,"minecraft:tuff":5,"minecraft:deepslate_diamond_ore":27,"minecraft:nether_bricks":13,"travelersbackpack:white_sleeping_bag":4,"minecraft:kelp":44,"minecraft:cracked_nether_bricks":2,"minecraft:large_fern":59,"minecraft:furnace":4,"minecraft:carrots":8,"minecraft:andesite":14,"minecraft:gold_block":1,"bloomingnature:swamp_oak_leaves":3,"minecraft:bookshelf":20,"minecraft:potatoes":379,"farmersdelight:rope":1,"minecraft:deepslate_iron_ore":52,"biomesoplenty:brimstone_bud":1,"minecraft:stripped_oak_log":9,"bloomingnature:bluebell":4,"minecraft:stone":190,"minecraft:cake":1,"travelersbackpack:spider":1,"minecraft:lily_of_the_valley":2,"minecraft:basalt":2,"minecraft:dandelion":1,"minecraft:oak_fence":1,"minecraft:crafting_table":3,"minecraft:cornflower":1,"minecraft:rose_bush":2,"minecraft:tall_grass":187,"minecraft:deepslate_coal_ore":11,"minecraft:lapis_ore":5,"minecraft:deepslate_gold_ore":7,"minecraft:diorite":7,"bloomingnature:swamp_oak_log":28,"minecraft:coal_ore":164,"minecraft:gravel":1,"minecraft:cobweb":29,"minecraft:gold_ore":1,"minecraft:fern":30},"minecraft:killed":{"minecraft:cave_spider":2,"minecraft:spider":8,"enemyexpansion:equestrian":2,"minecraft:skeleton":18,"bloomingnature:squirrel":1,"aquaculture:atlantic_herring":2,"minecraft:piglin_brute":1,"minecraft:piglin":2,"minecraft:pig":4,"minecraft:zombie_villager":1,"stalwart_dungeons:giddy_blaze":12,"minecraft:creeper":2,"minecraft:sheep":3,"minecraft:trader_llama":2,"minecraft:zombie":17,"enemyexpansion:botfly":6,"orcz:orcsavage_2sword":1,"bloomingnature:owl":1,"bloomingnature:deer":1,"minecraft:slime":6,"enemyexpansion:direwolf":10,"bloomingnature:turkey":4,"stalwart_dungeons:nether_wart_cocoon":8,"minecraft:drowned":1,"enemyexpansion:goblin":2,"alexsmobs:flying_fish":1,"enemyexpansion:sprinter":2,"minecraft:wandering_trader":1,"enemyexpansion:huntsman":4,"minecraft:enderman":1,"enemyexpansion:slugger":2},"minecraft:killed_by":{"enemyexpansion:slugger":1,"minecraft:player":4,"stalwart_dungeons:giddy_blaze":8},"minecraft:picked_up":{"minecraft:iron_chestplate":1,"minecraft:wheat":154,"minecraft:lead":2,"enemyexpansion:wasp_thorax":1,"alexscaves:cave_tablet":1,"minecraft:potion":1,"minecraft:enchanted_book":3,"minecraft:nether_brick":34,"travelersbackpack:spider":2,"minecraft:string":37,"minecraft:red_nether_bricks":1,"minecraft:iron_leggings":1,"minecraft:experience_bottle":2,"biomesoplenty:brimstone":3,"minecraft:gold_nugget":36,"minecraft:cobbled_deepslate":110,"minecraft:rose_bush":2,"minecraft:cobblestone_slab":2,"minecraft:netherite_upgrade_smithing_template":1,"minecraft:iron_pickaxe":1,"minecraft:iron_boots":1,"ecologics:crab_claw":1,"minecraft:furnace":4,"orcz:orcskull":1,"minecraft:oak_fence":3,"minecraft:torch":36,"minecraft:porkchop":10,"tombstone:grave_dust":10,"minecraft:diorite":7,"alexsmobs:centipede_leg":2,"minecraft:stone_sword":1,"minecraft:rotten_flesh":33,"mcdw:pick_diamond_pickaxe_var":1,"farmersdelight:rope":1,"minecraft:blaze_rod":13,"minecraft:obsidian":2,"minecraft:cobblestone":200,"alexsmobs:flying_fish":1,"minecraft:feather":1,"minecraft:cooked_beef":5,"orcz:orcteeth":15,"minecraft:water_bucket":1,"minecraft:andesite":13,"minecraft:black_bed":2,"minecraft:potato":1350,"minecraft:flint":1,"minecraft:tuff":5,"minecraft:lapis_lazuli":38,"minecraft:dirt":99,"mcda:ghostly_armor_leggings":1,"minecraft:bone":40,"bloomingnature:bluebell":3,"minecraft:bow":1,"minecraft:wheat_seeds":582,"minecraft:raw_gold":11,"minecraft:oak_planks":28,"aquaculture:atlantic_herring":2,"minecraft:ghast_tear":1,"minecraft:cooked_porkchop":6,"minecraft:poisonous_potato":12,"minecraft:cyan_bed":7,"minecraft:lily_of_the_valley":1,"minecraft:spectral_arrow":18,"travelersbackpack:white_sleeping_bag":6,"minecraft:bundle":4,"stalwart_dungeons:spore_vaporizer":5,"minecraft:diamond":44,"bloomingnature:swamp_oak_log":25,"minecraft:cracked_polished_blackstone_bricks":5,"minecraft:granite":3,"minecraft:bone_meal":46,"minecraft:oak_sapling":2,"minecraft:netherrack":127,"minecraft:crafting_table":2,"travelersbackpack:hay":1,"minecraft:chicken":4,"minecraft:nether_wart":4,"minecraft:brown_mushroom":4,"minecraft:cornflower":1,"alexsmobs:pigshoes":1,"minecraft:iron_nugget":12,"minecraft:poppy":2,"minecraft:chest":3,"minecraft:sugar_cane":385,"minecraft:egg":1,"minecraft:raw_iron":212,"ecologics:coconut_slice":2,"minecraft:note_block":2,"minecraft:fire_charge":1,"minecraft:polished_blackstone_bricks":7,"minecraft:cake":1,"minecraft:carrot":25,"minecraft:weeping_vines":1,"minecraft:arrow":31,"minecraft:beetroot_seeds":1,"minecraft:pumpkin_pie":1,"minecraft:nether_bricks":16,"minecraft:gold_ingot":21,"minecraft:mutton":4,"minecraft:skeleton_skull":1,"minecraft:white_wool":3,"minecraft:stripped_oak_log":9,"minecraft:golden_carrot":1,"minecraft:leather":6,"bloomingnature:genisteae":1,"minecraft:oak_log":86,"biomesoplenty:jacaranda_planks":2,"minecraft:gunpowder":12,"minecraft:paper":1,"tombstone:gift":1,"minecraft:cooked_mutton":1,"bloomingnature:swamp_oak_door":2,"bloomingnature:swamp_oak_sapling":1,"minecraft:kelp":1155,"minecraft:iron_ingot":10,"minecraft:stone_pickaxe":1,"tombstone:bag_of_seeds":1,"minecraft:glass_bottle":1,"minecraft:soul_sand":6,"stalwart_dungeons:transient_block_close":8,"minecraft:book":61,"minecraft:quartz":535,"minecraft:dandelion":1,"minecraft:spyglass":1,"minecraft:gravel":12,"minecraft:amethyst_shard":16,"minecraft:blast_furnace":6,"minecraft:crying_obsidian":4,"minecraft:spider_eye":3,"minecraft:slime_ball":6,"minecraft:iron_helmet":1,"minecraft:baked_potato":51,"tombstone:magic_scroll":1,"minecraft:coal":216,"minecraft:ender_pearl":4},"minecraft:custom":{"minecraft:interact_with_crafting_table":79,"minecraft:open_barrel":9,"minecraft:leave_game":6,"minecraft:time_since_death":74663,"minecraft:damage_resisted":229,"minecraft:sprint_one_cm":1414850,"minecraft:damage_blocked_by_shield":5200,"minecraft:drop":132,"minecraft:play_noteblock":61,"minecraft:play_time":429235,"minecraft:deaths":16,"minecraft:jump":10353,"minecraft:walk_on_water_one_cm":104300,"minecraft:enchant_item":1,"minecraft:interact_with_furnace":310,"minecraft:interact_with_loom":4,"minecraft:sleep_in_bed":6,"minecraft:damage_dealt":22144,"minecraft:player_kills":1,"minecraft:crouch_one_cm":119358,"tombstone:undead_killed":47,"tombstone:villager_killed":1,"minecraft:interact_with_smoker":88,"minecraft:interact_with_anvil":1,"minecraft:mob_kills":135,"minecraft:damage_dealt_resisted":46,"minecraft:climb_one_cm":3245,"minecraft:walk_one_cm":691737,"minecraft:sneak_time":43331,"minecraft:walk_under_water_one_cm":62150,"minecraft:interact_with_blast_furnace":32,"minecraft:total_world_time":429235,"spartanshields:shield_bash_hits":4,"minecraft:tune_noteblock":124,"minecraft:time_since_rest":73752,"minecraft:damage_taken":10970,"minecraft:damage_absorbed":40,"minecraft:swim_one_cm":178507,"minecraft:fly_one_cm":1736865,"minecraft:open_chest":370,"minecraft:fall_one_cm":237896},"minecraft:dropped":{"minecraft:cooked_beef":1,"minecraft:baked_potato":117,"orcz:orcskull":1,"minecraft:diamond":18,"minecraft:weeping_vines":1,"mcdw:pick_diamond_pickaxe_var":1,"minecraft:cornflower":1,"minecraft:amethyst_shard":11,"minecraft:iron_pickaxe":1,"minecraft:gold_ingot":36,"minecraft:gravel":10,"minecraft:spyglass":2,"minecraft:nether_brick":11,"minecraft:wheat":1,"bloomingnature:genisteae":1,"travelersbackpack:hay":2,"farmersdelight:rope":1,"minecraft:arrow":3,"minecraft:crying_obsidian":4,"bloomingnature:bluebell":2,"minecraft:golden_boots":1,"minecraft:water_bucket":1,"minecraft:enchanted_book":1,"minecraft:iron_ingot":11,"minecraft:wheat_seeds":227,"minecraft:oak_fence":1,"minecraft:iron_helmet":2,"minecraft:cobblestone":10,"minecraft:book":1,"biomesoplenty:jacaranda_planks":2,"minecraft:dried_kelp_block":24,"tombstone:magic_scroll":1,"minecraft:torch":29,"biomesoplenty:brimstone":3,"tombstone:grave_dust":7,"minecraft:iron_leggings":1,"bloomingnature:swamp_oak_door":2,"minecraft:string":1,"minecraft:kelp":7,"minecraft:nether_wart":4,"minecraft:iron_boots":2,"minecraft:nether_bricks":9,"minecraft:lily_of_the_valley":1,"minecraft:blast_furnace":1,"minecraft:bundle":1,"minecraft:iron_chestplate":1,"minecraft:slime_ball":6}},"DataVersion":3465}