{"stats":{"minecraft:broken":{"orcz:orcteeth_tool_pickaxe":2,"minecraft:shield":1,"orcz:orcteeth_tool_sword":1,"minecraft:iron_pickaxe":2,"minecraft:iron_helmet":1},"minecraft:used":{"bloomingnature:swamp_oak_door":2,"minecraft:shield":34,"minecraft:chest":14,"minecraft:iron_sword":359,"minecraft:rotten_flesh":20,"minecraft:iron_chestplate":1,"travelersbackpack:hay":4,"minecraft:carrot":8,"minecraft:tuff":1,"minecraft:iron_helmet":2,"minecraft:furnace":3,"minecraft:oak_sapling":2,"minecraft:potato":820,"travelersbackpack:spider":3,"aquaculture:atlantic_herring":2,"minecraft:oak_planks":12,"minecraft:sugar_cane":169,"minecraft:golden_apple":1,"minecraft:blast_furnace":11,"minecraft:note_block":3,"minecraft:black_bed":2,"orcz:orcteeth_tool_sword":258,"bloomingnature:swamp_oak_sapling":1,"minecraft:cyan_bed":7,"minecraft:bread":4,"spartanshields:diamond_tower_shield":6,"minecraft:gravel":2,"ecologics:coconut_slice":2,"minecraft:fire_charge":1,"minecraft:oak_boat":2,"minecraft:bone_meal":235,"minecraft:experience_bottle":3,"minecraft:rose_bush":1,"minecraft:enchanting_table":1,"mcdw:pick_diamond_pickaxe_var":880,"minecraft:cooked_chicken":4,"minecraft:netherrack":47,"minecraft:torch":403,"mcdw:sword_diamond_sword_var":214,"minecraft:dirt":291,"minecraft:spyglass":110,"minecraft:anvil":1,"minecraft:granite":10,"farmersdelight:rope":1,"minecraft:iron_hoe":30,"minecraft:bookshelf":13,"minecraft:iron_axe":57,"minecraft:iron_boots":1,"minecraft:golden_carrot":1,"tombstone:gift":9,"minecraft:cooked_beef":3,"minecraft:cobbled_deepslate":113,"minecraft:iron_leggings":1,"minecraft:wheat_seeds":107,"minecraft:cooked_mutton":3,"minecraft:water_bucket":84,"minecraft:baked_potato":151,"minecraft:red_nether_bricks":1,"orcz:orcteeth_tool_pickaxe":503,"minecraft:cobblestone_slab":2,"spartanshields:iron_tower_shield":36,"minecraft:crafting_table":4,"minecraft:cake":1,"minecraft:smoker":11,"bloomingnature:bluebell":1,"orcz:orcteeth_tool_axe":293,"minecraft:iron_pickaxe":727,"travelersbackpack:white_sleeping_bag":5,"minecraft:cobblestone":262,"minecraft:cooked_porkchop":16,"minecraft:bucket":91,"minecraft:pumpkin_pie":8,"minecraft:stripped_oak_log":2,"minecraft:kelp":19,"minecraft:dandelion":1},"minecraft:crafted":{"minecraft:smooth_stone":10,"minecraft:oak_planks":280,"minecraft:cooked_chicken":2,"spartanshields:wooden_tower_shield":2,"bloomingnature:swamp_oak_door":3,"minecraft:stone":76,"minecraft:bookshelf":16,"mcdw:sword_diamond_sword_var":1,"minecraft:cooked_mutton":2,"minecraft:diamond_helmet":1,"minecraft:diamond_leggings":1,"minecraft:iron_boots":1,"minecraft:chest":11,"minecraft:dried_kelp_block":247,"minecraft:raw_iron_block":20,"minecraft:golden_boots":1,"minecraft:smoker":10,"spartanshields:diamond_tower_shield":1,"minecraft:cooked_porkchop":10,"minecraft:crafting_table":2,"spartanshields:iron_tower_shield":1,"minecraft:baked_potato":894,"minecraft:iron_helmet":1,"bloomingnature:swamp_oak_planks":100,"orcz:orcteeth_tool_axe":2,"minecraft:iron_chestplate":1,"minecraft:shield":1,"minecraft:stick":132,"minecraft:iron_ingot":403,"minecraft:iron_pickaxe":3,"minecraft:iron_block":2,"minecraft:gold_ingot":101,"minecraft:raw_iron":172,"orcz:orcteeth_tool_sword":1,"minecraft:spyglass":3,"minecraft:furnace":3,"minecraft:blast_furnace":3,"minecraft:bone_meal":189,"minecraft:iron_axe":1,"orcz:orcteeth_tool_pickaxe":2,"mcdw:pick_diamond_pickaxe_var":1,"minecraft:diamond_boots":1,"minecraft:enchanting_table":1,"minecraft:dried_kelp":2097,"minecraft:iron_sword":3,"minecraft:bucket":1,"minecraft:bread":4,"minecraft:air":0,"minecraft:oak_boat":2,"minecraft:iron_leggings":1,"minecraft:anvil":1,"minecraft:torch":448,"minecraft:diamond_chestplate":1},"minecraft:mined":{"stalwart_dungeons:spore_vaporizer":12,"minecraft:red_nether_bricks":3,"biomesoplenty:brimstone":7,"minecraft:granite":18,"minecraft:grass_block":21,"minecraft:cracked_polished_blackstone_bricks":7,"bloomingnature:freesia_pink":1,"bloomingnature:genisteae":3,"minecraft:oxeye_daisy":1,"minecraft:polished_blackstone_bricks":7,"minecraft:weeping_vines_plant":1,"minecraft:tall_seagrass":16,"minecraft:magma_block":1,"minecraft:iron_ore":130,"minecraft:cobbled_deepslate":5,"minecraft:fire":20,"minecraft:deepslate_lapis_ore":5,"minecraft:deepslate_redstone_ore":6,"minecraft:brown_mushroom":1,"minecraft:kelp_plant":472,"biomesoplenty:jacaranda_planks":1,"minecraft:smoker":1,"stalwart_dungeons:transient_block_close":12,"minecraft:amethyst_cluster":4,"biomesoplenty:brimstone_fumarole":1,"minecraft:note_block":2,"bloomingnature:swamp_oak_door":1,"minecraft:blast_furnace":8,"minecraft:calcite":6,"minecraft:poppy":3,"minecraft:chest":3,"minecraft:nether_quartz_ore":532,"minecraft:cobblestone":13,"minecraft:cyan_bed":6,"minecraft:sugar_cane":323,"minecraft:wall_torch":19,"minecraft:amethyst_block":5,"minecraft:seagrass":12,"minecraft:wheat":172,"minecraft:black_bed":3,"minecraft:grass":356,"minecraft:oak_log":112,"minecraft:dirt":70,"minecraft:smooth_basalt":4,"minecraft:netherrack":136,"minecraft:oak_leaves":2,"minecraft:deepslate":186,"minecraft:nether_gold_ore":10,"minecraft:diamond_ore":1,"minecraft:tuff":11,"minecraft:deepslate_diamond_ore":35,"minecraft:nether_bricks":13,"travelersbackpack:white_sleeping_bag":4,"minecraft:kelp":86,"minecraft:cracked_nether_bricks":2,"minecraft:large_fern":73,"minecraft:furnace":13,"minecraft:carrots":8,"minecraft:andesite":17,"minecraft:gold_block":1,"bloomingnature:swamp_oak_leaves":3,"minecraft:bookshelf":20,"minecraft:potatoes":523,"farmersdelight:rope":1,"minecraft:deepslate_iron_ore":108,"biomesoplenty:brimstone_bud":1,"minecraft:stripped_oak_log":9,"bloomingnature:bluebell":4,"minecraft:stone":442,"minecraft:cake":1,"travelersbackpack:spider":1,"minecraft:lily_of_the_valley":2,"minecraft:basalt":2,"minecraft:dandelion":1,"minecraft:oak_fence":1,"minecraft:crafting_table":4,"minecraft:cornflower":1,"minecraft:rose_bush":2,"minecraft:tall_grass":200,"minecraft:deepslate_coal_ore":11,"minecraft:lapis_ore":5,"minecraft:deepslate_gold_ore":28,"minecraft:diorite":7,"bloomingnature:swamp_oak_log":29,"minecraft:coal_ore":238,"minecraft:gravel":1,"minecraft:cobweb":34,"minecraft:chipped_anvil":2,"minecraft:gold_ore":12,"minecraft:fern":40},"minecraft:killed":{"minecraft:cave_spider":2,"minecraft:spider":10,"enemyexpansion:equestrian":3,"minecraft:skeleton":28,"bloomingnature:squirrel":1,"minecraft:silverfish":2,"orcz:squig":2,"aquaculture:atlantic_herring":2,"minecraft:piglin_brute":1,"minecraft:piglin":2,"minecraft:pig":4,"minecraft:zombie_villager":1,"stalwart_dungeons:giddy_blaze":12,"minecraft:creeper":2,"minecraft:sheep":3,"minecraft:trader_llama":2,"minecraft:pillager":2,"minecraft:zombie":24,"enemyexpansion:botfly":8,"orcz:orcsavage_2sword":1,"bloomingnature:owl":1,"bloomingnature:deer":1,"minecraft:slime":6,"enemyexpansion:direwolf":14,"bloomingnature:turkey":4,"minecraft:phantom":1,"enemyexpansion:silverqueen":1,"stalwart_dungeons:nether_wart_cocoon":8,"minecraft:drowned":1,"enemyexpansion:goblin":2,"alexsmobs:flying_fish":1,"enemyexpansion:sprinter":2,"minecraft:wandering_trader":1,"enemyexpansion:huntsman":4,"minecraft:enderman":2,"enemyexpansion:slugger":3},"minecraft:killed_by":{"enemyexpansion:slugger":1,"minecraft:player":4,"stalwart_dungeons:giddy_blaze":8},"minecraft:picked_up":{"farmersdelight:cabbage_rolls":2,"minecraft:iron_chestplate":1,"minecraft:wheat":156,"minecraft:creeper_head":1,"minecraft:lead":2,"enemyexpansion:wasp_thorax":1,"alexscaves:cave_tablet":1,"minecraft:potion":1,"minecraft:enchanted_book":3,"minecraft:nether_brick":34,"travelersbackpack:spider":2,"minecraft:amethyst_block":10,"minecraft:string":44,"minecraft:red_nether_bricks":1,"minecraft:iron_leggings":1,"minecraft:experience_bottle":2,"biomesoplenty:brimstone":6,"minecraft:smooth_stone":1,"minecraft:gold_nugget":36,"minecraft:cobbled_deepslate":209,"minecraft:rose_bush":2,"minecraft:cobblestone_slab":2,"minecraft:calcite":12,"minecraft:netherite_upgrade_smithing_template":1,"minecraft:iron_pickaxe":1,"minecraft:iron_boots":1,"ecologics:crab_claw":1,"minecraft:furnace":13,"orcz:orcskull":1,"minecraft:oak_fence":3,"minecraft:torch":50,"minecraft:porkchop":10,"minecraft:dried_kelp":49,"tombstone:grave_dust":11,"minecraft:diorite":8,"alexsmobs:centipede_leg":2,"minecraft:stone_sword":1,"minecraft:rotten_flesh":51,"mcdw:pick_diamond_pickaxe_var":1,"farmersdelight:rope":1,"minecraft:blaze_rod":13,"minecraft:obsidian":2,"minecraft:cobblestone":526,"alexsmobs:flying_fish":1,"minecraft:feather":1,"minecraft:cooked_beef":5,"orcz:orcteeth":33,"minecraft:water_bucket":1,"minecraft:andesite":24,"minecraft:black_bed":4,"minecraft:smoker":1,"minecraft:potato":1831,"minecraft:flint":1,"minecraft:tuff":14,"minecraft:lapis_lazuli":95,"minecraft:dirt":115,"mcda:ghostly_armor_leggings":1,"minecraft:bone":57,"minecraft:chipped_anvil":1,"bloomingnature:bluebell":3,"minecraft:bow":2,"minecraft:wheat_seeds":656,"minecraft:raw_gold":83,"minecraft:oak_planks":28,"aquaculture:atlantic_herring":2,"friendsandfoes:totem_of_freezing":1,"minecraft:ghast_tear":1,"minecraft:cooked_porkchop":6,"orcz:skullwand":2,"minecraft:poisonous_potato":18,"minecraft:sand":1,"minecraft:cyan_bed":7,"minecraft:lily_of_the_valley":1,"minecraft:spectral_arrow":18,"travelersbackpack:white_sleeping_bag":6,"minecraft:bundle":4,"stalwart_dungeons:spore_vaporizer":5,"minecraft:diamond":62,"bloomingnature:swamp_oak_log":25,"minecraft:cracked_polished_blackstone_bricks":5,"minecraft:granite":10,"minecraft:bone_meal":46,"minecraft:oak_sapling":2,"minecraft:netherrack":127,"minecraft:crafting_table":3,"travelersbackpack:hay":1,"minecraft:chicken":4,"minecraft:nether_wart":4,"minecraft:brown_mushroom":4,"minecraft:cornflower":1,"alexsmobs:pigshoes":1,"minecraft:iron_nugget":12,"minecraft:poppy":2,"minecraft:chest":3,"minecraft:sugar_cane":387,"minecraft:phantom_membrane":2,"minecraft:egg":1,"minecraft:raw_iron":465,"minecraft:stone":28,"ecologics:coconut_slice":2,"minecraft:note_block":2,"minecraft:fire_charge":1,"minecraft:polished_blackstone_bricks":7,"minecraft:cake":1,"minecraft:carrot":25,"minecraft:weeping_vines":1,"minecraft:arrow":46,"minecraft:beetroot_seeds":1,"minecraft:pumpkin_pie":1,"minecraft:nether_bricks":16,"minecraft:gold_ingot":21,"minecraft:mutton":4,"minecraft:skeleton_skull":1,"minecraft:white_wool":3,"minecraft:stripped_oak_log":9,"minecraft:golden_carrot":1,"minecraft:leather":6,"bloomingnature:genisteae":1,"minecraft:oak_log":110,"biomesoplenty:jacaranda_planks":3,"minecraft:gunpowder":14,"minecraft:paper":1,"tombstone:gift":3,"minecraft:cooked_mutton":1,"bloomingnature:swamp_oak_door":2,"bloomingnature:swamp_oak_sapling":1,"minecraft:kelp":2117,"minecraft:iron_ingot":28,"minecraft:stone_pickaxe":1,"tombstone:bag_of_seeds":1,"mcda:evocation_robe_chestplate":1,"minecraft:glass_bottle":1,"minecraft:iron_sword":1,"minecraft:soul_sand":6,"stalwart_dungeons:transient_block_close":10,"minecraft:book":61,"minecraft:smooth_basalt":8,"minecraft:quartz":535,"minecraft:dandelion":1,"minecraft:spyglass":1,"minecraft:raw_iron_block":12,"minecraft:gravel":12,"minecraft:amethyst_shard":16,"minecraft:blast_furnace":9,"minecraft:gold_ore":2,"minecraft:crying_obsidian":4,"minecraft:spider_eye":5,"minecraft:dried_kelp_block":93,"minecraft:slime_ball":6,"minecraft:iron_helmet":1,"minecraft:baked_potato":51,"tombstone:magic_scroll":2,"minecraft:coal":389,"minecraft:ender_pearl":6},"minecraft:custom":{"minecraft:interact_with_crafting_table":105,"minecraft:open_barrel":11,"minecraft:leave_game":6,"minecraft:time_since_death":158663,"minecraft:damage_resisted":229,"minecraft:sprint_one_cm":1612338,"minecraft:damage_blocked_by_shield":5590,"minecraft:drop":196,"minecraft:play_noteblock":61,"minecraft:play_time":513235,"minecraft:deaths":16,"minecraft:jump":12451,"minecraft:walk_on_water_one_cm":118663,"minecraft:enchant_item":2,"minecraft:interact_with_furnace":349,"minecraft:interact_with_loom":5,"minecraft:sleep_in_bed":6,"minecraft:damage_dealt":30187,"minecraft:player_kills":1,"minecraft:crouch_one_cm":147910,"tombstone:undead_killed":67,"tombstone:villager_killed":1,"minecraft:interact_with_smoker":216,"minecraft:interact_with_smithing_table":5,"minecraft:interact_with_anvil":1,"minecraft:mob_kills":181,"minecraft:damage_dealt_resisted":1206,"minecraft:climb_one_cm":3245,"minecraft:walk_one_cm":820418,"minecraft:sneak_time":50896,"minecraft:walk_under_water_one_cm":69892,"minecraft:boat_one_cm":53640,"minecraft:interact_with_blast_furnace":75,"minecraft:total_world_time":513235,"spartanshields:shield_bash_hits":5,"tombstone:raider_killed":3,"minecraft:tune_noteblock":124,"minecraft:time_since_rest":157752,"minecraft:damage_taken":12611,"minecraft:damage_absorbed":40,"tombstone:cast_on_ally":1,"minecraft:swim_one_cm":210346,"minecraft:fly_one_cm":1985713,"minecraft:open_chest":434,"minecraft:fall_one_cm":286446},"minecraft:dropped":{"minecraft:gold_ore":2,"minecraft:iron_sword":2,"minecraft:cooked_beef":1,"minecraft:baked_potato":117,"orcz:orcskull":1,"minecraft:diamond":22,"minecraft:weeping_vines":1,"minecraft:black_bed":1,"mcdw:pick_diamond_pickaxe_var":1,"minecraft:dirt":32,"orcz:orcteeth_tool_axe":1,"minecraft:cornflower":1,"minecraft:amethyst_shard":11,"minecraft:phantom_membrane":2,"minecraft:iron_pickaxe":1,"minecraft:gold_ingot":36,"minecraft:gravel":10,"minecraft:sugar_cane":2,"minecraft:spyglass":2,"minecraft:cobbled_deepslate":24,"minecraft:nether_brick":11,"minecraft:wheat":3,"tombstone:gift":2,"minecraft:rotten_flesh":5,"bloomingnature:genisteae":1,"travelersbackpack:hay":2,"farmersdelight:rope":1,"minecraft:arrow":3,"minecraft:crying_obsidian":4,"bloomingnature:bluebell":2,"minecraft:golden_boots":1,"minecraft:water_bucket":1,"minecraft:enchanted_book":1,"minecraft:iron_ingot":72,"minecraft:wheat_seeds":232,"minecraft:poisonous_potato":6,"minecraft:oak_fence":1,"minecraft:iron_helmet":2,"minecraft:cobblestone":116,"minecraft:book":1,"minecraft:amethyst_block":10,"minecraft:granite":7,"biomesoplenty:jacaranda_planks":2,"minecraft:dried_kelp_block":24,"minecraft:diorite":2,"tombstone:magic_scroll":1,"minecraft:torch":29,"biomesoplenty:brimstone":6,"tombstone:grave_dust":8,"minecraft:iron_leggings":1,"bloomingnature:swamp_oak_door":2,"minecraft:string":1,"minecraft:smooth_basalt":8,"minecraft:kelp":7,"minecraft:nether_wart":4,"minecraft:tuff":9,"minecraft:iron_boots":2,"orcz:skullwand":2,"minecraft:nether_bricks":9,"minecraft:lily_of_the_valley":1,"minecraft:blast_furnace":1,"orcz:orcteeth":15,"minecraft:bundle":1,"minecraft:iron_chestplate":1,"minecraft:andesite":12,"minecraft:spider_eye":1,"minecraft:slime_ball":6,"minecraft:bow":1,"minecraft:calcite":12}},"DataVersion":3465}