{"stats":{"minecraft:dropped":{"stalwart_dungeons:spore_vaporizer":1,"bloomingnature:freesia_pink":1,"minecraft:iron_sword":2,"minecraft:lapis_lazuli":132,"minecraft:cooked_beef":1,"minecraft:diamond":22,"orcz:orcskull":1,"mcda:phantom_skin":1,"minecraft:weeping_vines":1,"minecraft:glow_berries":5,"minecraft:black_bed":2,"mcdw:pick_diamond_pickaxe_var":2,"minecraft:leather_helmet":3,"minecraft:item_frame":2,"minecraft:dirt":234,"mcdw:sword_diamond_sword_var":3,"alexsmobs:flying_fish":1,"minecraft:gold_nugget":8,"minecraft:phantom_membrane":7,"minecraft:sand":1,"minecraft:iron_pickaxe":1,"stalwart_dungeons:tungsten_sword":1,"minecraft:white_wool":29,"minecraft:cyan_carpet":2,"minecraft:bone":2,"minecraft:sugar_cane":5,"minecraft:cobbled_deepslate":47,"minecraft:nether_brick":11,"minecraft:wheat":3,"tombstone:gift":2,"minecraft:rotten_flesh":13,"minecraft:oak_planks":81,"bloomingnature:genisteae":2,"minecraft:azure_bluet":7,"minecraft:white_bed":3,"minecraft:chiseled_deepslate":1,"minecraft:leather_leggings":2,"farmersdelight:rope":1,"stalwart_dungeons:transient_block_close":2,"minecraft:glass":74,"minecraft:crying_obsidian":4,"farmersdelight:tomato_seeds":4,"minecraft:enchanted_book":1,"minecraft:golden_boots":2,"minecraft:iron_ingot":72,"spartanshields:iron_tower_shield":1,"minecraft:wheat_seeds":739,"minecraft:mangrove_trapdoor":2,"minecraft:oak_fence":1,"minecraft:feather":1,"minecraft:iron_helmet":4,"minecraft:cobblestone":132,"minecraft:book":38,"minecraft:granite":17,"biomesoplenty:jacaranda_planks":2,"alexsmobs:raw_catfish":3,"minecraft:oxeye_daisy":10,"minecraft:dried_kelp_block":24,"minecraft:golden_carrot":135,"biomesoplenty:brimstone":29,"minecraft:rose_bush":4,"minecraft:diamond_helmet":3,"minecraft:potion":2,"minecraft:oak_stairs":1,"minecraft:iron_shovel":2,"minecraft:string":4,"minecraft:iron_boots":2,"orcz:skullwand":2,"orcz:orcteeth_tool_shovel":1,"minecraft:nether_bricks":32,"minecraft:lily_of_the_valley":3,"minecraft:blast_furnace":1,"minecraft:bundle":3,"minecraft:diamond_pickaxe":1,"minecraft:spider_eye":3,"biomesoplenty:brimstone_bricks":8,"minecraft:bow":2,"minecraft:gold_ore":2,"minecraft:baked_potato":117,"minecraft:golden_pickaxe":1,"ecologics:coconut_slice":4,"orcz:blue_orcshroom":1,"minecraft:chest_minecart":1,"biomesoplenty:rose_quartz_chunk":2,"minecraft:deepslate_tile_stairs":1,"orcz:orcteeth_tool_axe":3,"aquaculture:gar":1,"minecraft:cornflower":7,"minecraft:mutton":1,"mcda:phantom_bones":4,"minecraft:amethyst_shard":11,"minecraft:gold_ingot":65,"minecraft:armor_stand":3,"minecraft:gravel":11,"minecraft:blackstone":6,"minecraft:spyglass":4,"bloomingnature:swamp_oak_planks":37,"minecraft:beetroot":3,"minecraft:diamond_shovel":2,"minecraft:carrot":133,"travelersbackpack:hay":2,"minecraft:poppy":17,"minecraft:leather_chestplate":3,"minecraft:gunpowder":3,"minecraft:skeleton_skull":4,"minecraft:beetroot_seeds":6,"minecraft:arrow":29,"minecraft:quartz":180,"bloomingnature:bluebell":5,"minecraft:netherrack":39,"minecraft:water_bucket":1,"minecraft:lilac":4,"minecraft:bookshelf":3,"minecraft:diamond_leggings":3,"minecraft:poisonous_potato":24,"minecraft:amethyst_block":10,"minecraft:spruce_stairs":1,"farmersdelight:cabbage_rolls":2,"minecraft:diorite":5,"bloomingnature:swamp_oak_log":1,"tombstone:magic_scroll":1,"minecraft:torch":67,"travelersbackpack:spider":1,"tombstone:grave_dust":24,"minecraft:iron_leggings":1,"bloomingnature:swamp_oak_door":4,"mcda:emerald_gear_leggings":1,"minecraft:bucket":2,"minecraft:dandelion":10,"minecraft:smooth_basalt":8,"minecraft:redstone":15,"alexsmobs:maggot":1,"minecraft:kelp":7,"minecraft:nether_wart":4,"minecraft:tuff":60,"minecraft:raw_iron":53,"farmersdelight:cabbage_seeds":3,"enemyexpansion:phantom_eye":1,"minecraft:flint_and_steel":1,"minecraft:deepslate_bricks":4,"minecraft:shield":2,"biomesoplenty:glowworm_silk":4,"orcz:orcteeth":20,"minecraft:diamond_chestplate":2,"minecraft:iron_chestplate":3,"minecraft:andesite":48,"minecraft:oak_sapling":1,"minecraft:diamond_boots":4,"minecraft:slime_ball":6,"minecraft:stone_pickaxe":1,"minecraft:calcite":12},"minecraft:picked_up":{"minecraft:birch_door":3,"minecraft:iron_chestplate":2,"farmersdelight:cabbage_rolls":2,"minecraft:creeper_head":1,"minecraft:lead":9,"minecraft:oak_stairs":1,"minecraft:enchanted_book":5,"minecraft:golden_sword":3,"minecraft:amethyst_block":14,"minecraft:string":111,"minecraft:red_nether_bricks":3,"minecraft:diamond_leggings":3,"minecraft:gold_nugget":104,"minecraft:cobbled_deepslate":577,"spartanshields:diamond_tower_shield":1,"minecraft:netherite_upgrade_smithing_template":1,"ecologics:crab_claw":1,"orcz:orcskull":1,"minecraft:deepslate_tile_stairs":1,"minecraft:golden_chestplate":1,"alexsmobs:centipede_leg":2,"minecraft:stone_sword":1,"biomesoplenty:rose_quartz_chunk":2,"mcdw:pick_diamond_pickaxe_var":2,"minecraft:iron_block":1,"farmersdelight:rope":1,"minecraft:blaze_rod":214,"alexsmobs:flying_fish":1,"minecraft:birch_log":6,"minecraft:feather":1,"minecraft:cooked_beef":31,"orcz:orcteeth":37,"minecraft:water_bucket":1,"minecraft:smoker":1,"minecraft:flint":2,"mcda:ghostly_armor_leggings":1,"minecraft:chipped_anvil":1,"biomesoplenty:brimstone_bricks":4,"minecraft:diamond_helmet":2,"bloomingnature:freesia_pink":1,"spartanshields:iron_tower_shield":1,"orcz:blue_orcshroom":1,"minecraft:bundle":6,"stalwart_dungeons:spore_vaporizer":6,"minecraft:granite":18,"minecraft:diamond_pickaxe":1,"minecraft:crafting_table":4,"travelersbackpack:hay":1,"minecraft:nether_wart":5,"minecraft:leather_leggings":3,"minecraft:golden_pickaxe":1,"minecraft:cornflower":2,"alexsmobs:pigshoes":1,"mcdw:sword_diamond_sword_var":3,"minecraft:iron_nugget":12,"minecraft:poppy":5,"minecraft:chest":4,"minecraft:egg":1,"minecraft:stone":28,"minecraft:fire_charge":1,"farmersdelight:tomato_seeds":11,"minecraft:cake":1,"minecraft:carrot":1854,"minecraft:mangrove_trapdoor":1,"minecraft:diamond_chestplate":2,"minecraft:beetroot_seeds":3,"mcda:phantom_bones":7,"minecraft:deepslate_bricks":310,"minecraft:diamond_boots":4,"mcda:emerald_gear_helmet":1,"minecraft:gold_ingot":71,"minecraft:mutton":5,"minecraft:bone_block":3,"minecraft:white_wool":59,"minecraft:oxeye_daisy":1,"minecraft:stripped_oak_log":9,"minecraft:filled_map":1,"minecraft:oak_log":349,"minecraft:ancient_debris":2,"minecraft:paper":1,"tombstone:gift":3,"bloomingnature:swamp_oak_door":2,"minecraft:apple":1,"minecraft:kelp":2117,"minecraft:stone_pickaxe":1,"tombstone:bag_of_seeds":1,"minecraft:glass_bottle":2,"mcda:evocation_robe_chestplate":1,"minecraft:iron_sword":1,"minecraft:smooth_basalt":9,"enemyexpansion:phantom_eye":2,"minecraft:spyglass":2,"minecraft:gravel":15,"orcz:orcamanita":1,"minecraft:crying_obsidian":4,"minecraft:leather_helmet":3,"minecraft:diamond_shovel":2,"minecraft:slime_ball":6,"minecraft:baked_potato":848,"minecraft:ender_pearl":6,"minecraft:chiseled_deepslate":1,"minecraft:wheat":156,"alexscaves:cave_tablet":1,"enemyexpansion:wasp_thorax":1,"minecraft:potion":14,"minecraft:nether_brick":442,"travelersbackpack:spider":2,"orcz:orcteeth_tool_shovel":1,"minecraft:iron_leggings":1,"minecraft:armor_stand":3,"minecraft:experience_bottle":3,"biomesoplenty:brimstone":31,"minecraft:smooth_stone":1,"minecraft:rose_bush":2,"minecraft:cobblestone_slab":2,"minecraft:calcite":12,"minecraft:iron_pickaxe":2,"minecraft:iron_boots":1,"minecraft:furnace":13,"minecraft:stick":38,"minecraft:oak_fence":5,"minecraft:torch":96,"minecraft:spruce_stairs":1,"minecraft:porkchop":10,"minecraft:dried_kelp":49,"tombstone:grave_dust":29,"minecraft:diorite":11,"minecraft:rotten_flesh":137,"minecraft:obsidian":2,"minecraft:cod":2,"minecraft:cobblestone":999,"minecraft:leather_chestplate":3,"minecraft:andesite":69,"minecraft:black_bed":8,"minecraft:potato":2900,"minecraft:tuff":103,"minecraft:dirt":953,"minecraft:lapis_lazuli":250,"minecraft:bone":110,"bloomingnature:bluebell":4,"minecraft:bow":10,"minecraft:wheat_seeds":757,"minecraft:raw_gold":269,"minecraft:oak_planks":164,"aquaculture:atlantic_herring":2,"friendsandfoes:totem_of_freezing":1,"minecraft:ghast_tear":1,"mcda:phantom_skin":2,"minecraft:cooked_porkchop":19,"orcz:skullwand":2,"minecraft:poisonous_potato":33,"minecraft:sand":128,"minecraft:cyan_bed":7,"minecraft:lily_of_the_valley":1,"minecraft:spectral_arrow":18,"travelersbackpack:white_sleeping_bag":6,"minecraft:diamond":135,"bloomingnature:swamp_oak_log":31,"minecraft:cracked_polished_blackstone_bricks":5,"minecraft:bone_meal":46,"minecraft:golden_apple":3,"minecraft:emerald":10,"minecraft:oak_sapling":9,"orcz:ironscrap":1,"minecraft:netherrack":511,"minecraft:azure_bluet":5,"minecraft:chicken":4,"minecraft:ladder":2,"minecraft:brown_mushroom":4,"minecraft:shield":1,"minecraft:item_frame":4,"minecraft:cyan_carpet":1,"minecraft:blackstone":3,"minecraft:oak_boat":1,"minecraft:sugar_cane":420,"minecraft:phantom_membrane":17,"minecraft:raw_iron":953,"ecologics:coconut_slice":2,"minecraft:copper_ingot":2,"minecraft:note_block":2,"aquaculture:perch":1,"minecraft:polished_blackstone_bricks":7,"minecraft:weeping_vines":1,"minecraft:arrow":115,"minecraft:pumpkin_pie":1,"minecraft:nether_bricks":76,"minecraft:skeleton_skull":7,"alexscaves:seeking_arrow":1,"minecraft:golden_carrot":9,"minecraft:salmon":2,"minecraft:leather":56,"bloomingnature:genisteae":3,"biomesoplenty:jacaranda_planks":3,"minecraft:gunpowder":35,"minecraft:cooked_mutton":18,"bloomingnature:swamp_oak_sapling":1,"biomesoplenty:glowworm_silk":4,"minecraft:iron_ingot":29,"orcz:orcteeth_tool_axe":1,"minecraft:soul_sand":6,"minecraft:book":61,"stalwart_dungeons:transient_block_close":20,"minecraft:quartz":753,"minecraft:dandelion":5,"minecraft:raw_iron_block":12,"minecraft:amethyst_shard":16,"minecraft:blast_furnace":9,"minecraft:white_bed":2,"minecraft:gold_ore":2,"minecraft:spider_eye":25,"minecraft:dried_kelp_block":94,"minecraft:iron_helmet":2,"tombstone:magic_scroll":5,"minecraft:coal":1014,"minecraft:sunflower":1},"minecraft:mined":{"stalwart_dungeons:transient_block_open":2,"minecraft:red_nether_bricks":9,"biomesoplenty:brimstone":38,"minecraft:granite":22,"bloomingnature:freesia_pink":2,"minecraft:deepslate_bricks":78,"minecraft:deepslate_tile_stairs":1,"minecraft:oxeye_daisy":1,"minecraft:polished_blackstone_bricks":7,"minecraft:weeping_vines_plant":1,"minecraft:tall_seagrass":16,"minecraft:magma_block":1,"minecraft:cobbled_deepslate":19,"minecraft:fire":43,"minecraft:pumpkin":1,"minecraft:deepslate_lapis_ore":13,"minecraft:dirt_path":1,"minecraft:oak_stairs":1,"minecraft:brown_mushroom":1,"minecraft:kelp_plant":472,"biomesoplenty:glowworm_silk":1,"biomesoplenty:jacaranda_planks":1,"minecraft:smoker":1,"minecraft:amethyst_cluster":5,"biomesoplenty:brimstone_fumarole":1,"minecraft:note_block":2,"minecraft:torch":2,"minecraft:blast_furnace":8,"minecraft:glass":1,"minecraft:cyan_bed":6,"minecraft:sugar_cane":335,"minecraft:amethyst_block":8,"biomesoplenty:glowworm_silk_strand":1,"paraglider:horned_statue":1,"minecraft:wheat":172,"minecraft:birch_door":3,"minecraft:black_bed":7,"minecraft:grass":510,"minecraft:smooth_basalt":13,"minecraft:deepslate":516,"minecraft:nether_bricks":68,"minecraft:kelp":86,"minecraft:andesite":59,"minecraft:potatoes":838,"biomesoplenty:brimstone_bud":2,"minecraft:cake":2,"travelersbackpack:spider":1,"minecraft:lily_of_the_valley":2,"minecraft:dandelion":1,"minecraft:cornflower":1,"minecraft:emerald_ore":3,"minecraft:tall_grass":257,"minecraft:dried_kelp_block":1,"minecraft:deepslate_gold_ore":83,"minecraft:diorite":10,"minecraft:birch_leaves":2,"minecraft:sunflower":1,"minecraft:gravel":2,"minecraft:cobweb":35,"minecraft:chipped_anvil":2,"minecraft:gold_ore":21,"minecraft:fern":50,"stalwart_dungeons:spore_vaporizer":13,"minecraft:sculk_vein":193,"minecraft:grass_block":198,"minecraft:cracked_polished_blackstone_bricks":7,"bloomingnature:genisteae":4,"minecraft:sculk_catalyst":6,"minecraft:iron_ore":209,"minecraft:azure_bluet":1,"minecraft:deepslate_redstone_ore":6,"stalwart_dungeons:transient_block_close":18,"bloomingnature:swamp_oak_door":1,"minecraft:calcite":9,"minecraft:poppy":3,"minecraft:chest":4,"minecraft:nether_quartz_ore":636,"minecraft:cobblestone":59,"minecraft:oak_planks":105,"minecraft:wall_torch":25,"minecraft:seagrass":12,"minecraft:birch_log":8,"minecraft:cracked_deepslate_tiles":1,"minecraft:oak_log":361,"minecraft:sand":148,"minecraft:dirt":629,"minecraft:netherrack":539,"minecraft:ancient_debris":2,"minecraft:oak_leaves":121,"minecraft:nether_gold_ore":17,"minecraft:diamond_ore":1,"minecraft:tuff":67,"minecraft:deepslate_diamond_ore":66,"minecraft:glow_lichen":1,"biomesoplenty:bush":2,"travelersbackpack:white_sleeping_bag":5,"minecraft:cracked_nether_bricks":2,"minecraft:large_fern":107,"minecraft:furnace":13,"minecraft:carrots":533,"minecraft:chiseled_deepslate":1,"minecraft:gold_block":1,"bloomingnature:swamp_oak_leaves":3,"minecraft:bookshelf":20,"farmersdelight:rope":1,"minecraft:deepslate_iron_ore":259,"minecraft:stripped_oak_log":9,"bloomingnature:bluebell":5,"minecraft:stone":911,"minecraft:basalt":2,"minecraft:oak_fence":3,"minecraft:crafting_table":5,"minecraft:rose_bush":2,"minecraft:sculk_sensor":13,"minecraft:deepslate_coal_ore":11,"minecraft:lapis_ore":9,"minecraft:sculk":2280,"minecraft:spruce_stairs":1,"bloomingnature:swamp_oak_log":38,"minecraft:coal_ore":523},"minecraft:used":{"orcz:blue_orcshroom":1,"orcz:orcteeth_tool_shovel":3,"bloomingnature:swamp_oak_door":2,"minecraft:chest":16,"minecraft:rotten_flesh":21,"mcda:wolf_armor_chestplate":1,"minecraft:bow":240,"minecraft:furnace":3,"minecraft:oak_sapling":2,"minecraft:egg":1,"minecraft:potato":989,"aquaculture:atlantic_herring":2,"stalwart_dungeons:transient_block_close":1,"bloomingnature:swamp_oak_log":1,"minecraft:golden_apple":3,"minecraft:sand":6,"minecraft:blast_furnace":11,"orcz:orcteeth_tool_sword":258,"spartanshields:diamond_tower_shield":17,"minecraft:fire_charge":1,"minecraft:oak_boat":2,"minecraft:enchanting_table":1,"minecraft:netherrack":80,"minecraft:torch":741,"mcdw:sword_diamond_sword_var":1032,"minecraft:anvil":1,"minecraft:iron_axe":58,"minecraft:smooth_basalt":1,"minecraft:diamond_chestplate":1,"tombstone:gift":11,"minecraft:cobbled_deepslate":226,"minecraft:wheat_seeds":107,"minecraft:water_bucket":178,"minecraft:lead":1,"orcz:orcteeth_tool_pickaxe":503,"minecraft:deepslate_bricks":230,"minecraft:crafting_table":6,"minecraft:white_bed":2,"minecraft:cake":1,"minecraft:oxeye_daisy":1,"minecraft:diamond_shovel":764,"orcz:orcteeth_tool_axe":293,"minecraft:iron_pickaxe":727,"travelersbackpack:white_sleeping_bag":5,"tombstone:magic_scroll":1,"minecraft:cobblestone":407,"minecraft:potion":4,"minecraft:cooked_porkchop":16,"minecraft:stripped_oak_log":2,"minecraft:kelp":19,"minecraft:dandelion":1,"minecraft:diamond_hoe":2525,"minecraft:shield":34,"minecraft:iron_sword":359,"minecraft:iron_chestplate":1,"travelersbackpack:hay":4,"minecraft:nether_bricks":50,"minecraft:carrot":810,"minecraft:tuff":3,"minecraft:glass":16,"minecraft:iron_helmet":2,"minecraft:skeleton_skull":1,"travelersbackpack:spider":5,"minecraft:diamond_boots":2,"minecraft:oak_planks":947,"minecraft:diamond_axe":481,"minecraft:sugar_cane":169,"minecraft:note_block":3,"minecraft:black_bed":6,"bloomingnature:swamp_oak_sapling":1,"minecraft:cyan_bed":7,"minecraft:bread":4,"minecraft:gravel":2,"ecologics:coconut_slice":2,"minecraft:bone_meal":421,"minecraft:experience_bottle":6,"minecraft:oak_fence":3,"minecraft:rose_bush":1,"biomesoplenty:brimstone":2,"minecraft:flint_and_steel":2,"mcdw:pick_diamond_pickaxe_var":3257,"minecraft:sculk":15,"minecraft:cooked_chicken":4,"minecraft:dried_kelp_block":1,"minecraft:oak_door":3,"minecraft:dirt":592,"minecraft:spyglass":183,"minecraft:diamond_helmet":1,"minecraft:granite":10,"farmersdelight:rope":1,"minecraft:birch_door":8,"minecraft:iron_hoe":30,"minecraft:bookshelf":13,"minecraft:iron_boots":1,"minecraft:golden_carrot":92,"minecraft:cooked_beef":3,"minecraft:iron_leggings":1,"minecraft:cooked_mutton":3,"minecraft:amethyst_block":4,"minecraft:baked_potato":221,"minecraft:red_nether_bricks":1,"minecraft:cobblestone_slab":2,"spartanshields:iron_tower_shield":36,"minecraft:smoker":11,"bloomingnature:bluebell":1,"minecraft:bucket":185,"minecraft:pumpkin_pie":8},"minecraft:killed":{"minecraft:cave_spider":2,"enemyexpansion:equestrian":5,"minecraft:skeleton":39,"minecraft:chicken":1,"bloomingnature:squirrel":1,"stalwart_dungeons:giddy_blaze":173,"minecraft:pillager":2,"minecraft:zombie":33,"enemyexpansion:botfly":9,"orcz:orcsavage_2sword":1,"minecraft:cow":5,"bloomingnature:deer":1,"enemyexpansion:silverqueen":3,"stalwart_dungeons:nether_wart_cocoon":11,"orcz:orcsavagemace":1,"friendsandfoes:copper_golem":1,"enemyexpansion:sprinter":4,"minecraft:wandering_trader":1,"alexsmobs:crocodile":1,"minecraft:enderman":2,"bloomingnature:pelican":1,"minecraft:zombified_piglin":44,"minecraft:spider":18,"minecraft:silverfish":16,"orcz:squig":2,"aquaculture:atlantic_herring":2,"minecraft:piglin_brute":1,"minecraft:piglin":13,"orcz:weirdboinecro":1,"minecraft:pig":9,"enemyexpansion:ladybug":2,"minecraft:zombie_villager":1,"orcz:goblinsavagemace":3,"minecraft:creeper":4,"minecraft:sheep":7,"minecraft:trader_llama":2,"enemyexpansion:wasp":1,"bloomingnature:owl":1,"alexsmobs:tasmanian_devil":1,"minecraft:slime":6,"enemyexpansion:direwolf":20,"bloomingnature:turkey":4,"minecraft:phantom":16,"minecraft:drowned":2,"enemyexpansion:goblin":2,"alexsmobs:flying_fish":1,"enemyexpansion:huntsman":6,"friendsandfoes:moobloom":3,"enemyexpansion:slugger":6},"minecraft:killed_by":{"enemyexpansion:slugger":1,"enemyexpansion:invisicreeper":1,"stalwart_dungeons:giddy_blaze":8,"alexsmobs:centipede_head":1,"minecraft:creeper":1,"minecraft:player":5,"minecraft:phantom":1},"minecraft:broken":{"orcz:orcteeth_tool_pickaxe":2,"minecraft:shield":1,"orcz:orcteeth_tool_sword":1,"minecraft:iron_pickaxe":2,"minecraft:iron_helmet":1},"minecraft:crafted":{"minecraft:smooth_stone":10,"spartanshields:wooden_tower_shield":2,"bloomingnature:swamp_oak_door":3,"minecraft:diamond_shovel":1,"minecraft:bookshelf":16,"mcdw:sword_diamond_sword_var":1,"orcz:orcteeth_tool_shovel":1,"minecraft:cooked_mutton":2,"minecraft:glass":121,"minecraft:diamond_helmet":2,"minecraft:diamond_leggings":1,"minecraft:birch_door":6,"minecraft:dried_kelp_block":382,"spartanshields:diamond_tower_shield":1,"minecraft:cooked_porkchop":10,"minecraft:diamond_axe":1,"minecraft:iron_pickaxe":3,"minecraft:iron_block":78,"minecraft:gold_ingot":322,"minecraft:golden_carrot":439,"orcz:orcteeth_tool_sword":1,"minecraft:spyglass":3,"minecraft:diamond_hoe":3,"minecraft:bone_meal":375,"orcz:orcteeth_tool_pickaxe":2,"minecraft:diamond_boots":1,"minecraft:coal_block":32,"minecraft:enchanting_table":1,"minecraft:dried_kelp":3282,"minecraft:iron_leggings":2,"minecraft:white_bed":3,"mcda:emerald_gear_leggings":1,"minecraft:oak_planks":1280,"minecraft:cooked_chicken":2,"minecraft:stone":76,"minecraft:iron_boots":1,"minecraft:chest":12,"minecraft:raw_iron_block":20,"minecraft:golden_boots":1,"minecraft:smoker":10,"minecraft:crafting_table":4,"minecraft:baked_potato":1422,"spartanshields:iron_tower_shield":1,"minecraft:iron_helmet":1,"bloomingnature:swamp_oak_planks":152,"minecraft:birch_planks":20,"orcz:orcteeth_tool_axe":2,"minecraft:iron_chestplate":1,"minecraft:paper":414,"minecraft:shield":1,"minecraft:stick":288,"minecraft:iron_ingot":814,"minecraft:shears":1,"minecraft:oak_door":3,"minecraft:raw_iron":172,"minecraft:furnace":3,"minecraft:blast_furnace":3,"minecraft:diamond_block":9,"minecraft:iron_axe":1,"mcdw:pick_diamond_pickaxe_var":1,"minecraft:iron_sword":3,"minecraft:bucket":1,"minecraft:air":0,"minecraft:bread":4,"minecraft:oak_boat":2,"minecraft:white_wool":10,"minecraft:gold_nugget":3471,"minecraft:anvil":1,"minecraft:torch":1184,"minecraft:diamond_chestplate":1},"minecraft:custom":{"minecraft:interact_with_crafting_table":169,"minecraft:open_barrel":13,"minecraft:leave_game":9,"minecraft:time_since_death":0,"minecraft:damage_blocked_by_shield":6470,"minecraft:play_time":1095236,"minecraft:deaths":23,"minecraft:jump":29772,"minecraft:enchant_item":24,"minecraft:interact_with_furnace":412,"minecraft:interact_with_cartography_table":1,"minecraft:sleep_in_bed":11,"minecraft:waystone_activated":3,"tombstone:sneak_grave":16,"minecraft:damage_dealt":68163,"tombstone:undead_killed":156,"minecraft:interact_with_smoker":408,"minecraft:horse_one_cm":822659,"minecraft:interact_with_smithing_table":13,"minecraft:interact_with_anvil":4,"minecraft:sneak_time":109220,"minecraft:interact_with_blast_furnace":200,"minecraft:total_world_time":1095236,"tombstone:raider_killed":18,"minecraft:tune_noteblock":124,"minecraft:time_since_rest":64,"tombstone:cast_on_ally":3,"minecraft:swim_one_cm":251775,"minecraft:fly_one_cm":3800638,"minecraft:open_chest":1080,"minecraft:fall_one_cm":588721,"minecraft:damage_resisted":241,"minecraft:sprint_one_cm":3084871,"minecraft:drop":449,"minecraft:play_noteblock":61,"minecraft:talked_to_villager":1,"minecraft:interact_with_brewingstand":8,"minecraft:walk_on_water_one_cm":170475,"minecraft:interact_with_loom":6,"minecraft:player_kills":2,"minecraft:crouch_one_cm":368281,"tombstone:villager_killed":1,"minecraft:mob_kills":580,"minecraft:damage_dealt_resisted":1366,"minecraft:climb_one_cm":5382,"minecraft:walk_one_cm":1784807,"minecraft:walk_under_water_one_cm":87582,"minecraft:boat_one_cm":53640,"spartanshields:shield_bash_hits":9,"minecraft:damage_absorbed":120,"minecraft:damage_taken":25619}},"DataVersion":3465}