{"stats":{"minecraft:broken":{"minecraft:shield":1,"orcz:orcteeth_tool_sword":1},"minecraft:custom":{"minecraft:mob_kills":59,"minecraft:interact_with_crafting_table":33,"minecraft:open_barrel":9,"minecraft:leave_game":4,"minecraft:time_since_death":84208,"minecraft:sprint_one_cm":491036,"minecraft:walk_one_cm":268295,"minecraft:damage_blocked_by_shield":2800,"minecraft:drop":43,"minecraft:play_noteblock":61,"minecraft:play_time":133261,"minecraft:sneak_time":10059,"minecraft:deaths":5,"minecraft:walk_under_water_one_cm":22127,"minecraft:jump":3682,"minecraft:interact_with_blast_furnace":18,"minecraft:walk_on_water_one_cm":40999,"minecraft:total_world_time":133261,"minecraft:interact_with_furnace":129,"spartanshields:shield_bash_hits":1,"minecraft:tune_noteblock":108,"minecraft:interact_with_loom":4,"minecraft:sleep_in_bed":3,"minecraft:time_since_rest":56414,"minecraft:damage_taken":2898,"minecraft:damage_dealt":8703,"minecraft:player_kills":1,"minecraft:swim_one_cm":108296,"minecraft:fly_one_cm":717041,"minecraft:open_chest":79,"minecraft:crouch_one_cm":30920,"tombstone:undead_killed":23,"minecraft:interact_with_smoker":13,"minecraft:fall_one_cm":85111},"minecraft:mined":{"minecraft:tuff":4,"minecraft:deepslate_diamond_ore":10,"minecraft:granite":2,"minecraft:grass_block":5,"bloomingnature:genisteae":3,"minecraft:kelp":22,"minecraft:oxeye_daisy":1,"minecraft:large_fern":22,"minecraft:tall_seagrass":16,"minecraft:furnace":2,"minecraft:carrots":2,"minecraft:iron_ore":30,"minecraft:cobbled_deepslate":1,"minecraft:andesite":2,"bloomingnature:swamp_oak_leaves":2,"minecraft:potatoes":71,"minecraft:deepslate_iron_ore":34,"minecraft:stripped_oak_log":3,"bloomingnature:bluebell":4,"minecraft:stone":75,"minecraft:cake":1,"minecraft:kelp_plant":101,"minecraft:lily_of_the_valley":1,"minecraft:amethyst_cluster":4,"minecraft:dandelion":1,"minecraft:oak_fence":1,"minecraft:crafting_table":2,"minecraft:note_block":2,"minecraft:blast_furnace":2,"minecraft:poppy":3,"minecraft:tall_grass":129,"minecraft:cobblestone":9,"minecraft:deepslate_coal_ore":11,"minecraft:cyan_bed":6,"minecraft:sugar_cane":147,"minecraft:wall_torch":1,"minecraft:seagrass":11,"bloomingnature:swamp_oak_log":27,"minecraft:wheat":43,"minecraft:grass":228,"minecraft:oak_log":29,"minecraft:coal_ore":32,"minecraft:dirt":10,"minecraft:oak_leaves":2,"minecraft:deepslate":6,"minecraft:fern":12},"minecraft:used":{"minecraft:shield":34,"minecraft:iron_sword":40,"minecraft:cooked_chicken":4,"minecraft:rotten_flesh":14,"minecraft:iron_chestplate":1,"minecraft:torch":83,"minecraft:dirt":133,"minecraft:spyglass":92,"minecraft:carrot":5,"minecraft:granite":9,"minecraft:iron_helmet":2,"minecraft:iron_boots":1,"tombstone:gift":4,"minecraft:potato":195,"minecraft:cobbled_deepslate":17,"minecraft:iron_leggings":1,"minecraft:wheat_seeds":60,"minecraft:cooked_mutton":2,"minecraft:water_bucket":39,"aquaculture:atlantic_herring":2,"minecraft:baked_potato":3,"minecraft:oak_planks":10,"minecraft:cobblestone_slab":2,"minecraft:sugar_cane":165,"minecraft:crafting_table":2,"minecraft:blast_furnace":2,"minecraft:note_block":2,"minecraft:cake":1,"minecraft:smoker":2,"orcz:orcteeth_tool_sword":154,"bloomingnature:bluebell":1,"orcz:orcteeth_tool_axe":173,"minecraft:bread":4,"minecraft:cyan_bed":7,"minecraft:iron_pickaxe":227,"travelersbackpack:white_sleeping_bag":2,"ecologics:coconut_slice":2,"minecraft:cobblestone":96,"minecraft:cooked_porkchop":10,"minecraft:bucket":40,"minecraft:pumpkin_pie":8,"minecraft:stripped_oak_log":2,"minecraft:dandelion":1,"minecraft:bone_meal":82,"minecraft:experience_bottle":2},"minecraft:picked_up":{"minecraft:crafting_table":1,"minecraft:iron_chestplate":1,"minecraft:wheat":41,"minecraft:chicken":2,"alexscaves:cave_tablet":1,"enemyexpansion:wasp_thorax":1,"minecraft:enchanted_book":2,"minecraft:string":5,"minecraft:iron_leggings":1,"minecraft:experience_bottle":1,"minecraft:cobbled_deepslate":44,"minecraft:cobblestone_slab":2,"minecraft:poppy":2,"minecraft:iron_pickaxe":1,"minecraft:sugar_cane":189,"ecologics:crab_claw":1,"minecraft:iron_boots":1,"minecraft:furnace":2,"minecraft:raw_iron":66,"orcz:orcskull":1,"ecologics:coconut_slice":2,"minecraft:oak_fence":1,"minecraft:torch":2,"minecraft:note_block":2,"minecraft:porkchop":10,"minecraft:cake":1,"tombstone:grave_dust":8,"minecraft:carrot":5,"alexsmobs:centipede_leg":2,"minecraft:arrow":17,"minecraft:rotten_flesh":14,"minecraft:beetroot_seeds":1,"minecraft:pumpkin_pie":1,"minecraft:mutton":2,"minecraft:cobblestone":85,"alexsmobs:flying_fish":1,"minecraft:white_wool":2,"minecraft:stripped_oak_log":3,"minecraft:feather":1,"minecraft:cooked_beef":2,"orcz:orcteeth":8,"minecraft:water_bucket":1,"minecraft:andesite":2,"minecraft:leather":2,"minecraft:potato":255,"minecraft:tuff":4,"bloomingnature:genisteae":1,"minecraft:oak_log":29,"minecraft:gunpowder":10,"minecraft:dirt":47,"minecraft:paper":1,"tombstone:gift":1,"minecraft:cooked_mutton":1,"minecraft:bone":27,"bloomingnature:bluebell":3,"minecraft:kelp":635,"minecraft:wheat_seeds":162,"minecraft:iron_ingot":10,"minecraft:glass_bottle":1,"minecraft:oak_planks":26,"aquaculture:atlantic_herring":2,"minecraft:dandelion":1,"minecraft:poisonous_potato":1,"minecraft:gravel":10,"minecraft:amethyst_shard":16,"minecraft:blast_furnace":2,"minecraft:cyan_bed":7,"minecraft:lily_of_the_valley":1,"minecraft:spider_eye":1,"travelersbackpack:white_sleeping_bag":2,"minecraft:slime_ball":6,"minecraft:diamond":10,"bloomingnature:swamp_oak_log":25,"minecraft:iron_helmet":1,"minecraft:granite":2,"minecraft:bone_meal":1,"minecraft:baked_potato":1,"minecraft:coal":43,"minecraft:ender_pearl":1},"minecraft:killed_by":{"minecraft:player":4},"minecraft:killed":{"bloomingnature:owl":1,"minecraft:spider":4,"minecraft:slime":6,"enemyexpansion:direwolf":4,"bloomingnature:turkey":2,"minecraft:skeleton":11,"bloomingnature:squirrel":1,"aquaculture:atlantic_herring":2,"enemyexpansion:goblin":1,"alexsmobs:flying_fish":1,"minecraft:pig":4,"enemyexpansion:sprinter":1,"minecraft:creeper":2,"minecraft:sheep":2,"minecraft:zombie":8,"enemyexpansion:huntsman":2,"minecraft:enderman":1,"enemyexpansion:slugger":1},"minecraft:dropped":{"minecraft:enchanted_book":1,"minecraft:water_bucket":1,"minecraft:iron_ingot":10,"minecraft:wheat_seeds":30,"orcz:orcskull":1,"minecraft:oak_fence":1,"minecraft:iron_helmet":1,"tombstone:grave_dust":7,"minecraft:iron_pickaxe":1,"minecraft:string":1,"minecraft:gravel":10,"minecraft:spyglass":2,"minecraft:wheat":1,"bloomingnature:genisteae":1,"minecraft:lily_of_the_valley":1,"minecraft:slime_ball":6,"minecraft:arrow":3,"bloomingnature:bluebell":2},"minecraft:crafted":{"minecraft:oak_planks":72,"minecraft:spyglass":3,"minecraft:cooked_chicken":2,"minecraft:bone_meal":81,"minecraft:cooked_mutton":2,"minecraft:dried_kelp_block":18,"minecraft:smoker":2,"minecraft:cooked_porkchop":10,"minecraft:crafting_table":1,"minecraft:dried_kelp":127,"minecraft:baked_potato":112,"minecraft:iron_sword":1,"bloomingnature:swamp_oak_planks":100,"minecraft:bucket":1,"minecraft:bread":4,"minecraft:air":0,"orcz:orcteeth_tool_axe":1,"minecraft:shield":1,"minecraft:stick":12,"minecraft:iron_ingot":67,"minecraft:iron_pickaxe":1,"minecraft:torch":84}},"DataVersion":3465}