{"stats":{"minecraft:broken":{"minecraft:shield":1,"orcz:orcteeth_tool_sword":1,"minecraft:iron_pickaxe":1},"minecraft:used":{"minecraft:rose_bush":1,"minecraft:enchanting_table":1,"bloomingnature:swamp_oak_door":2,"minecraft:chest":9,"minecraft:shield":34,"minecraft:iron_sword":324,"minecraft:cooked_chicken":4,"minecraft:rotten_flesh":14,"minecraft:netherrack":19,"minecraft:iron_chestplate":1,"minecraft:torch":182,"minecraft:dirt":174,"minecraft:spyglass":92,"travelersbackpack:hay":4,"minecraft:carrot":8,"minecraft:tuff":1,"minecraft:granite":9,"farmersdelight:rope":1,"minecraft:bookshelf":13,"minecraft:iron_helmet":2,"minecraft:iron_boots":1,"minecraft:oak_sapling":2,"minecraft:furnace":1,"tombstone:gift":6,"minecraft:potato":463,"minecraft:cooked_beef":3,"minecraft:cobbled_deepslate":80,"minecraft:iron_leggings":1,"travelersbackpack:spider":2,"minecraft:wheat_seeds":107,"minecraft:cooked_mutton":3,"minecraft:water_bucket":65,"minecraft:baked_potato":65,"aquaculture:atlantic_herring":2,"minecraft:oak_planks":12,"orcz:orcteeth_tool_pickaxe":148,"minecraft:sugar_cane":169,"minecraft:cobblestone_slab":2,"spartanshields:iron_tower_shield":21,"minecraft:golden_apple":1,"minecraft:crafting_table":2,"minecraft:blast_furnace":3,"minecraft:cake":1,"minecraft:black_bed":1,"minecraft:note_block":3,"minecraft:smoker":3,"orcz:orcteeth_tool_sword":234,"bloomingnature:bluebell":1,"bloomingnature:swamp_oak_sapling":1,"orcz:orcteeth_tool_axe":234,"minecraft:bread":4,"minecraft:cyan_bed":7,"minecraft:iron_pickaxe":521,"travelersbackpack:white_sleeping_bag":5,"ecologics:coconut_slice":2,"minecraft:cobblestone":177,"minecraft:cooked_porkchop":16,"minecraft:bucket":72,"minecraft:pumpkin_pie":8,"minecraft:dandelion":1,"minecraft:stripped_oak_log":2,"minecraft:bone_meal":118,"minecraft:experience_bottle":3},"minecraft:crafted":{"minecraft:oak_planks":160,"orcz:orcteeth_tool_sword":1,"minecraft:spyglass":3,"minecraft:cooked_chicken":2,"spartanshields:wooden_tower_shield":1,"bloomingnature:swamp_oak_door":3,"minecraft:bone_meal":117,"minecraft:bookshelf":16,"minecraft:cooked_mutton":2,"minecraft:iron_boots":1,"orcz:orcteeth_tool_pickaxe":2,"minecraft:chest":6,"minecraft:dried_kelp_block":82,"minecraft:smoker":3,"minecraft:golden_boots":1,"minecraft:cooked_porkchop":10,"minecraft:crafting_table":1,"minecraft:enchanting_table":1,"minecraft:dried_kelp":710,"spartanshields:iron_tower_shield":1,"minecraft:iron_helmet":1,"minecraft:baked_potato":220,"minecraft:iron_sword":2,"bloomingnature:swamp_oak_planks":100,"minecraft:bucket":1,"minecraft:bread":4,"minecraft:air":0,"minecraft:iron_chestplate":1,"orcz:orcteeth_tool_axe":2,"minecraft:shield":1,"minecraft:stick":120,"minecraft:iron_ingot":67,"minecraft:iron_pickaxe":3,"minecraft:iron_leggings":1,"minecraft:gold_ingot":7,"minecraft:torch":280},"minecraft:mined":{"stalwart_dungeons:spore_vaporizer":5,"minecraft:tuff":5,"minecraft:deepslate_diamond_ore":22,"minecraft:red_nether_bricks":3,"minecraft:nether_bricks":1,"minecraft:granite":2,"minecraft:grass_block":10,"bloomingnature:freesia_pink":1,"bloomingnature:genisteae":3,"minecraft:cracked_nether_bricks":1,"travelersbackpack:white_sleeping_bag":4,"minecraft:kelp":22,"minecraft:oxeye_daisy":1,"minecraft:large_fern":56,"minecraft:tall_seagrass":16,"minecraft:carrots":7,"minecraft:furnace":4,"minecraft:iron_ore":32,"minecraft:fire":6,"minecraft:cobbled_deepslate":5,"minecraft:andesite":13,"bloomingnature:swamp_oak_leaves":3,"minecraft:bookshelf":20,"minecraft:potatoes":266,"farmersdelight:rope":1,"minecraft:deepslate_iron_ore":52,"minecraft:stripped_oak_log":9,"minecraft:stone":138,"bloomingnature:bluebell":4,"minecraft:cake":1,"travelersbackpack:spider":1,"minecraft:kelp_plant":101,"minecraft:lily_of_the_valley":2,"stalwart_dungeons:transient_block_close":10,"minecraft:amethyst_cluster":4,"minecraft:dandelion":1,"biomesoplenty:brimstone_fumarole":1,"minecraft:oak_fence":1,"minecraft:crafting_table":2,"minecraft:note_block":2,"bloomingnature:swamp_oak_door":1,"minecraft:blast_furnace":4,"minecraft:poppy":3,"minecraft:chest":3,"minecraft:rose_bush":1,"minecraft:nether_quartz_ore":96,"minecraft:tall_grass":178,"minecraft:cobblestone":12,"minecraft:deepslate_coal_ore":11,"minecraft:deepslate_gold_ore":7,"minecraft:cyan_bed":6,"minecraft:sugar_cane":321,"minecraft:wall_torch":5,"minecraft:seagrass":11,"bloomingnature:swamp_oak_log":27,"minecraft:wheat":101,"minecraft:black_bed":1,"minecraft:grass":319,"minecraft:coal_ore":126,"minecraft:oak_log":50,"minecraft:dirt":32,"minecraft:netherrack":25,"minecraft:oak_leaves":2,"minecraft:deepslate":74,"minecraft:fern":30},"minecraft:killed":{"bloomingnature:owl":1,"bloomingnature:deer":1,"enemyexpansion:equestrian":2,"minecraft:spider":8,"minecraft:slime":6,"enemyexpansion:direwolf":10,"bloomingnature:turkey":4,"minecraft:skeleton":18,"stalwart_dungeons:nether_wart_cocoon":6,"bloomingnature:squirrel":1,"aquaculture:atlantic_herring":2,"minecraft:drowned":1,"enemyexpansion:goblin":2,"alexsmobs:flying_fish":1,"minecraft:pig":4,"minecraft:zombie_villager":1,"stalwart_dungeons:giddy_blaze":5,"enemyexpansion:sprinter":2,"minecraft:wandering_trader":1,"minecraft:creeper":2,"minecraft:sheep":3,"minecraft:trader_llama":2,"minecraft:zombie":17,"enemyexpansion:botfly":6,"enemyexpansion:huntsman":4,"orcz:orcsavage_2sword":1,"minecraft:enderman":1,"enemyexpansion:slugger":2},"minecraft:killed_by":{"minecraft:player":4,"enemyexpansion:slugger":1,"stalwart_dungeons:giddy_blaze":2},"minecraft:picked_up":{"minecraft:iron_chestplate":1,"minecraft:crafting_table":1,"minecraft:wheat":88,"travelersbackpack:hay":1,"minecraft:chicken":4,"minecraft:lead":2,"alexscaves:cave_tablet":1,"enemyexpansion:wasp_thorax":1,"minecraft:enchanted_book":2,"minecraft:nether_brick":11,"travelersbackpack:spider":1,"minecraft:string":8,"minecraft:iron_leggings":1,"minecraft:experience_bottle":2,"minecraft:cobbled_deepslate":110,"minecraft:rose_bush":1,"minecraft:cobblestone_slab":2,"minecraft:poppy":2,"minecraft:iron_pickaxe":1,"minecraft:sugar_cane":385,"minecraft:chest":3,"minecraft:furnace":4,"ecologics:crab_claw":1,"minecraft:iron_boots":1,"minecraft:egg":1,"minecraft:raw_iron":85,"orcz:orcskull":1,"ecologics:coconut_slice":2,"minecraft:oak_fence":1,"minecraft:torch":31,"minecraft:note_block":2,"minecraft:porkchop":10,"minecraft:cake":1,"tombstone:grave_dust":10,"minecraft:carrot":20,"alexsmobs:centipede_leg":2,"minecraft:stone_sword":1,"minecraft:arrow":31,"minecraft:rotten_flesh":32,"minecraft:nether_bricks":2,"minecraft:beetroot_seeds":1,"minecraft:pumpkin_pie":1,"farmersdelight:rope":1,"minecraft:blaze_rod":5,"minecraft:obsidian":2,"minecraft:mutton":4,"minecraft:skeleton_skull":1,"minecraft:white_wool":3,"alexsmobs:flying_fish":1,"minecraft:cobblestone":151,"minecraft:stripped_oak_log":9,"minecraft:feather":1,"minecraft:cooked_beef":5,"orcz:orcteeth":15,"minecraft:water_bucket":1,"minecraft:andesite":12,"minecraft:black_bed":1,"minecraft:leather":3,"minecraft:potato":953,"bloomingnature:genisteae":1,"minecraft:tuff":5,"minecraft:oak_log":49,"minecraft:gunpowder":12,"minecraft:dirt":71,"minecraft:paper":1,"tombstone:gift":1,"minecraft:cooked_mutton":1,"bloomingnature:swamp_oak_door":2,"minecraft:bone":40,"bloomingnature:bluebell":3,"bloomingnature:swamp_oak_sapling":1,"minecraft:kelp":643,"minecraft:bow":1,"minecraft:wheat_seeds":321,"minecraft:raw_gold":7,"minecraft:iron_ingot":10,"minecraft:stone_pickaxe":1,"tombstone:bag_of_seeds":1,"minecraft:glass_bottle":1,"minecraft:oak_planks":28,"aquaculture:atlantic_herring":2,"minecraft:book":61,"stalwart_dungeons:transient_block_close":8,"minecraft:cooked_porkchop":6,"minecraft:quartz":95,"minecraft:dandelion":1,"minecraft:poisonous_potato":9,"minecraft:gravel":10,"minecraft:amethyst_shard":16,"minecraft:blast_furnace":5,"minecraft:lily_of_the_valley":1,"minecraft:cyan_bed":7,"minecraft:spider_eye":2,"travelersbackpack:white_sleeping_bag":6,"minecraft:bundle":2,"stalwart_dungeons:spore_vaporizer":4,"minecraft:slime_ball":6,"minecraft:diamond":31,"bloomingnature:swamp_oak_log":25,"minecraft:iron_helmet":1,"minecraft:granite":2,"minecraft:bone_meal":1,"minecraft:baked_potato":1,"tombstone:magic_scroll":1,"minecraft:oak_sapling":2,"minecraft:netherrack":21,"minecraft:coal":137,"minecraft:ender_pearl":1},"minecraft:custom":{"minecraft:mob_kills":121,"minecraft:interact_with_crafting_table":62,"minecraft:open_barrel":9,"minecraft:damage_dealt_resisted":46,"minecraft:leave_game":6,"minecraft:time_since_death":7243,"minecraft:climb_one_cm":3245,"minecraft:damage_resisted":225,"minecraft:sprint_one_cm":996151,"minecraft:walk_one_cm":503611,"minecraft:damage_blocked_by_shield":4180,"minecraft:drop":93,"minecraft:play_noteblock":61,"minecraft:play_time":303235,"minecraft:sneak_time":24664,"minecraft:deaths":9,"minecraft:walk_under_water_one_cm":60248,"minecraft:jump":7420,"minecraft:interact_with_blast_furnace":26,"minecraft:walk_on_water_one_cm":94898,"minecraft:total_world_time":303235,"minecraft:interact_with_furnace":192,"spartanshields:shield_bash_hits":2,"minecraft:tune_noteblock":124,"minecraft:interact_with_loom":4,"minecraft:sleep_in_bed":6,"minecraft:time_since_rest":4844,"minecraft:damage_absorbed":40,"minecraft:damage_taken":7343,"minecraft:damage_dealt":19750,"minecraft:player_kills":1,"minecraft:swim_one_cm":148518,"minecraft:fly_one_cm":1333563,"minecraft:open_chest":237,"minecraft:crouch_one_cm":69158,"tombstone:undead_killed":47,"tombstone:villager_killed":1,"minecraft:interact_with_smoker":40,"minecraft:fall_one_cm":172239},"minecraft:dropped":{"minecraft:enchanted_book":1,"minecraft:water_bucket":1,"minecraft:iron_ingot":11,"minecraft:wheat_seeds":31,"minecraft:cooked_beef":1,"minecraft:baked_potato":113,"minecraft:diamond":11,"orcz:orcskull":1,"minecraft:oak_fence":1,"minecraft:cobblestone":10,"minecraft:iron_helmet":2,"minecraft:book":1,"minecraft:dried_kelp_block":24,"tombstone:magic_scroll":1,"minecraft:torch":29,"tombstone:grave_dust":7,"minecraft:iron_leggings":1,"bloomingnature:swamp_oak_door":2,"minecraft:iron_pickaxe":1,"minecraft:string":1,"minecraft:gravel":10,"minecraft:kelp":7,"minecraft:spyglass":2,"minecraft:wheat":1,"minecraft:iron_boots":1,"bloomingnature:genisteae":1,"minecraft:blast_furnace":1,"travelersbackpack:hay":1,"minecraft:lily_of_the_valley":1,"minecraft:iron_chestplate":1,"farmersdelight:rope":1,"minecraft:slime_ball":6,"minecraft:arrow":3,"bloomingnature:bluebell":2}},"DataVersion":3465}