{"stats":{"minecraft:broken":{"minecraft:shield":1,"orcz:orcteeth_tool_sword":1},"minecraft:custom":{"minecraft:mob_kills":64,"minecraft:interact_with_crafting_table":40,"minecraft:open_barrel":9,"minecraft:leave_game":4,"minecraft:time_since_death":3997,"minecraft:sprint_one_cm":513174,"minecraft:walk_one_cm":283793,"minecraft:damage_blocked_by_shield":3120,"minecraft:drop":49,"minecraft:play_noteblock":61,"minecraft:play_time":145261,"minecraft:sneak_time":10580,"minecraft:deaths":6,"minecraft:walk_under_water_one_cm":23847,"minecraft:jump":3792,"minecraft:interact_with_blast_furnace":21,"minecraft:walk_on_water_one_cm":47108,"minecraft:total_world_time":145261,"minecraft:interact_with_furnace":135,"spartanshields:shield_bash_hits":1,"minecraft:tune_noteblock":119,"minecraft:interact_with_loom":4,"minecraft:sleep_in_bed":4,"minecraft:time_since_rest":3802,"minecraft:damage_taken":3265,"minecraft:damage_dealt":9858,"minecraft:player_kills":1,"minecraft:swim_one_cm":114757,"minecraft:fly_one_cm":731544,"minecraft:open_chest":99,"minecraft:crouch_one_cm":31639,"tombstone:undead_killed":27,"minecraft:interact_with_smoker":15,"minecraft:fall_one_cm":85738},"minecraft:mined":{"minecraft:tuff":4,"minecraft:deepslate_diamond_ore":10,"minecraft:granite":2,"minecraft:grass_block":6,"bloomingnature:genisteae":3,"minecraft:kelp":22,"minecraft:oxeye_daisy":1,"minecraft:large_fern":25,"minecraft:tall_seagrass":16,"minecraft:furnace":2,"minecraft:carrots":2,"minecraft:iron_ore":30,"minecraft:cobbled_deepslate":1,"minecraft:andesite":2,"bloomingnature:swamp_oak_leaves":2,"minecraft:potatoes":71,"minecraft:deepslate_iron_ore":34,"minecraft:stripped_oak_log":3,"bloomingnature:bluebell":4,"minecraft:stone":75,"minecraft:cake":1,"minecraft:kelp_plant":101,"minecraft:lily_of_the_valley":1,"minecraft:amethyst_cluster":4,"minecraft:dandelion":1,"minecraft:oak_fence":1,"minecraft:crafting_table":2,"minecraft:note_block":2,"minecraft:blast_furnace":2,"minecraft:poppy":3,"minecraft:chest":3,"minecraft:tall_grass":130,"minecraft:cobblestone":9,"minecraft:deepslate_coal_ore":11,"minecraft:cyan_bed":6,"minecraft:sugar_cane":176,"minecraft:wall_torch":1,"minecraft:seagrass":11,"bloomingnature:swamp_oak_log":27,"minecraft:wheat":43,"minecraft:grass":229,"minecraft:oak_log":29,"minecraft:coal_ore":32,"minecraft:dirt":12,"minecraft:oak_leaves":2,"minecraft:deepslate":6,"minecraft:fern":13},"minecraft:used":{"minecraft:chest":5,"minecraft:shield":34,"minecraft:iron_sword":69,"minecraft:cooked_chicken":4,"minecraft:rotten_flesh":14,"minecraft:iron_chestplate":1,"minecraft:torch":83,"minecraft:dirt":133,"minecraft:spyglass":92,"minecraft:carrot":5,"minecraft:granite":9,"minecraft:iron_helmet":2,"minecraft:iron_boots":1,"tombstone:gift":6,"minecraft:cooked_beef":1,"minecraft:potato":195,"minecraft:cobbled_deepslate":17,"minecraft:iron_leggings":1,"minecraft:wheat_seeds":60,"minecraft:cooked_mutton":3,"minecraft:water_bucket":39,"aquaculture:atlantic_herring":2,"minecraft:baked_potato":3,"minecraft:oak_planks":10,"minecraft:cobblestone_slab":2,"minecraft:sugar_cane":167,"spartanshields:iron_tower_shield":4,"minecraft:crafting_table":2,"minecraft:blast_furnace":2,"minecraft:note_block":3,"minecraft:cake":1,"minecraft:smoker":2,"orcz:orcteeth_tool_sword":154,"bloomingnature:bluebell":1,"orcz:orcteeth_tool_axe":174,"minecraft:bread":4,"minecraft:cyan_bed":7,"minecraft:iron_pickaxe":227,"travelersbackpack:white_sleeping_bag":2,"ecologics:coconut_slice":2,"minecraft:cobblestone":96,"minecraft:cooked_porkchop":10,"minecraft:bucket":40,"minecraft:pumpkin_pie":8,"minecraft:stripped_oak_log":2,"minecraft:dandelion":1,"minecraft:bone_meal":82,"minecraft:experience_bottle":2},"minecraft:picked_up":{"minecraft:crafting_table":1,"minecraft:iron_chestplate":1,"minecraft:wheat":41,"minecraft:chicken":2,"alexscaves:cave_tablet":1,"enemyexpansion:wasp_thorax":1,"minecraft:enchanted_book":2,"minecraft:string":5,"minecraft:iron_leggings":1,"minecraft:experience_bottle":1,"minecraft:cobbled_deepslate":44,"minecraft:cobblestone_slab":2,"minecraft:poppy":2,"minecraft:iron_pickaxe":1,"minecraft:sugar_cane":219,"minecraft:chest":3,"ecologics:crab_claw":1,"minecraft:iron_boots":1,"minecraft:furnace":2,"minecraft:raw_iron":66,"orcz:orcskull":1,"ecologics:coconut_slice":2,"minecraft:oak_fence":1,"minecraft:torch":2,"minecraft:note_block":2,"minecraft:porkchop":10,"minecraft:cake":1,"tombstone:grave_dust":8,"minecraft:carrot":5,"alexsmobs:centipede_leg":2,"minecraft:arrow":19,"minecraft:rotten_flesh":16,"minecraft:beetroot_seeds":1,"minecraft:pumpkin_pie":1,"minecraft:mutton":2,"minecraft:skeleton_skull":1,"minecraft:cobblestone":85,"alexsmobs:flying_fish":1,"minecraft:white_wool":2,"minecraft:stripped_oak_log":3,"minecraft:feather":1,"minecraft:cooked_beef":2,"orcz:orcteeth":8,"minecraft:water_bucket":1,"minecraft:andesite":2,"minecraft:leather":2,"minecraft:potato":255,"minecraft:tuff":4,"bloomingnature:genisteae":1,"minecraft:oak_log":29,"minecraft:gunpowder":10,"minecraft:dirt":47,"minecraft:paper":1,"tombstone:gift":1,"minecraft:cooked_mutton":1,"minecraft:bone":28,"bloomingnature:bluebell":3,"minecraft:kelp":636,"minecraft:wheat_seeds":162,"minecraft:iron_ingot":10,"minecraft:glass_bottle":1,"minecraft:oak_planks":26,"aquaculture:atlantic_herring":2,"minecraft:dandelion":1,"minecraft:poisonous_potato":1,"minecraft:gravel":10,"minecraft:amethyst_shard":16,"minecraft:blast_furnace":2,"minecraft:cyan_bed":7,"minecraft:lily_of_the_valley":1,"minecraft:spider_eye":1,"travelersbackpack:white_sleeping_bag":2,"minecraft:slime_ball":6,"minecraft:diamond":10,"bloomingnature:swamp_oak_log":25,"minecraft:iron_helmet":1,"minecraft:granite":2,"minecraft:bone_meal":1,"minecraft:baked_potato":1,"minecraft:coal":43,"minecraft:ender_pearl":1},"minecraft:killed_by":{"minecraft:player":4,"enemyexpansion:slugger":1},"minecraft:killed":{"bloomingnature:owl":1,"minecraft:spider":4,"minecraft:slime":6,"enemyexpansion:direwolf":5,"bloomingnature:turkey":2,"minecraft:skeleton":12,"bloomingnature:squirrel":1,"minecraft:drowned":1,"aquaculture:atlantic_herring":2,"enemyexpansion:goblin":1,"alexsmobs:flying_fish":1,"minecraft:pig":4,"minecraft:zombie_villager":1,"enemyexpansion:sprinter":1,"minecraft:creeper":2,"minecraft:sheep":2,"minecraft:zombie":8,"enemyexpansion:huntsman":3,"minecraft:enderman":1,"enemyexpansion:slugger":1},"minecraft:dropped":{"minecraft:enchanted_book":1,"minecraft:water_bucket":1,"minecraft:iron_ingot":10,"minecraft:wheat_seeds":30,"minecraft:baked_potato":48,"orcz:orcskull":1,"minecraft:oak_fence":1,"minecraft:iron_helmet":2,"minecraft:dried_kelp_block":24,"tombstone:grave_dust":7,"minecraft:iron_leggings":1,"minecraft:iron_pickaxe":1,"minecraft:string":1,"minecraft:gravel":10,"minecraft:spyglass":2,"minecraft:wheat":1,"minecraft:iron_boots":1,"bloomingnature:genisteae":1,"minecraft:lily_of_the_valley":1,"minecraft:iron_chestplate":1,"minecraft:slime_ball":6,"minecraft:arrow":3,"bloomingnature:bluebell":2},"minecraft:crafted":{"minecraft:oak_planks":72,"minecraft:spyglass":3,"spartanshields:wooden_tower_shield":1,"minecraft:cooked_chicken":2,"minecraft:bone_meal":81,"minecraft:cooked_mutton":2,"minecraft:iron_boots":1,"minecraft:chest":2,"minecraft:dried_kelp_block":18,"minecraft:smoker":2,"minecraft:cooked_porkchop":10,"minecraft:crafting_table":1,"minecraft:iron_helmet":1,"spartanshields:iron_tower_shield":1,"minecraft:dried_kelp":127,"minecraft:baked_potato":112,"minecraft:iron_sword":1,"bloomingnature:swamp_oak_planks":100,"minecraft:bucket":1,"minecraft:bread":4,"minecraft:air":0,"minecraft:iron_chestplate":1,"orcz:orcteeth_tool_axe":1,"minecraft:shield":1,"minecraft:stick":20,"minecraft:iron_ingot":67,"minecraft:iron_pickaxe":1,"minecraft:iron_leggings":1,"minecraft:torch":84}},"DataVersion":3465}