{"stats":{"minecraft:dropped":{"minecraft:gold_ore":2,"minecraft:iron_sword":2,"minecraft:lapis_lazuli":4,"minecraft:cooked_beef":1,"minecraft:baked_potato":117,"minecraft:golden_pickaxe":1,"minecraft:diamond":22,"orcz:orcskull":1,"ecologics:coconut_slice":4,"minecraft:weeping_vines":1,"minecraft:glow_berries":5,"orcz:blue_orcshroom":1,"minecraft:black_bed":2,"minecraft:chest_minecart":1,"mcdw:pick_diamond_pickaxe_var":2,"minecraft:leather_helmet":3,"minecraft:item_frame":2,"minecraft:dirt":40,"orcz:orcteeth_tool_axe":3,"aquaculture:gar":1,"minecraft:cornflower":6,"minecraft:mutton":1,"alexsmobs:flying_fish":1,"mcda:phantom_bones":1,"minecraft:gold_nugget":8,"minecraft:amethyst_shard":11,"minecraft:phantom_membrane":3,"minecraft:sand":1,"minecraft:iron_pickaxe":1,"minecraft:white_wool":3,"minecraft:armor_stand":3,"minecraft:bone":2,"minecraft:cyan_carpet":2,"minecraft:gold_ingot":36,"minecraft:gravel":10,"minecraft:blackstone":6,"minecraft:sugar_cane":4,"minecraft:spyglass":2,"bloomingnature:swamp_oak_planks":21,"minecraft:cobbled_deepslate":44,"minecraft:nether_brick":11,"minecraft:wheat":3,"tombstone:gift":2,"minecraft:beetroot":3,"minecraft:rotten_flesh":12,"minecraft:oak_planks":81,"bloomingnature:genisteae":2,"minecraft:azure_bluet":5,"minecraft:white_bed":3,"minecraft:carrot":133,"travelersbackpack:hay":2,"minecraft:poppy":17,"minecraft:leather_chestplate":3,"minecraft:gunpowder":1,"minecraft:beetroot_seeds":6,"minecraft:leather_leggings":2,"farmersdelight:rope":1,"stalwart_dungeons:transient_block_close":2,"minecraft:arrow":3,"minecraft:crying_obsidian":4,"minecraft:quartz":180,"minecraft:netherrack":39,"bloomingnature:bluebell":5,"minecraft:golden_boots":2,"minecraft:enchanted_book":1,"minecraft:water_bucket":1,"minecraft:iron_ingot":72,"minecraft:wheat_seeds":722,"minecraft:lilac":4,"minecraft:mangrove_trapdoor":2,"minecraft:bookshelf":3,"minecraft:poisonous_potato":24,"minecraft:iron_helmet":4,"minecraft:oak_fence":1,"minecraft:feather":1,"minecraft:cobblestone":132,"minecraft:book":38,"minecraft:amethyst_block":10,"minecraft:granite":13,"biomesoplenty:jacaranda_planks":2,"minecraft:spruce_stairs":1,"alexsmobs:raw_catfish":3,"minecraft:oxeye_daisy":10,"minecraft:dried_kelp_block":24,"farmersdelight:cabbage_rolls":2,"minecraft:diorite":5,"tombstone:magic_scroll":1,"minecraft:torch":29,"biomesoplenty:brimstone":29,"minecraft:rose_bush":4,"tombstone:grave_dust":16,"minecraft:iron_leggings":1,"bloomingnature:swamp_oak_door":4,"minecraft:iron_shovel":2,"minecraft:string":4,"minecraft:redstone":15,"minecraft:dandelion":6,"minecraft:smooth_basalt":8,"minecraft:kelp":7,"alexsmobs:maggot":1,"minecraft:nether_wart":4,"minecraft:tuff":11,"minecraft:raw_iron":53,"farmersdelight:cabbage_seeds":3,"minecraft:iron_boots":2,"orcz:skullwand":2,"minecraft:nether_bricks":32,"minecraft:lily_of_the_valley":3,"minecraft:flint_and_steel":1,"minecraft:blast_furnace":1,"minecraft:shield":2,"orcz:orcteeth":20,"minecraft:bundle":1,"minecraft:diamond_pickaxe":1,"minecraft:iron_chestplate":3,"minecraft:andesite":26,"minecraft:spider_eye":3,"minecraft:slime_ball":6,"minecraft:bow":1,"biomesoplenty:brimstone_bricks":8,"minecraft:stone_pickaxe":1,"minecraft:calcite":12},"minecraft:picked_up":{"minecraft:iron_chestplate":2,"minecraft:wheat":156,"farmersdelight:cabbage_rolls":2,"minecraft:creeper_head":1,"minecraft:lead":4,"alexscaves:cave_tablet":1,"enemyexpansion:wasp_thorax":1,"minecraft:potion":1,"minecraft:enchanted_book":3,"minecraft:nether_brick":34,"travelersbackpack:spider":2,"minecraft:amethyst_block":10,"minecraft:armor_stand":3,"minecraft:string":90,"minecraft:red_nether_bricks":1,"minecraft:iron_leggings":1,"minecraft:experience_bottle":3,"biomesoplenty:brimstone":29,"minecraft:smooth_stone":1,"minecraft:gold_nugget":44,"minecraft:cobbled_deepslate":218,"minecraft:rose_bush":2,"minecraft:cobblestone_slab":2,"minecraft:calcite":12,"minecraft:netherite_upgrade_smithing_template":1,"minecraft:iron_pickaxe":2,"ecologics:crab_claw":1,"minecraft:iron_boots":1,"minecraft:furnace":13,"minecraft:stick":1,"orcz:orcskull":1,"minecraft:oak_fence":3,"minecraft:torch":52,"minecraft:spruce_stairs":1,"minecraft:porkchop":10,"minecraft:dried_kelp":49,"tombstone:grave_dust":12,"minecraft:diorite":8,"alexsmobs:centipede_leg":2,"minecraft:stone_sword":1,"minecraft:rotten_flesh":62,"mcdw:pick_diamond_pickaxe_var":2,"farmersdelight:rope":1,"minecraft:blaze_rod":13,"minecraft:obsidian":2,"alexsmobs:flying_fish":1,"minecraft:cobblestone":544,"minecraft:leather_chestplate":3,"minecraft:feather":1,"minecraft:cooked_beef":31,"orcz:orcteeth":36,"minecraft:water_bucket":1,"minecraft:andesite":26,"minecraft:black_bed":5,"minecraft:smoker":1,"minecraft:potato":2356,"minecraft:flint":2,"minecraft:tuff":16,"minecraft:lapis_lazuli":95,"minecraft:dirt":140,"mcda:ghostly_armor_leggings":1,"minecraft:bone":79,"minecraft:chipped_anvil":1,"bloomingnature:bluebell":3,"biomesoplenty:brimstone_bricks":4,"minecraft:bow":9,"minecraft:wheat_seeds":737,"minecraft:raw_gold":83,"minecraft:oak_planks":58,"aquaculture:atlantic_herring":2,"friendsandfoes:totem_of_freezing":1,"minecraft:ghast_tear":1,"minecraft:cooked_porkchop":19,"minecraft:poisonous_potato":30,"orcz:skullwand":2,"orcz:blue_orcshroom":1,"minecraft:sand":7,"minecraft:cyan_bed":7,"minecraft:lily_of_the_valley":1,"minecraft:spectral_arrow":18,"travelersbackpack:white_sleeping_bag":6,"minecraft:bundle":4,"stalwart_dungeons:spore_vaporizer":5,"minecraft:diamond":62,"bloomingnature:swamp_oak_log":25,"minecraft:cracked_polished_blackstone_bricks":5,"minecraft:granite":14,"minecraft:bone_meal":46,"minecraft:emerald":9,"minecraft:oak_sapling":2,"minecraft:netherrack":493,"minecraft:diamond_pickaxe":1,"minecraft:crafting_table":3,"travelersbackpack:hay":1,"minecraft:chicken":4,"minecraft:nether_wart":4,"minecraft:leather_leggings":3,"minecraft:golden_pickaxe":1,"minecraft:brown_mushroom":4,"minecraft:shield":1,"minecraft:cornflower":1,"alexsmobs:pigshoes":1,"minecraft:item_frame":3,"minecraft:blackstone":3,"minecraft:cyan_carpet":1,"minecraft:oak_boat":1,"minecraft:iron_nugget":12,"minecraft:poppy":5,"minecraft:sugar_cane":391,"minecraft:chest":4,"minecraft:phantom_membrane":3,"minecraft:egg":1,"minecraft:raw_iron":529,"minecraft:stone":28,"ecologics:coconut_slice":2,"minecraft:copper_ingot":2,"minecraft:note_block":2,"minecraft:fire_charge":1,"minecraft:polished_blackstone_bricks":7,"farmersdelight:tomato_seeds":7,"minecraft:cake":1,"minecraft:carrot":320,"minecraft:mangrove_trapdoor":1,"minecraft:arrow":58,"minecraft:weeping_vines":1,"minecraft:beetroot_seeds":3,"minecraft:pumpkin_pie":1,"minecraft:nether_bricks":23,"mcda:phantom_bones":1,"minecraft:diamond_boots":2,"minecraft:gold_ingot":21,"minecraft:bone_block":3,"minecraft:mutton":5,"minecraft:skeleton_skull":1,"minecraft:white_wool":8,"minecraft:oxeye_daisy":1,"minecraft:stripped_oak_log":9,"minecraft:golden_carrot":1,"minecraft:leather":24,"bloomingnature:genisteae":2,"minecraft:oak_log":110,"minecraft:ancient_debris":2,"biomesoplenty:jacaranda_planks":3,"minecraft:gunpowder":14,"minecraft:paper":1,"tombstone:gift":3,"minecraft:cooked_mutton":18,"bloomingnature:swamp_oak_door":2,"bloomingnature:swamp_oak_sapling":1,"minecraft:kelp":2117,"minecraft:iron_ingot":29,"minecraft:stone_pickaxe":1,"orcz:orcteeth_tool_axe":1,"tombstone:bag_of_seeds":1,"minecraft:glass_bottle":1,"mcda:evocation_robe_chestplate":1,"minecraft:iron_sword":1,"minecraft:soul_sand":6,"minecraft:book":61,"stalwart_dungeons:transient_block_close":12,"minecraft:smooth_basalt":8,"minecraft:quartz":715,"minecraft:dandelion":1,"minecraft:spyglass":1,"minecraft:raw_iron_block":12,"minecraft:gravel":12,"minecraft:amethyst_shard":16,"minecraft:blast_furnace":9,"minecraft:white_bed":1,"minecraft:gold_ore":2,"minecraft:crying_obsidian":4,"minecraft:spider_eye":8,"minecraft:leather_helmet":3,"minecraft:dried_kelp_block":93,"minecraft:slime_ball":6,"minecraft:iron_helmet":2,"minecraft:baked_potato":848,"tombstone:magic_scroll":2,"minecraft:sunflower":1,"minecraft:coal":553,"minecraft:ender_pearl":6},"minecraft:mined":{"stalwart_dungeons:spore_vaporizer":12,"minecraft:red_nether_bricks":3,"biomesoplenty:brimstone":35,"minecraft:granite":18,"minecraft:grass_block":30,"minecraft:cracked_polished_blackstone_bricks":7,"bloomingnature:freesia_pink":1,"bloomingnature:genisteae":3,"minecraft:oxeye_daisy":1,"minecraft:tall_seagrass":16,"minecraft:polished_blackstone_bricks":7,"minecraft:weeping_vines_plant":1,"minecraft:magma_block":1,"minecraft:iron_ore":144,"minecraft:fire":39,"minecraft:cobbled_deepslate":5,"minecraft:deepslate_lapis_ore":5,"minecraft:dirt_path":1,"minecraft:deepslate_redstone_ore":6,"minecraft:brown_mushroom":1,"minecraft:kelp_plant":472,"biomesoplenty:jacaranda_planks":1,"minecraft:smoker":1,"stalwart_dungeons:transient_block_close":12,"minecraft:amethyst_cluster":4,"biomesoplenty:brimstone_fumarole":1,"minecraft:note_block":2,"minecraft:blast_furnace":8,"bloomingnature:swamp_oak_door":1,"minecraft:calcite":6,"minecraft:poppy":3,"minecraft:chest":4,"minecraft:nether_quartz_ore":618,"minecraft:cobblestone":16,"minecraft:cyan_bed":6,"minecraft:sugar_cane":325,"minecraft:wall_torch":19,"minecraft:amethyst_block":5,"minecraft:seagrass":12,"paraglider:horned_statue":1,"minecraft:wheat":172,"minecraft:black_bed":4,"minecraft:grass":417,"minecraft:oak_log":112,"minecraft:dirt":80,"minecraft:smooth_basalt":4,"minecraft:ancient_debris":2,"minecraft:netherrack":512,"minecraft:oak_leaves":2,"minecraft:deepslate":186,"minecraft:nether_gold_ore":17,"minecraft:diamond_ore":1,"minecraft:tuff":11,"minecraft:deepslate_diamond_ore":35,"biomesoplenty:bush":2,"minecraft:nether_bricks":13,"travelersbackpack:white_sleeping_bag":5,"minecraft:kelp":86,"minecraft:cracked_nether_bricks":2,"minecraft:large_fern":76,"minecraft:furnace":13,"minecraft:carrots":90,"minecraft:andesite":18,"minecraft:gold_block":1,"bloomingnature:swamp_oak_leaves":3,"minecraft:bookshelf":20,"minecraft:potatoes":679,"farmersdelight:rope":1,"minecraft:deepslate_iron_ore":131,"biomesoplenty:brimstone_bud":2,"minecraft:stripped_oak_log":9,"minecraft:stone":463,"bloomingnature:bluebell":4,"minecraft:cake":2,"travelersbackpack:spider":1,"minecraft:lily_of_the_valley":2,"minecraft:basalt":2,"minecraft:dandelion":1,"minecraft:oak_fence":1,"minecraft:cornflower":1,"minecraft:crafting_table":4,"minecraft:emerald_ore":3,"minecraft:rose_bush":2,"minecraft:tall_grass":227,"minecraft:deepslate_coal_ore":11,"minecraft:deepslate_gold_ore":28,"minecraft:lapis_ore":5,"minecraft:diorite":7,"minecraft:spruce_stairs":1,"bloomingnature:swamp_oak_log":29,"minecraft:coal_ore":315,"minecraft:sunflower":1,"minecraft:gravel":1,"minecraft:cobweb":34,"minecraft:gold_ore":12,"minecraft:chipped_anvil":2,"minecraft:fern":40},"minecraft:used":{"orcz:blue_orcshroom":1,"orcz:orcteeth_tool_shovel":3,"bloomingnature:swamp_oak_door":2,"minecraft:chest":16,"minecraft:shield":34,"minecraft:iron_sword":359,"minecraft:rotten_flesh":21,"minecraft:iron_chestplate":1,"travelersbackpack:hay":4,"minecraft:carrot":121,"minecraft:tuff":3,"minecraft:iron_helmet":2,"minecraft:oak_sapling":2,"minecraft:furnace":3,"minecraft:potato":970,"travelersbackpack:spider":5,"aquaculture:atlantic_herring":2,"minecraft:oak_planks":12,"minecraft:sugar_cane":169,"minecraft:golden_apple":1,"minecraft:sand":6,"minecraft:blast_furnace":11,"minecraft:note_block":3,"minecraft:black_bed":2,"orcz:orcteeth_tool_sword":258,"bloomingnature:swamp_oak_sapling":1,"minecraft:bread":4,"minecraft:cyan_bed":7,"spartanshields:diamond_tower_shield":6,"minecraft:gravel":2,"ecologics:coconut_slice":2,"minecraft:fire_charge":1,"minecraft:oak_boat":2,"minecraft:bone_meal":235,"minecraft:oak_fence":1,"minecraft:experience_bottle":4,"minecraft:rose_bush":1,"minecraft:enchanting_table":1,"minecraft:flint_and_steel":2,"mcdw:pick_diamond_pickaxe_var":1536,"minecraft:cooked_chicken":4,"minecraft:netherrack":72,"minecraft:torch":408,"mcdw:sword_diamond_sword_var":325,"minecraft:dirt":311,"minecraft:spyglass":144,"minecraft:anvil":1,"minecraft:granite":10,"farmersdelight:rope":1,"minecraft:iron_hoe":30,"minecraft:bookshelf":13,"minecraft:iron_axe":58,"minecraft:iron_boots":1,"minecraft:golden_carrot":1,"tombstone:gift":10,"minecraft:cooked_beef":3,"minecraft:cobbled_deepslate":113,"minecraft:iron_leggings":1,"minecraft:wheat_seeds":107,"minecraft:cooked_mutton":3,"minecraft:water_bucket":97,"minecraft:baked_potato":181,"minecraft:red_nether_bricks":1,"orcz:orcteeth_tool_pickaxe":503,"minecraft:cobblestone_slab":2,"spartanshields:iron_tower_shield":36,"minecraft:crafting_table":4,"minecraft:white_bed":1,"minecraft:cake":1,"minecraft:smoker":11,"bloomingnature:bluebell":1,"minecraft:oxeye_daisy":1,"orcz:orcteeth_tool_axe":293,"minecraft:iron_pickaxe":727,"travelersbackpack:white_sleeping_bag":5,"minecraft:cobblestone":263,"minecraft:cooked_porkchop":16,"minecraft:bucket":104,"minecraft:pumpkin_pie":8,"minecraft:kelp":19,"minecraft:stripped_oak_log":2,"minecraft:dandelion":1},"minecraft:killed":{"minecraft:cave_spider":2,"minecraft:spider":12,"enemyexpansion:equestrian":3,"minecraft:skeleton":31,"minecraft:chicken":1,"bloomingnature:squirrel":1,"minecraft:silverfish":2,"orcz:squig":2,"aquaculture:atlantic_herring":2,"minecraft:piglin_brute":1,"minecraft:piglin":2,"minecraft:pig":9,"minecraft:zombie_villager":1,"stalwart_dungeons:giddy_blaze":12,"minecraft:creeper":2,"minecraft:sheep":7,"minecraft:trader_llama":2,"minecraft:pillager":2,"minecraft:zombie":26,"enemyexpansion:botfly":8,"orcz:orcsavage_2sword":1,"minecraft:cow":5,"bloomingnature:owl":1,"bloomingnature:deer":1,"alexsmobs:tasmanian_devil":1,"minecraft:slime":6,"enemyexpansion:direwolf":14,"bloomingnature:turkey":4,"minecraft:phantom":2,"enemyexpansion:silverqueen":1,"stalwart_dungeons:nether_wart_cocoon":8,"minecraft:drowned":2,"orcz:orcsavagemace":1,"enemyexpansion:goblin":2,"alexsmobs:flying_fish":1,"friendsandfoes:copper_golem":1,"enemyexpansion:sprinter":3,"minecraft:wandering_trader":1,"enemyexpansion:huntsman":4,"friendsandfoes:moobloom":3,"minecraft:enderman":2,"enemyexpansion:slugger":3,"bloomingnature:pelican":1},"minecraft:killed_by":{"minecraft:creeper":1,"enemyexpansion:slugger":1,"minecraft:player":4,"stalwart_dungeons:giddy_blaze":8,"minecraft:phantom":1},"minecraft:broken":{"orcz:orcteeth_tool_pickaxe":2,"minecraft:shield":1,"orcz:orcteeth_tool_sword":1,"minecraft:iron_pickaxe":2,"minecraft:iron_helmet":1},"minecraft:crafted":{"minecraft:smooth_stone":10,"minecraft:oak_planks":292,"minecraft:cooked_chicken":2,"spartanshields:wooden_tower_shield":2,"bloomingnature:swamp_oak_door":3,"minecraft:stone":76,"minecraft:bookshelf":16,"mcdw:sword_diamond_sword_var":1,"orcz:orcteeth_tool_shovel":1,"minecraft:cooked_mutton":2,"minecraft:diamond_helmet":1,"minecraft:diamond_leggings":1,"minecraft:iron_boots":1,"minecraft:chest":12,"minecraft:dried_kelp_block":290,"minecraft:golden_boots":1,"minecraft:raw_iron_block":20,"minecraft:smoker":10,"spartanshields:diamond_tower_shield":1,"minecraft:cooked_porkchop":10,"minecraft:crafting_table":2,"minecraft:iron_helmet":1,"spartanshields:iron_tower_shield":1,"minecraft:baked_potato":1058,"bloomingnature:swamp_oak_planks":100,"minecraft:iron_chestplate":1,"orcz:orcteeth_tool_axe":2,"minecraft:paper":414,"minecraft:shield":1,"minecraft:stick":132,"minecraft:iron_ingot":405,"minecraft:iron_pickaxe":3,"minecraft:iron_block":2,"minecraft:gold_ingot":101,"minecraft:raw_iron":172,"orcz:orcteeth_tool_sword":1,"minecraft:spyglass":3,"minecraft:furnace":3,"minecraft:blast_furnace":3,"minecraft:bone_meal":189,"minecraft:iron_axe":1,"orcz:orcteeth_tool_pickaxe":2,"mcdw:pick_diamond_pickaxe_var":1,"minecraft:diamond_boots":1,"minecraft:coal_block":32,"minecraft:enchanting_table":1,"minecraft:dried_kelp":2530,"minecraft:iron_sword":3,"minecraft:bucket":1,"minecraft:bread":4,"minecraft:air":0,"minecraft:oak_boat":2,"minecraft:white_wool":10,"minecraft:iron_leggings":1,"minecraft:anvil":1,"minecraft:white_bed":3,"minecraft:torch":448,"minecraft:diamond_chestplate":1},"minecraft:custom":{"minecraft:interact_with_crafting_table":116,"minecraft:open_barrel":11,"minecraft:leave_game":7,"minecraft:time_since_death":25141,"minecraft:damage_resisted":229,"minecraft:sprint_one_cm":1846034,"minecraft:damage_blocked_by_shield":5590,"minecraft:drop":340,"minecraft:play_noteblock":61,"minecraft:talked_to_villager":1,"minecraft:play_time":614449,"minecraft:deaths":19,"minecraft:jump":14725,"minecraft:walk_on_water_one_cm":127404,"minecraft:enchant_item":2,"minecraft:interact_with_furnace":362,"minecraft:interact_with_loom":5,"minecraft:sleep_in_bed":7,"tombstone:sneak_grave":16,"minecraft:damage_dealt":34584,"minecraft:player_kills":2,"minecraft:crouch_one_cm":166952,"tombstone:undead_killed":75,"tombstone:villager_killed":1,"minecraft:interact_with_smoker":298,"minecraft:horse_one_cm":404875,"minecraft:interact_with_smithing_table":8,"minecraft:interact_with_anvil":1,"minecraft:mob_kills":220,"minecraft:damage_dealt_resisted":1206,"minecraft:climb_one_cm":5382,"minecraft:walk_one_cm":961133,"minecraft:sneak_time":57910,"minecraft:walk_under_water_one_cm":75271,"minecraft:boat_one_cm":53640,"minecraft:interact_with_blast_furnace":96,"minecraft:total_world_time":614449,"spartanshields:shield_bash_hits":5,"tombstone:raider_killed":4,"minecraft:tune_noteblock":124,"minecraft:time_since_rest":24618,"minecraft:damage_taken":14525,"minecraft:damage_absorbed":40,"tombstone:cast_on_ally":1,"minecraft:swim_one_cm":227953,"minecraft:fly_one_cm":2370473,"minecraft:open_chest":580,"minecraft:fall_one_cm":352978}},"DataVersion":3465}