{"stats":{"minecraft:crafted":{"minecraft:wooden_sword":1,"ironchests:copper_chest":1,"minecraft:smooth_stone":1,"minecraft:oak_planks":40,"minecraft:stone_shovel":1,"spartanshields:wooden_tower_shield":2,"minecraft:furnace":2,"minecraft:stone":1,"aquaculture:fish_fillet_raw":7,"minecraft:glass":12,"minecraft:iron_boots":1,"spartanshields:copper_tower_shield":1,"minecraft:stone_pickaxe":2,"minecraft:chest":2,"stalwart_dungeons:iron_hammer":1,"travelersbackpack:spider":1,"paraglider:paraglider":1,"biomesoplenty:jacaranda_planks":4,"biomesoplenty:redwood_door":3,"minecraft:crafting_table":2,"biomesoplenty:redwood_planks":52,"travelersbackpack:backpack_tank":2,"minecraft:iron_helmet":1,"spartanshields:iron_tower_shield":1,"minecraft:wooden_pickaxe":1,"travelersbackpack:standard":1,"minecraft:copper_ingot":14,"minecraft:bucket":1,"minecraft:stone_axe":1,"minecraft:air":0,"travelersbackpack:red_sleeping_bag":2,"minecraft:iron_chestplate":1,"minecraft:stick":28,"minecraft:iron_ingot":61,"minecraft:iron_pickaxe":1,"aquaculture:stone_fillet_knife":1,"minecraft:iron_leggings":1,"minecraft:gold_ingot":11,"minecraft:torch":12},"minecraft:broken":{"minecraft:stone_pickaxe":2},"minecraft:mined":{"minecraft:tuff":1,"minecraft:mossy_cobblestone":1,"minecraft:deepslate_diamond_ore":2,"bloomingnature:genisteae":1,"minecraft:moss_block":3,"orcz:bone_1deco":1,"biomesoplenty:jacaranda_log":1,"biomesoplenty:tall_lavender":1,"minecraft:iron_ore":42,"minecraft:deepslate_lapis_ore":1,"biomesoplenty:redwood_door":1,"biomesoplenty:redwood_log":5,"minecraft:deepslate_iron_ore":19,"biomesoplenty:webbing":9,"biomesoplenty:spider_egg":3,"minecraft:stone":180,"minecraft:white_wool":1,"minecraft:red_wool":8,"minecraft:rose_bush":1,"minecraft:tall_grass":3,"minecraft:copper_ore":8,"minecraft:cobblestone":15,"minecraft:lapis_ore":3,"minecraft:deepslate_gold_ore":8,"minecraft:diorite":30,"minecraft:wall_torch":1,"minecraft:seagrass":1,"minecraft:smooth_stone_slab":4,"minecraft:grass":14,"minecraft:oak_log":10,"minecraft:coal_ore":7,"minecraft:sand":14,"minecraft:dirt":28,"minecraft:cobweb":35,"minecraft:gold_ore":3,"biomesoplenty:redwood_wood":4,"minecraft:oak_leaves":3,"minecraft:deepslate":14,"minecraft:fern":4},"minecraft:picked_up":{"biomesoplenty:redwood_log":5,"enemyexpansion:wasp_thorax":2,"minecraft:cornflower":1,"aquaculture:muskellunge":1,"minecraft:string":48,"minecraft:raw_copper":20,"minecraft:smooth_stone_slab":4,"minecraft:item_frame":1,"biomesoplenty:tall_lavender":1,"aquaculture:bluegill":1,"minecraft:cobbled_deepslate":17,"minecraft:beef":36,"minecraft:light_gray_wool":1,"biomesoplenty:redwood_wood":8,"minecraft:raw_iron":61,"minecraft:porkchop":2,"minecraft:diorite":28,"minecraft:carrot":1,"aquaculture:fish_fillet_cooked":7,"biomesoplenty:redwood_planks":1,"minecraft:arrow":5,"minecraft:rotten_flesh":11,"biomesoplenty:jacaranda_log":1,"aquaculture:carp":1,"minecraft:mutton":6,"minecraft:white_wool":3,"minecraft:cobblestone":192,"minecraft:cooked_beef":30,"minecraft:glow_ink_sac":3,"minecraft:leather":7,"alexsmobs:bison_fur":1,"biomesoplenty:redwood_door":1,"bloomingnature:genisteae":1,"minecraft:tuff":1,"minecraft:oak_log":10,"minecraft:lapis_lazuli":26,"minecraft:dirt":28,"minecraft:cooked_mutton":5,"minecraft:red_carpet":3,"minecraft:bone":7,"minecraft:wheat_seeds":1,"minecraft:raw_gold":11,"minecraft:moss_block":3,"aquaculture:smallmouth_bass":2,"aquaculture:gar":1,"minecraft:cooked_porkchop":2,"minecraft:red_wool":12,"orcz:bone_1deco":1,"minecraft:sand":14,"minecraft:mossy_cobblestone":1,"minecraft:spider_eye":5,"minecraft:bundle":1,"minecraft:diamond":2,"minecraft:bone_meal":1,"tombstone:magic_scroll":1,"minecraft:oak_sapling":1,"minecraft:coal":7,"minecraft:ender_pearl":1},"minecraft:killed":{"minecraft:cave_spider":11,"aquaculture:bluegill":1,"minecraft:spider":2,"aquaculture:gar":1,"aquaculture:smallmouth_bass":3,"aquaculture:muskellunge":1,"minecraft:skeleton":5,"alexsmobs:bison":2,"aquaculture:carp":1,"minecraft:pig":1,"enemyexpansion:ladybug":1,"enemyexpansion:sprinter":1,"minecraft:sheep":3,"enemyexpansion:meature":1,"minecraft:zombie":6,"enemyexpansion:botfly":3,"minecraft:cow":9,"enemyexpansion:wasp":2,"enemyexpansion:slugger":2},"minecraft:custom":{"minecraft:mob_kills":56,"minecraft:interact_with_crafting_table":60,"minecraft:interact_with_campfire":45,"minecraft:leave_game":3,"minecraft:time_since_death":135267,"minecraft:sprint_one_cm":328155,"minecraft:walk_one_cm":396612,"minecraft:damage_blocked_by_shield":740,"minecraft:drop":18,"minecraft:talked_to_villager":3,"minecraft:play_time":155174,"minecraft:deaths":2,"minecraft:sneak_time":8428,"minecraft:walk_under_water_one_cm":9869,"minecraft:jump":3143,"minecraft:walk_on_water_one_cm":22385,"minecraft:total_world_time":155174,"minecraft:interact_with_furnace":93,"spartanshields:shield_bash_hits":4,"minecraft:sleep_in_bed":1,"minecraft:time_since_rest":68287,"minecraft:damage_taken":2396,"minecraft:damage_dealt":8109,"minecraft:swim_one_cm":14160,"minecraft:fly_one_cm":524206,"minecraft:open_chest":7,"minecraft:crouch_one_cm":32421,"tombstone:undead_killed":15,"minecraft:fall_one_cm":68209},"minecraft:dropped":{"minecraft:cooked_beef":2,"minecraft:cooked_porkchop":1,"minecraft:red_wool":8,"minecraft:cornflower":1,"minecraft:gold_ingot":1,"minecraft:furnace":1,"minecraft:tuff":1,"minecraft:rotten_flesh":4,"biomesoplenty:redwood_planks":1,"spartanshields:copper_tower_shield":1,"minecraft:spider_eye":1,"minecraft:wooden_pickaxe":1,"minecraft:beef":1},"minecraft:used":{"bloomingnature:genisteae":1,"minecraft:moss_block":3,"stalwart_dungeons:iron_hammer":95,"biomesoplenty:redwood_door":4,"minecraft:stone_shovel":36,"biomesoplenty:redwood_planks":3,"minecraft:iron_chestplate":1,"minecraft:torch":28,"minecraft:dirt":8,"minecraft:mutton":1,"minecraft:carrot":2,"aquaculture:muskellunge":1,"minecraft:lava_bucket":1,"minecraft:iron_helmet":1,"minecraft:iron_boots":1,"minecraft:red_carpet":3,"travelersbackpack:red_sleeping_bag":1,"minecraft:oak_sapling":1,"minecraft:furnace":1,"tombstone:gift":3,"ironchests:copper_chest":1,"minecraft:cooked_beef":16,"aquaculture:fish_fillet_cooked":7,"minecraft:cobbled_deepslate":12,"minecraft:iron_leggings":1,"travelersbackpack:spider":2,"minecraft:cooked_mutton":5,"minecraft:water_bucket":2,"minecraft:stone_pickaxe":262,"minecraft:wooden_pickaxe":3,"spartanshields:iron_tower_shield":24,"minecraft:white_wool":1,"minecraft:mossy_cobblestone":1,"minecraft:sand":2,"minecraft:crafting_table":2,"minecraft:iron_pickaxe":80,"spartanshields:copper_tower_shield":8,"aquaculture:gar":1,"minecraft:stone_axe":48,"orcz:bone_1deco":1,"minecraft:wooden_sword":12,"minecraft:cobblestone":41,"travelersbackpack:standard":3,"minecraft:cooked_porkchop":1,"aquaculture:stone_fillet_knife":35,"minecraft:bucket":4,"minecraft:smooth_stone_slab":4,"alexsmobs:animal_dictionary":1},"minecraft:killed_by":{"enemyexpansion:huntsman":1,"alexsmobs:grizzly_bear":1}},"DataVersion":3465}