{"stats":{"minecraft:crafted":{"minecraft:wooden_sword":1,"ironchests:copper_chest":1,"minecraft:oak_planks":36,"minecraft:stone_shovel":1,"biomesoplenty:jacaranda_planks":4,"biomesoplenty:redwood_door":3,"minecraft:crafting_table":2,"biomesoplenty:redwood_planks":32,"travelersbackpack:backpack_tank":2,"spartanshields:iron_tower_shield":1,"minecraft:wooden_pickaxe":1,"spartanshields:wooden_tower_shield":2,"minecraft:furnace":1,"minecraft:copper_ingot":14,"minecraft:stone_axe":1,"minecraft:air":0,"travelersbackpack:red_sleeping_bag":1,"aquaculture:fish_fillet_raw":7,"minecraft:glass":12,"spartanshields:copper_tower_shield":1,"minecraft:stick":16,"minecraft:iron_ingot":22,"minecraft:stone_pickaxe":2,"aquaculture:stone_fillet_knife":1,"minecraft:chest":1,"minecraft:torch":8},"minecraft:broken":{"minecraft:stone_pickaxe":1},"minecraft:mined":{"minecraft:red_wool":3,"minecraft:mossy_cobblestone":1,"minecraft:rose_bush":1,"minecraft:copper_ore":8,"minecraft:tall_grass":1,"minecraft:cobblestone":10,"minecraft:diorite":20,"orcz:bone_1deco":1,"minecraft:wall_torch":1,"minecraft:seagrass":1,"biomesoplenty:jacaranda_log":1,"minecraft:iron_ore":22,"minecraft:smooth_stone_slab":4,"biomesoplenty:redwood_door":1,"minecraft:grass":7,"minecraft:oak_log":9,"minecraft:coal_ore":6,"minecraft:sand":14,"minecraft:dirt":26,"biomesoplenty:spider_egg":1,"minecraft:stone":168,"biomesoplenty:redwood_wood":4,"minecraft:oak_leaves":3,"minecraft:fern":4},"minecraft:picked_up":{"biomesoplenty:redwood_door":1,"minecraft:oak_log":9,"minecraft:string":2,"minecraft:dirt":26,"aquaculture:muskellunge":1,"minecraft:raw_copper":20,"minecraft:smooth_stone_slab":4,"minecraft:cooked_mutton":1,"minecraft:red_carpet":2,"minecraft:wheat_seeds":1,"aquaculture:bluegill":1,"biomesoplenty:redwood_wood":8,"minecraft:raw_iron":22,"aquaculture:smallmouth_bass":2,"aquaculture:gar":1,"minecraft:red_wool":3,"orcz:bone_1deco":1,"minecraft:sand":14,"minecraft:diorite":20,"minecraft:spider_eye":1,"minecraft:mossy_cobblestone":1,"aquaculture:fish_fillet_cooked":7,"biomesoplenty:redwood_planks":1,"biomesoplenty:jacaranda_log":1,"minecraft:bone_meal":1,"aquaculture:carp":1,"minecraft:oak_sapling":1,"minecraft:mutton":2,"minecraft:coal":6,"minecraft:white_wool":1,"minecraft:cobblestone":178},"minecraft:killed":{"minecraft:cave_spider":1,"aquaculture:bluegill":1,"aquaculture:gar":1,"enemyexpansion:sprinter":1,"aquaculture:smallmouth_bass":3,"aquaculture:muskellunge":1,"minecraft:sheep":1,"aquaculture:carp":1},"minecraft:custom":{"minecraft:interact_with_furnace":27,"minecraft:mob_kills":10,"minecraft:interact_with_crafting_table":30,"minecraft:interact_with_campfire":8,"minecraft:leave_game":2,"minecraft:time_since_death":41037,"minecraft:time_since_rest":39360,"minecraft:sprint_one_cm":129168,"minecraft:damage_taken":790,"minecraft:walk_one_cm":133095,"minecraft:damage_blocked_by_shield":140,"minecraft:drop":2,"minecraft:damage_dealt":585,"minecraft:swim_one_cm":7433,"minecraft:fly_one_cm":176562,"minecraft:open_chest":4,"minecraft:crouch_one_cm":18615,"minecraft:play_time":60944,"tombstone:undead_killed":1,"minecraft:deaths":2,"minecraft:sneak_time":4677,"minecraft:walk_under_water_one_cm":7958,"minecraft:jump":1035,"minecraft:walk_on_water_one_cm":9643,"minecraft:total_world_time":60944,"minecraft:fall_one_cm":20912},"minecraft:dropped":{"biomesoplenty:redwood_planks":1,"minecraft:wooden_pickaxe":1},"minecraft:used":{"minecraft:cooked_mutton":1,"biomesoplenty:redwood_door":4,"biomesoplenty:redwood_planks":3,"minecraft:stone_shovel":36,"minecraft:stone_pickaxe":237,"minecraft:wooden_pickaxe":3,"minecraft:torch":24,"minecraft:mossy_cobblestone":1,"minecraft:sand":2,"minecraft:mutton":1,"minecraft:crafting_table":2,"aquaculture:muskellunge":1,"spartanshields:copper_tower_shield":8,"aquaculture:gar":1,"minecraft:stone_axe":18,"orcz:bone_1deco":1,"minecraft:wooden_sword":12,"minecraft:cobblestone":7,"minecraft:furnace":1,"minecraft:oak_sapling":1,"minecraft:smooth_stone_slab":4,"tombstone:gift":2,"ironchests:copper_chest":1,"alexsmobs:animal_dictionary":1,"aquaculture:fish_fillet_cooked":6},"minecraft:killed_by":{"alexsmobs:grizzly_bear":1,"enemyexpansion:huntsman":1}},"DataVersion":3465}