{"stats":{"minecraft:crafted":{"minecraft:wooden_sword":1,"ironchests:copper_chest":1,"minecraft:smooth_stone":1,"minecraft:oak_planks":44,"minecraft:stone_shovel":1,"spartanshields:wooden_tower_shield":2,"minecraft:furnace":3,"minecraft:stone":1,"aquaculture:fish_fillet_raw":7,"minecraft:glass":12,"minecraft:iron_boots":1,"minecraft:iron_axe":1,"spartanshields:copper_tower_shield":1,"minecraft:stone_pickaxe":2,"minecraft:chest":2,"stalwart_dungeons:iron_hammer":1,"travelersbackpack:spider":1,"minecraft:cooked_beef":5,"paraglider:paraglider":1,"biomesoplenty:jacaranda_planks":8,"biomesoplenty:redwood_door":3,"minecraft:crafting_table":3,"biomesoplenty:redwood_planks":52,"travelersbackpack:backpack_tank":2,"minecraft:iron_helmet":2,"spartanshields:iron_tower_shield":1,"minecraft:wooden_pickaxe":1,"travelersbackpack:standard":1,"minecraft:copper_ingot":14,"minecraft:bucket":1,"minecraft:stone_axe":1,"mcdw:sword_katana":1,"minecraft:air":0,"travelersbackpack:red_sleeping_bag":2,"minecraft:iron_chestplate":2,"minecraft:stick":36,"minecraft:iron_ingot":61,"minecraft:iron_pickaxe":1,"aquaculture:stone_fillet_knife":1,"minecraft:iron_leggings":1,"minecraft:gold_ingot":11,"minecraft:torch":28},"minecraft:broken":{"minecraft:stone_pickaxe":2,"minecraft:stone_axe":1,"stalwart_dungeons:iron_hammer":1},"minecraft:mined":{"minecraft:tuff":1,"minecraft:mossy_cobblestone":1,"minecraft:deepslate_diamond_ore":21,"minecraft:granite":2,"minecraft:spruce_fence":2,"minecraft:grass_block":7,"bloomingnature:genisteae":1,"minecraft:moss_block":3,"orcz:bone_1deco":1,"minecraft:spawner":2,"minecraft:black_stained_glass_pane":2,"minecraft:magma_block":3,"biomesoplenty:jacaranda_log":2,"biomesoplenty:tall_lavender":1,"minecraft:furnace":1,"minecraft:iron_ore":42,"biomesoplenty:lavender":2,"minecraft:deepslate_lapis_ore":1,"biomesoplenty:redwood_door":1,"biomesoplenty:redwood_log":5,"minecraft:deepslate_iron_ore":22,"biomesoplenty:webbing":9,"biomesoplenty:spider_egg":3,"minecraft:stone":194,"minecraft:white_wool":2,"minecraft:podzol":2,"minecraft:smithing_table":1,"minecraft:red_wool":8,"minecraft:smoker":1,"minecraft:crafting_table":2,"minecraft:blast_furnace":1,"minecraft:calcite":2,"minecraft:rose_bush":1,"minecraft:tall_grass":8,"minecraft:copper_ore":8,"minecraft:cobblestone":24,"minecraft:lapis_ore":3,"minecraft:deepslate_gold_ore":8,"minecraft:diorite":43,"minecraft:wall_torch":1,"minecraft:seagrass":1,"orcz:blue_orcshroom":1,"minecraft:smooth_stone_slab":4,"minecraft:grass":18,"minecraft:oak_log":11,"minecraft:coal_ore":11,"minecraft:gravel":14,"minecraft:sand":14,"minecraft:dirt":38,"minecraft:cobweb":35,"minecraft:stonecutter":1,"minecraft:gold_ore":3,"biomesoplenty:redwood_wood":4,"minecraft:oak_leaves":5,"minecraft:deepslate":75,"minecraft:fern":4},"minecraft:picked_up":{"biomesoplenty:redwood_log":5,"minecraft:crafting_table":2,"minecraft:chicken":1,"minecraft:smithing_table":1,"enemyexpansion:wasp_thorax":2,"minecraft:enchanted_book":1,"minecraft:cornflower":1,"aquaculture:muskellunge":1,"minecraft:string":50,"minecraft:raw_copper":20,"minecraft:smooth_stone_slab":4,"minecraft:item_frame":4,"biomesoplenty:tall_lavender":3,"minecraft:experience_bottle":1,"aquaculture:bluegill":1,"minecraft:cobbled_deepslate":77,"minecraft:beef":39,"minecraft:light_gray_wool":1,"biomesoplenty:redwood_wood":8,"minecraft:furnace":1,"minecraft:raw_iron":64,"minecraft:spruce_fence":2,"aquaculture:perch":1,"minecraft:porkchop":2,"tombstone:grave_dust":6,"minecraft:diorite":41,"minecraft:carrot":1,"minecraft:stone_pressure_plate":1,"aquaculture:fish_fillet_cooked":7,"biomesoplenty:redwood_planks":1,"minecraft:arrow":19,"minecraft:rotten_flesh":17,"biomesoplenty:jacaranda_log":2,"minecraft:pumpkin_pie":2,"tombstone:essence_of_undeath":1,"aquaculture:carp":1,"minecraft:mutton":6,"minecraft:white_wool":3,"minecraft:cobblestone":214,"biomesoplenty:lavender":13,"minecraft:magma_block":3,"minecraft:feather":2,"minecraft:cooked_beef":30,"orcz:orcteeth":4,"minecraft:glow_ink_sac":3,"minecraft:leather":9,"minecraft:smoker":1,"alexsmobs:bison_fur":1,"paraglider:spirit_orb":4,"biomesoplenty:redwood_door":1,"bloomingnature:genisteae":1,"minecraft:tuff":1,"minecraft:oak_log":11,"minecraft:gunpowder":2,"minecraft:lapis_lazuli":26,"minecraft:dirt":47,"minecraft:cooked_mutton":5,"minecraft:red_carpet":3,"minecraft:bone":21,"minecraft:bow":1,"minecraft:stonecutter":1,"minecraft:wheat_seeds":3,"minecraft:raw_gold":11,"minecraft:moss_block":3,"aquaculture:smallmouth_bass":2,"aquaculture:gar":2,"minecraft:cooked_porkchop":2,"minecraft:red_wool":12,"minecraft:gravel":14,"orcz:bone_1deco":1,"minecraft:sand":14,"minecraft:blast_furnace":1,"minecraft:mossy_cobblestone":1,"minecraft:spider_eye":5,"minecraft:bundle":1,"minecraft:diamond":21,"minecraft:granite":3,"minecraft:bone_meal":1,"orcz:ironscrap":1,"tombstone:magic_scroll":2,"minecraft:oak_sapling":1,"minecraft:coal":11,"minecraft:ender_pearl":1},"minecraft:custom":{"minecraft:mob_kills":100,"minecraft:interact_with_crafting_table":67,"minecraft:open_barrel":3,"minecraft:interact_with_campfire":45,"minecraft:damage_dealt_resisted":192,"minecraft:leave_game":3,"minecraft:time_since_death":92742,"minecraft:climb_one_cm":802,"minecraft:sprint_one_cm":585496,"minecraft:walk_one_cm":645453,"minecraft:damage_blocked_by_shield":1800,"minecraft:drop":36,"minecraft:talked_to_villager":5,"minecraft:play_time":293174,"minecraft:deaths":3,"minecraft:sneak_time":18116,"minecraft:walk_under_water_one_cm":41410,"minecraft:jump":6124,"minecraft:interact_with_blast_furnace":7,"minecraft:walk_on_water_one_cm":57716,"minecraft:total_world_time":293174,"minecraft:interact_with_furnace":108,"spartanshields:shield_bash_hits":4,"tombstone:raider_killed":1,"minecraft:sleep_in_bed":1,"minecraft:time_since_rest":90343,"minecraft:damage_taken":5073,"minecraft:damage_dealt":16699,"minecraft:swim_one_cm":174141,"minecraft:fly_one_cm":1066607,"minecraft:open_chest":14,"minecraft:crouch_one_cm":48425,"tombstone:undead_killed":39,"minecraft:interact_with_smoker":2,"minecraft:fall_one_cm":140412},"minecraft:killed":{"enemyexpansion:trollenraged":1,"minecraft:cave_spider":11,"minecraft:witch":1,"aquaculture:bluegill":1,"minecraft:spider":5,"aquaculture:gar":2,"aquaculture:smallmouth_bass":3,"aquaculture:muskellunge":1,"minecraft:skeleton":19,"minecraft:chicken":1,"aquaculture:perch":1,"alexsmobs:bison":2,"orcz:orcsavageweird":1,"aquaculture:carp":1,"minecraft:pig":1,"enemyexpansion:ladybug":1,"enemyexpansion:sprinter":3,"minecraft:sheep":3,"enemyexpansion:meature":1,"minecraft:zombie":13,"enemyexpansion:vampire":1,"enemyexpansion:botfly":8,"minecraft:cow":10,"enemyexpansion:wasp":2,"enemyexpansion:slugger":2},"minecraft:dropped":{"minecraft:wheat_seeds":2,"minecraft:cooked_beef":2,"minecraft:cooked_porkchop":1,"biomesoplenty:lavender":12,"minecraft:red_wool":8,"minecraft:cornflower":1,"minecraft:bone_meal":1,"minecraft:gold_ingot":1,"minecraft:furnace":1,"minecraft:cobbled_deepslate":5,"minecraft:tuff":1,"minecraft:rotten_flesh":10,"biomesoplenty:redwood_planks":1,"spartanshields:copper_tower_shield":1,"minecraft:spider_eye":1,"minecraft:wooden_pickaxe":1,"minecraft:beef":1,"biomesoplenty:tall_lavender":3},"minecraft:used":{"bloomingnature:genisteae":1,"minecraft:moss_block":3,"stalwart_dungeons:iron_hammer":137,"biomesoplenty:redwood_door":4,"minecraft:stone_shovel":47,"biomesoplenty:redwood_planks":3,"minecraft:iron_chestplate":2,"minecraft:torch":44,"minecraft:dirt":46,"minecraft:mutton":1,"minecraft:carrot":2,"minecraft:spruce_fence":2,"aquaculture:muskellunge":1,"minecraft:lava_bucket":9,"minecraft:iron_axe":3,"minecraft:iron_helmet":3,"minecraft:iron_boots":2,"minecraft:magma_block":3,"minecraft:item_frame":2,"minecraft:red_carpet":3,"travelersbackpack:red_sleeping_bag":1,"minecraft:beef":2,"minecraft:oak_sapling":1,"minecraft:furnace":2,"tombstone:gift":4,"minecraft:potato":13,"ironchests:copper_chest":1,"minecraft:stone_pressure_plate":1,"minecraft:cooked_beef":32,"aquaculture:fish_fillet_cooked":7,"minecraft:cobbled_deepslate":19,"minecraft:iron_leggings":2,"travelersbackpack:spider":2,"minecraft:cooked_mutton":5,"minecraft:water_bucket":2,"minecraft:diorite":1,"minecraft:diamond_boots":1,"minecraft:stone_pickaxe":262,"minecraft:wooden_pickaxe":3,"biomesoplenty:lavender":1,"spartanshields:iron_tower_shield":49,"minecraft:white_wool":1,"minecraft:mossy_cobblestone":1,"minecraft:sand":2,"minecraft:crafting_table":4,"minecraft:chicken":1,"minecraft:bread":18,"minecraft:iron_pickaxe":218,"mcdw:sword_katana":76,"tombstone:magic_scroll":1,"spartanshields:copper_tower_shield":8,"aquaculture:gar":2,"minecraft:stone_axe":78,"orcz:bone_1deco":1,"minecraft:wooden_sword":12,"minecraft:cobblestone":108,"travelersbackpack:standard":3,"minecraft:cooked_porkchop":1,"aquaculture:stone_fillet_knife":35,"minecraft:bucket":13,"minecraft:pumpkin_pie":7,"minecraft:smooth_stone_slab":4,"alexsmobs:animal_dictionary":1,"aquaculture:perch":1,"minecraft:experience_bottle":1},"minecraft:killed_by":{"alexsmobs:murmur_head":1,"enemyexpansion:huntsman":1,"alexsmobs:grizzly_bear":1}},"DataVersion":3465}