{"stats":{"minecraft:crafted":{"biomesoplenty:jacaranda_planks":4,"biomesoplenty:redwood_planks":20},"minecraft:mined":{"biomesoplenty:jacaranda_log":1,"minecraft:grass":6,"minecraft:oak_log":6,"minecraft:rose_bush":1,"minecraft:tall_grass":1,"biomesoplenty:redwood_wood":1,"minecraft:oak_leaves":3,"minecraft:fern":4},"minecraft:picked_up":{"aquaculture:gar":1,"minecraft:oak_log":6,"aquaculture:muskellunge":1,"minecraft:cooked_mutton":1,"biomesoplenty:redwood_planks":1,"biomesoplenty:jacaranda_log":1,"minecraft:wheat_seeds":1,"biomesoplenty:redwood_wood":5,"minecraft:oak_sapling":1,"minecraft:mutton":2,"minecraft:white_wool":1},"minecraft:custom":{"minecraft:time_since_rest":5487,"minecraft:interact_with_furnace":1,"minecraft:sprint_one_cm":49243,"minecraft:damage_taken":400,"minecraft:walk_one_cm":39506,"minecraft:mob_kills":3,"minecraft:drop":1,"minecraft:damage_dealt":208,"minecraft:swim_one_cm":3934,"minecraft:fly_one_cm":87711,"minecraft:open_chest":3,"minecraft:crouch_one_cm":83,"minecraft:play_time":13128,"minecraft:interact_with_campfire":1,"minecraft:deaths":1,"minecraft:sneak_time":169,"minecraft:walk_under_water_one_cm":4273,"minecraft:jump":390,"minecraft:leave_game":1,"minecraft:walk_on_water_one_cm":3605,"minecraft:time_since_death":6951,"minecraft:total_world_time":13128,"minecraft:fall_one_cm":11951},"minecraft:killed":{"aquaculture:muskellunge":1,"minecraft:sheep":1,"aquaculture:gar":1},"minecraft:dropped":{"biomesoplenty:redwood_planks":1},"minecraft:used":{"minecraft:cooked_mutton":1,"aquaculture:gar":1,"minecraft:mutton":1,"minecraft:oak_sapling":1,"alexsmobs:animal_dictionary":1,"aquaculture:muskellunge":1},"minecraft:killed_by":{"alexsmobs:grizzly_bear":1}},"DataVersion":3465}