{"stats":{"minecraft:crafted":{"minecraft:oak_planks":48,"minecraft:stone_shovel":1,"biomesoplenty:jacaranda_planks":32,"minecraft:crafting_table":2,"biomesoplenty:redwood_planks":72,"minecraft:wooden_pickaxe":1,"minecraft:cooked_chicken":3,"minecraft:furnace":1,"minecraft:stone_axe":1,"minecraft:air":0,"aquaculture:fish_fillet_raw":2,"orcz:orcteeth_tool_axe":1,"minecraft:charcoal":7,"minecraft:stick":16,"minecraft:stone_pickaxe":1,"minecraft:chest":2,"biomesoplenty:jacaranda_door":3,"aquaculture:fish_fillet_cooked":2,"minecraft:torch":4,"aquaculture:wooden_fillet_knife":1},"minecraft:mined":{"minecraft:podzol":7,"orcz:orcamanita":1,"biomesoplenty:redwood_planks":2,"farmersdelight:wild_carrots":14,"minecraft:crafting_table":1,"minecraft:grass_block":2,"minecraft:rose_bush":1,"biomesoplenty:flowering_oak_leaves":1,"biomesoplenty:sprout":8,"minecraft:sugar_cane":3,"minecraft:large_fern":6,"biomesoplenty:jacaranda_log":15,"minecraft:iron_ore":1,"biomesoplenty:lavender":4,"minecraft:coal_ore":1,"minecraft:grass":55,"biomesoplenty:clover":20,"minecraft:oak_log":12,"biomesoplenty:redwood_log":14,"biomesoplenty:jacaranda_door":4,"minecraft:dirt":46,"minecraft:stone":95,"biomesoplenty:redwood_wood":18,"orcz:scrapblock":1,"minecraft:fern":23},"minecraft:picked_up":{"biomesoplenty:lavender":4,"biomesoplenty:redwood_log":14,"minecraft:crafting_table":1,"minecraft:feather":2,"orcz:orcteeth":21,"minecraft:chicken":3,"enemyexpansion:wasp_thorax":1,"biomesoplenty:jacaranda_door":4,"minecraft:oak_log":12,"minecraft:dirt":55,"minecraft:bone":2,"minecraft:wheat_seeds":8,"minecraft:beef":1,"biomesoplenty:redwood_wood":13,"minecraft:sugar_cane":6,"minecraft:raw_iron":1,"aquaculture:perch":2,"orcz:blue_orcshroom":2,"orcz:orchorn":1,"orcz:orcamanita":1,"minecraft:ink_sac":4,"minecraft:carrot":14,"biomesoplenty:redwood_planks":2,"minecraft:arrow":2,"minecraft:rotten_flesh":2,"biomesoplenty:jacaranda_log":14,"minecraft:diamond":7,"orcz:orcshroom":2,"aquaculture:carp":1,"minecraft:cobblestone":95},"minecraft:killed":{"alexsmobs:skunk":1,"alexsmobs:tasmanian_devil":1,"bloomingnature:turkey":3,"minecraft:squid":1,"minecraft:skeleton":1,"orcz:bigorcboss":1,"aquaculture:perch":2,"minecraft:drowned":1,"orcz:orcsavagemace":1,"orcz:orcsavage_2sword":1,"orcz:snot":8,"orcz:orcshield":1,"aquaculture:carp":1,"enemyexpansion:wasp":1},"minecraft:custom":{"minecraft:interact_with_furnace":12,"minecraft:mob_kills":25,"minecraft:interact_with_crafting_table":15,"minecraft:leave_game":1,"minecraft:time_since_death":59573,"minecraft:time_since_rest":59573,"minecraft:sprint_one_cm":347049,"minecraft:damage_taken":780,"minecraft:walk_one_cm":128307,"minecraft:damage_dealt":2915,"minecraft:swim_one_cm":17163,"minecraft:fly_one_cm":245318,"minecraft:open_chest":6,"minecraft:crouch_one_cm":9259,"minecraft:play_time":59573,"tombstone:undead_killed":2,"minecraft:sneak_time":2695,"minecraft:walk_under_water_one_cm":3893,"minecraft:jump":1104,"minecraft:walk_on_water_one_cm":17523,"minecraft:total_world_time":59573,"minecraft:fall_one_cm":33308},"minecraft:used":{"biomesoplenty:jacaranda_door":6,"minecraft:stone_pickaxe":78,"biomesoplenty:redwood_planks":20,"minecraft:stone_shovel":42,"minecraft:chest":2,"minecraft:wooden_pickaxe":26,"minecraft:sugar_cane":6,"minecraft:cooked_chicken":3,"minecraft:torch":2,"minecraft:dirt":3,"minecraft:crafting_table":3,"alexsmobs:cooked_kangaroo_meat":8,"minecraft:carrot":13,"orcz:orcamanita":1,"biomesoplenty:jacaranda_planks":22,"orcz:orcteeth_tool_axe":74,"minecraft:cobblestone":18,"enemyexpansion:slugger_spawn_egg":5,"minecraft:stone_axe":76,"minecraft:furnace":1,"enemyexpansion:sprinter_spawn_egg":2}},"DataVersion":3465}