{"stats":{"minecraft:killed":{"alexsmobs:skunk":1,"alexsmobs:tasmanian_devil":1,"bloomingnature:turkey":3,"minecraft:squid":1,"minecraft:skeleton":1,"orcz:bigorcboss":1,"orcz:orcsavagemace":1,"minecraft:drowned":1,"orcz:snot":3,"orcz:orcshield":1,"aquaculture:carp":1,"enemyexpansion:wasp":1},"minecraft:custom":{"minecraft:interact_with_furnace":12,"minecraft:mob_kills":17,"minecraft:interact_with_crafting_table":15,"minecraft:leave_game":1,"minecraft:time_since_death":43417,"minecraft:time_since_rest":43417,"minecraft:sprint_one_cm":215362,"minecraft:damage_taken":630,"minecraft:walk_one_cm":99550,"minecraft:damage_dealt":2472,"minecraft:swim_one_cm":10324,"minecraft:fly_one_cm":170734,"minecraft:open_chest":2,"minecraft:crouch_one_cm":5894,"minecraft:play_time":43417,"tombstone:undead_killed":2,"minecraft:sneak_time":1802,"minecraft:walk_under_water_one_cm":2750,"minecraft:jump":769,"minecraft:walk_on_water_one_cm":13804,"minecraft:total_world_time":43417,"minecraft:fall_one_cm":23593},"minecraft:used":{"biomesoplenty:jacaranda_door":6,"minecraft:stone_pickaxe":63,"biomesoplenty:redwood_planks":20,"minecraft:stone_shovel":36,"minecraft:chest":2,"minecraft:wooden_pickaxe":26,"minecraft:sugar_cane":6,"minecraft:torch":2,"minecraft:dirt":3,"minecraft:crafting_table":3,"alexsmobs:cooked_kangaroo_meat":8,"minecraft:carrot":13,"orcz:orcamanita":1,"biomesoplenty:jacaranda_planks":22,"orcz:orcteeth_tool_axe":27,"minecraft:stone_axe":76,"enemyexpansion:slugger_spawn_egg":5,"minecraft:cobblestone":18,"minecraft:furnace":1,"enemyexpansion:sprinter_spawn_egg":2},"minecraft:picked_up":{"biomesoplenty:redwood_log":12,"minecraft:crafting_table":1,"minecraft:feather":2,"orcz:orcteeth":18,"minecraft:chicken":3,"enemyexpansion:wasp_thorax":1,"biomesoplenty:jacaranda_door":4,"minecraft:oak_log":12,"minecraft:dirt":49,"minecraft:bone":2,"minecraft:wheat_seeds":8,"minecraft:beef":1,"biomesoplenty:redwood_wood":3,"minecraft:sugar_cane":6,"orcz:blue_orcshroom":2,"orcz:orchorn":1,"orcz:orcamanita":1,"minecraft:ink_sac":4,"minecraft:carrot":14,"biomesoplenty:redwood_planks":2,"minecraft:arrow":2,"minecraft:rotten_flesh":2,"biomesoplenty:jacaranda_log":8,"minecraft:diamond":7,"aquaculture:carp":1,"minecraft:cobblestone":83},"minecraft:crafted":{"minecraft:oak_planks":48,"minecraft:stone_shovel":1,"biomesoplenty:jacaranda_planks":32,"minecraft:crafting_table":2,"biomesoplenty:redwood_planks":32,"minecraft:cooked_chicken":3,"minecraft:wooden_pickaxe":1,"minecraft:furnace":1,"minecraft:stone_axe":1,"minecraft:air":0,"aquaculture:fish_fillet_raw":2,"orcz:orcteeth_tool_axe":1,"minecraft:charcoal":7,"minecraft:stick":16,"minecraft:stone_pickaxe":1,"aquaculture:fish_fillet_cooked":2,"minecraft:chest":2,"biomesoplenty:jacaranda_door":3,"minecraft:torch":4,"aquaculture:wooden_fillet_knife":1},"minecraft:mined":{"minecraft:podzol":7,"orcz:orcamanita":1,"biomesoplenty:redwood_planks":2,"farmersdelight:wild_carrots":14,"minecraft:crafting_table":1,"minecraft:grass_block":2,"minecraft:rose_bush":1,"biomesoplenty:sprout":8,"minecraft:sugar_cane":3,"minecraft:large_fern":5,"biomesoplenty:jacaranda_log":9,"minecraft:grass":52,"biomesoplenty:clover":20,"minecraft:oak_log":12,"biomesoplenty:redwood_log":12,"biomesoplenty:jacaranda_door":4,"minecraft:dirt":40,"minecraft:stone":83,"biomesoplenty:redwood_wood":4,"minecraft:fern":18}},"DataVersion":3465}