{"stats":{"minecraft:crafted":{"ironchests:copper_chest":2,"minecraft:oak_planks":48,"minecraft:stone_shovel":2,"minecraft:cooked_chicken":3,"minecraft:furnace":1,"minecraft:cooked_mutton":1,"aquaculture:fish_fillet_raw":7,"minecraft:diamond_leggings":1,"minecraft:stone_pickaxe":3,"minecraft:chest":4,"biomesoplenty:jacaranda_door":3,"aquaculture:fish_fillet_cooked":7,"minecraft:stone_hoe":1,"aquaculture:wooden_fillet_knife":1,"minecraft:cooked_beef":11,"biomesoplenty:jacaranda_planks":56,"minecraft:crafting_table":2,"biomesoplenty:redwood_planks":80,"minecraft:wooden_pickaxe":1,"biomesoplenty:jacaranda_fence_gate":2,"minecraft:copper_ingot":26,"minecraft:bucket":1,"minecraft:stone_axe":1,"minecraft:air":0,"travelersbackpack:red_sleeping_bag":1,"orcz:orcteeth_tool_axe":2,"minecraft:charcoal":7,"minecraft:stick":32,"minecraft:iron_ingot":10,"minecraft:torch":4},"minecraft:broken":{"orcz:orcteeth_tool_axe":1,"minecraft:stone_pickaxe":2},"minecraft:mined":{"minecraft:spruce_planks":1,"orcz:orcamanita":1,"farmersdelight:wild_carrots":15,"minecraft:granite":25,"minecraft:grass_block":28,"biomesoplenty:flowering_oak_leaves":1,"minecraft:moss_block":7,"minecraft:large_fern":20,"farmersdelight:wild_onions":1,"biomesoplenty:jacaranda_log":15,"biomesoplenty:tall_lavender":4,"minecraft:iron_ore":10,"biomesoplenty:lavender":9,"bloomingnature:fir_trapdoor":8,"minecraft:andesite":29,"minecraft:moss_carpet":1,"biomesoplenty:redwood_log":14,"biomesoplenty:jacaranda_door":4,"minecraft:stone":285,"orcz:scrapblock":1,"minecraft:podzol":66,"ironchests:copper_chest":3,"orcz:bone_1":2,"biomesoplenty:redwood_planks":10,"minecraft:crafting_table":1,"minecraft:mossy_cobblestone_wall":1,"minecraft:rose_bush":3,"bloomingnature:flower_pot_big":1,"minecraft:tall_grass":21,"minecraft:copper_ore":8,"biomesoplenty:sprout":27,"minecraft:lapis_ore":2,"minecraft:sugar_cane":23,"minecraft:diorite":2,"minecraft:coarse_dirt":3,"minecraft:cobblestone_wall":1,"minecraft:wheat":1,"minecraft:grass":225,"biomesoplenty:clover":36,"minecraft:oak_log":12,"minecraft:coal_ore":21,"bloomingnature:fir_door":1,"minecraft:gravel":6,"minecraft:sand":6,"minecraft:dirt":109,"minecraft:stone_bricks":2,"biomesoplenty:redwood_wood":21,"minecraft:oak_leaves":25,"minecraft:fern":101},"minecraft:picked_up":{"biomesoplenty:redwood_log":14,"minecraft:crafting_table":1,"minecraft:coarse_dirt":3,"minecraft:chicken":3,"enemyexpansion:wasp_thorax":2,"minecraft:string":1,"minecraft:raw_copper":26,"biomesoplenty:tall_lavender":2,"aquaculture:bluegill":1,"minecraft:spruce_planks":1,"minecraft:mossy_cobblestone_wall":1,"minecraft:beef":11,"bloomingnature:fir_door":1,"minecraft:rose_bush":1,"biomesoplenty:redwood_wood":16,"minecraft:sugar_cane":31,"minecraft:phantom_membrane":1,"minecraft:furnace":1,"minecraft:stick":2,"minecraft:raw_iron":10,"aquaculture:perch":2,"orcz:orchorn":1,"minecraft:diorite":2,"minecraft:carrot":15,"biomesoplenty:redwood_planks":10,"minecraft:arrow":6,"minecraft:rotten_flesh":7,"biomesoplenty:jacaranda_log":14,"spartanshields:copper_tower_shield":1,"aquaculture:brown_trout":1,"orcz:orcshroom":2,"aquaculture:carp":1,"minecraft:gold_ingot":1,"minecraft:mutton":1,"minecraft:white_wool":1,"minecraft:cobblestone":282,"biomesoplenty:lavender":7,"bloomingnature:fir_trapdoor":8,"minecraft:feather":2,"minecraft:cooked_beef":5,"orcz:orcteeth":21,"minecraft:andesite":29,"minecraft:leather":2,"ironchests:copper_chest":3,"alexsmobs:bison_fur":2,"biomesoplenty:jacaranda_door":4,"minecraft:flint":1,"minecraft:oak_log":12,"minecraft:cobblestone_wall":1,"minecraft:lapis_lazuli":10,"minecraft:dirt":203,"minecraft:bone":7,"bloomingnature:flower_pot_big":1,"minecraft:apple":1,"minecraft:stone_bricks":2,"minecraft:wheat_seeds":32,"aquaculture:minnow":4,"minecraft:moss_block":4,"enemyexpansion:phantom_eye":1,"minecraft:cooked_porkchop":1,"orcz:bone_1":2,"minecraft:red_wool":4,"minecraft:gravel":5,"minecraft:sand":6,"orcz:blue_orcshroom":2,"orcz:orcamanita":1,"minecraft:ink_sac":10,"minecraft:diamond":7,"minecraft:granite":25,"minecraft:oak_sapling":1,"minecraft:coal":20},"minecraft:killed":{"aquaculture:bluegill":1,"alexsmobs:tasmanian_devil":1,"bloomingnature:turkey":3,"minecraft:phantom":1,"minecraft:skeleton":5,"alexsmobs:bison":1,"aquaculture:brown_trout":1,"aquaculture:perch":2,"minecraft:drowned":1,"orcz:orcsavagemace":1,"aquaculture:carp":1,"enemyexpansion:ladybug":1,"alexsmobs:skunk":1,"enemyexpansion:sprinter":2,"minecraft:squid":3,"minecraft:sheep":1,"aquaculture:minnow":5,"orcz:bigorcboss":1,"orcz:orcsavage_2sword":1,"orcz:snot":8,"minecraft:player":1,"orcz:orcshield":1,"enemyexpansion:wasp":2},"minecraft:custom":{"minecraft:mob_kills":46,"minecraft:interact_with_crafting_table":38,"minecraft:leave_game":3,"minecraft:time_since_death":4905,"minecraft:sprint_one_cm":791927,"minecraft:walk_one_cm":353352,"minecraft:damage_blocked_by_shield":1170,"minecraft:drop":4,"minecraft:play_time":154798,"minecraft:deaths":2,"minecraft:sneak_time":4904,"minecraft:walk_under_water_one_cm":15223,"minecraft:jump":2535,"minecraft:walk_on_water_one_cm":41797,"minecraft:total_world_time":154798,"spartanshields:shield_bash_hits":2,"minecraft:interact_with_furnace":36,"tombstone:raider_killed":1,"minecraft:sleep_in_bed":2,"minecraft:time_since_rest":4329,"minecraft:damage_taken":2128,"minecraft:damage_dealt":6720,"minecraft:swim_one_cm":45936,"minecraft:fly_one_cm":507278,"minecraft:player_kills":1,"minecraft:open_chest":45,"minecraft:crouch_one_cm":15794,"tombstone:undead_killed":9,"minecraft:fall_one_cm":56936,"minecraft:horse_one_cm":236149},"minecraft:dropped":{"minecraft:moss_block":1,"minecraft:cooked_beef":2,"minecraft:cobblestone_wall":1},"minecraft:used":{"minecraft:moss_block":3,"biomesoplenty:jacaranda_fence_gate":2,"minecraft:stone_shovel":183,"biomesoplenty:redwood_planks":63,"minecraft:chest":2,"minecraft:cooked_chicken":3,"minecraft:stone_hoe":82,"minecraft:torch":25,"minecraft:dirt":203,"alexsmobs:cooked_kangaroo_meat":8,"minecraft:carrot":23,"travelersbackpack:red_sleeping_bag":1,"minecraft:furnace":2,"enemyexpansion:sprinter_spawn_egg":2,"tombstone:gift":2,"ironchests:copper_chest":5,"minecraft:cooked_beef":10,"aquaculture:fish_fillet_cooked":7,"minecraft:wheat_seeds":31,"minecraft:cooked_mutton":1,"biomesoplenty:jacaranda_door":6,"minecraft:water_bucket":1,"minecraft:stone_pickaxe":381,"minecraft:wooden_pickaxe":26,"minecraft:sugar_cane":15,"orcz:bone_1":3,"minecraft:crafting_table":3,"orcz:orcamanita":1,"biomesoplenty:jacaranda_planks":44,"orcz:orcteeth_tool_axe":166,"minecraft:bread":3,"spartanshields:copper_tower_shield":20,"minecraft:stone_axe":88,"enemyexpansion:slugger_spawn_egg":5,"minecraft:cobblestone":18,"minecraft:cooked_porkchop":1,"minecraft:bucket":1},"minecraft:killed_by":{"minecraft:enderman":1,"alexsmobs:grizzly_bear":1}},"DataVersion":3465}