{"stats":{"minecraft:crafted":{"minecraft:acacia_planks":12,"minecraft:stone_axe":1,"minecraft:crafting_table":1,"minecraft:stick":8,"minecraft:stone_pickaxe":1,"minecraft:wooden_pickaxe":1},"minecraft:picked_up":{"minecraft:acacia_log":3,"minecraft:oak_log":1,"minecraft:dirt":8,"minecraft:cobblestone":16},"minecraft:mined":{"minecraft:grass":5,"minecraft:acacia_log":3,"minecraft:grass_block":6,"minecraft:oak_log":1,"minecraft:dirt":3,"minecraft:tall_grass":3,"minecraft:stone":16},"minecraft:custom":{"minecraft:time_since_rest":7071,"minecraft:crouch_one_cm":642,"minecraft:play_time":7071,"minecraft:sprint_one_cm":28158,"minecraft:walk_one_cm":7364,"minecraft:sneak_time":416,"minecraft:jump":71,"minecraft:leave_game":4,"minecraft:time_since_death":7071,"minecraft:total_world_time":7071,"minecraft:interact_with_crafting_table":4,"minecraft:fall_one_cm":685,"minecraft:fly_one_cm":18385},"minecraft:used":{"minecraft:stone_axe":1,"minecraft:crafting_table":1,"alexsmobs:spawn_egg_gazelle":3,"minecraft:wooden_pickaxe":16}},"DataVersion":3465}