{"stats":{"minecraft:crafted":{"ironchests:copper_chest":2,"minecraft:oak_planks":48,"minecraft:stone_shovel":2,"minecraft:cooked_chicken":3,"minecraft:furnace":1,"minecraft:cooked_mutton":1,"aquaculture:fish_fillet_raw":7,"minecraft:diamond_leggings":1,"minecraft:stone_pickaxe":3,"minecraft:chest":4,"biomesoplenty:jacaranda_door":3,"aquaculture:fish_fillet_cooked":7,"minecraft:stone_hoe":1,"aquaculture:wooden_fillet_knife":1,"minecraft:cooked_beef":3,"biomesoplenty:jacaranda_planks":56,"minecraft:crafting_table":2,"biomesoplenty:redwood_planks":80,"minecraft:wooden_pickaxe":1,"biomesoplenty:jacaranda_fence_gate":2,"minecraft:copper_ingot":26,"minecraft:bucket":1,"minecraft:stone_axe":1,"minecraft:air":0,"travelersbackpack:red_sleeping_bag":1,"orcz:orcteeth_tool_axe":2,"minecraft:charcoal":7,"minecraft:stick":32,"minecraft:iron_ingot":10,"minecraft:torch":4},"minecraft:broken":{"orcz:orcteeth_tool_axe":1,"minecraft:stone_pickaxe":2},"minecraft:mined":{"minecraft:spruce_planks":1,"orcz:orcamanita":1,"farmersdelight:wild_carrots":15,"minecraft:granite":25,"minecraft:grass_block":28,"biomesoplenty:flowering_oak_leaves":1,"minecraft:large_fern":6,"biomesoplenty:jacaranda_log":15,"biomesoplenty:tall_lavender":1,"minecraft:iron_ore":10,"biomesoplenty:lavender":4,"minecraft:andesite":29,"biomesoplenty:redwood_log":14,"biomesoplenty:jacaranda_door":4,"minecraft:stone":285,"orcz:scrapblock":1,"minecraft:podzol":66,"ironchests:copper_chest":3,"orcz:bone_1":2,"biomesoplenty:redwood_planks":10,"minecraft:crafting_table":1,"minecraft:mossy_cobblestone_wall":1,"minecraft:rose_bush":3,"minecraft:tall_grass":1,"minecraft:copper_ore":8,"biomesoplenty:sprout":22,"minecraft:lapis_ore":2,"minecraft:sugar_cane":19,"minecraft:diorite":2,"minecraft:coarse_dirt":3,"minecraft:cobblestone_wall":1,"minecraft:grass":107,"biomesoplenty:clover":30,"minecraft:oak_log":12,"minecraft:coal_ore":21,"minecraft:gravel":6,"minecraft:sand":6,"minecraft:dirt":109,"minecraft:stone_bricks":2,"biomesoplenty:redwood_wood":20,"minecraft:oak_leaves":19,"minecraft:fern":24},"minecraft:picked_up":{"biomesoplenty:redwood_log":14,"minecraft:crafting_table":1,"minecraft:coarse_dirt":3,"minecraft:chicken":3,"enemyexpansion:wasp_thorax":2,"minecraft:string":1,"minecraft:raw_copper":26,"biomesoplenty:tall_lavender":1,"aquaculture:bluegill":1,"minecraft:spruce_planks":1,"minecraft:mossy_cobblestone_wall":1,"minecraft:beef":11,"minecraft:rose_bush":1,"biomesoplenty:redwood_wood":15,"minecraft:sugar_cane":27,"minecraft:phantom_membrane":1,"minecraft:furnace":1,"minecraft:stick":2,"minecraft:raw_iron":10,"aquaculture:perch":2,"orcz:orchorn":1,"minecraft:diorite":2,"minecraft:carrot":15,"biomesoplenty:redwood_planks":10,"minecraft:arrow":4,"minecraft:rotten_flesh":6,"biomesoplenty:jacaranda_log":14,"aquaculture:brown_trout":1,"orcz:orcshroom":2,"aquaculture:carp":1,"minecraft:gold_ingot":1,"minecraft:mutton":1,"minecraft:white_wool":1,"minecraft:cobblestone":282,"biomesoplenty:lavender":4,"minecraft:feather":2,"minecraft:cooked_beef":5,"orcz:orcteeth":21,"minecraft:andesite":29,"minecraft:leather":2,"ironchests:copper_chest":3,"alexsmobs:bison_fur":2,"biomesoplenty:jacaranda_door":4,"minecraft:flint":1,"minecraft:oak_log":12,"minecraft:cobblestone_wall":1,"minecraft:lapis_lazuli":10,"minecraft:dirt":203,"minecraft:bone":4,"minecraft:apple":1,"minecraft:stone_bricks":2,"minecraft:wheat_seeds":11,"aquaculture:minnow":4,"enemyexpansion:phantom_eye":1,"minecraft:cooked_porkchop":1,"orcz:bone_1":2,"minecraft:red_wool":4,"minecraft:gravel":5,"minecraft:sand":6,"orcz:blue_orcshroom":2,"orcz:orcamanita":1,"minecraft:ink_sac":10,"minecraft:diamond":7,"minecraft:granite":25,"minecraft:oak_sapling":1,"minecraft:coal":20},"minecraft:killed":{"aquaculture:bluegill":1,"alexsmobs:tasmanian_devil":1,"bloomingnature:turkey":3,"minecraft:phantom":1,"minecraft:skeleton":2,"alexsmobs:bison":1,"aquaculture:brown_trout":1,"aquaculture:perch":2,"minecraft:drowned":1,"orcz:orcsavagemace":1,"aquaculture:carp":1,"enemyexpansion:ladybug":1,"alexsmobs:skunk":1,"enemyexpansion:sprinter":1,"minecraft:squid":3,"minecraft:sheep":1,"aquaculture:minnow":5,"orcz:bigorcboss":1,"orcz:orcsavage_2sword":1,"orcz:snot":8,"minecraft:player":1,"orcz:orcshield":1,"enemyexpansion:wasp":2},"minecraft:custom":{"minecraft:mob_kills":42,"minecraft:interact_with_crafting_table":36,"minecraft:leave_game":3,"minecraft:time_since_death":12732,"minecraft:sprint_one_cm":632244,"minecraft:walk_one_cm":310907,"minecraft:drop":3,"minecraft:play_time":130798,"minecraft:deaths":1,"minecraft:sneak_time":4854,"minecraft:walk_under_water_one_cm":13180,"minecraft:jump":2072,"minecraft:walk_on_water_one_cm":36982,"minecraft:total_world_time":130798,"minecraft:interact_with_furnace":34,"tombstone:raider_killed":1,"minecraft:sleep_in_bed":1,"minecraft:time_since_rest":282,"minecraft:damage_taken":1567,"minecraft:damage_dealt":5472,"minecraft:swim_one_cm":38778,"minecraft:fly_one_cm":406668,"minecraft:player_kills":1,"minecraft:open_chest":42,"minecraft:crouch_one_cm":15600,"tombstone:undead_killed":5,"minecraft:fall_one_cm":47973},"minecraft:dropped":{"minecraft:cooked_beef":2,"minecraft:cobblestone_wall":1},"minecraft:used":{"biomesoplenty:jacaranda_fence_gate":2,"minecraft:stone_shovel":183,"biomesoplenty:redwood_planks":63,"minecraft:chest":2,"minecraft:cooked_chicken":3,"minecraft:stone_hoe":82,"minecraft:torch":22,"minecraft:dirt":203,"alexsmobs:cooked_kangaroo_meat":8,"minecraft:carrot":23,"travelersbackpack:red_sleeping_bag":1,"minecraft:furnace":2,"enemyexpansion:sprinter_spawn_egg":2,"tombstone:gift":2,"ironchests:copper_chest":5,"minecraft:cooked_beef":4,"aquaculture:fish_fillet_cooked":7,"minecraft:wheat_seeds":11,"minecraft:cooked_mutton":1,"biomesoplenty:jacaranda_door":6,"minecraft:water_bucket":1,"minecraft:stone_pickaxe":381,"minecraft:wooden_pickaxe":26,"minecraft:sugar_cane":11,"orcz:bone_1":3,"minecraft:crafting_table":3,"orcz:orcamanita":1,"biomesoplenty:jacaranda_planks":22,"orcz:orcteeth_tool_axe":129,"minecraft:bread":3,"minecraft:stone_axe":88,"enemyexpansion:slugger_spawn_egg":5,"minecraft:cobblestone":18,"minecraft:cooked_porkchop":1,"minecraft:bucket":1},"minecraft:killed_by":{"minecraft:enderman":1}},"DataVersion":3465}