{"stats":{"minecraft:crafted":{"minecraft:oak_planks":48,"minecraft:stone_shovel":1,"biomesoplenty:jacaranda_planks":56,"minecraft:crafting_table":2,"biomesoplenty:redwood_planks":72,"minecraft:wooden_pickaxe":1,"minecraft:cooked_chicken":3,"minecraft:furnace":1,"minecraft:stone_axe":1,"minecraft:cooked_mutton":1,"minecraft:air":0,"aquaculture:fish_fillet_raw":7,"minecraft:diamond_leggings":1,"orcz:orcteeth_tool_axe":1,"minecraft:charcoal":7,"minecraft:stick":16,"minecraft:iron_ingot":1,"minecraft:stone_pickaxe":2,"minecraft:chest":2,"biomesoplenty:jacaranda_door":3,"aquaculture:fish_fillet_cooked":7,"minecraft:torch":4,"aquaculture:wooden_fillet_knife":1,"minecraft:cooked_beef":1},"minecraft:broken":{"minecraft:stone_pickaxe":1},"minecraft:mined":{"minecraft:podzol":9,"orcz:bone_1":2,"orcz:orcamanita":1,"biomesoplenty:redwood_planks":10,"farmersdelight:wild_carrots":15,"minecraft:crafting_table":1,"minecraft:granite":1,"minecraft:grass_block":2,"minecraft:rose_bush":3,"biomesoplenty:flowering_oak_leaves":1,"minecraft:tall_grass":1,"biomesoplenty:sprout":22,"minecraft:sugar_cane":8,"minecraft:large_fern":6,"biomesoplenty:jacaranda_log":15,"minecraft:iron_ore":1,"biomesoplenty:lavender":4,"minecraft:coal_ore":1,"minecraft:grass":97,"biomesoplenty:clover":30,"minecraft:oak_log":12,"biomesoplenty:redwood_log":14,"biomesoplenty:jacaranda_door":4,"minecraft:dirt":60,"minecraft:stone":182,"biomesoplenty:redwood_wood":20,"orcz:scrapblock":1,"minecraft:fern":23},"minecraft:picked_up":{"biomesoplenty:lavender":4,"biomesoplenty:redwood_log":14,"minecraft:crafting_table":1,"minecraft:feather":2,"orcz:orcteeth":21,"minecraft:chicken":3,"enemyexpansion:wasp_thorax":1,"biomesoplenty:jacaranda_door":4,"minecraft:oak_log":12,"minecraft:dirt":71,"minecraft:bone":4,"minecraft:wheat_seeds":10,"aquaculture:bluegill":1,"minecraft:beef":1,"minecraft:rose_bush":1,"aquaculture:minnow":4,"biomesoplenty:redwood_wood":15,"minecraft:sugar_cane":11,"minecraft:raw_iron":1,"orcz:bone_1":2,"aquaculture:perch":2,"orcz:blue_orcshroom":2,"orcz:orchorn":1,"orcz:orcamanita":1,"minecraft:ink_sac":10,"minecraft:carrot":15,"biomesoplenty:redwood_planks":10,"minecraft:arrow":4,"minecraft:rotten_flesh":2,"biomesoplenty:jacaranda_log":14,"minecraft:diamond":7,"aquaculture:brown_trout":1,"orcz:orcshroom":2,"minecraft:granite":1,"aquaculture:carp":1,"minecraft:mutton":1,"minecraft:white_wool":1,"minecraft:cobblestone":179},"minecraft:killed":{"aquaculture:bluegill":1,"alexsmobs:skunk":1,"alexsmobs:tasmanian_devil":1,"bloomingnature:turkey":3,"minecraft:squid":3,"minecraft:sheep":1,"minecraft:skeleton":2,"aquaculture:minnow":5,"aquaculture:brown_trout":1,"orcz:bigorcboss":1,"aquaculture:perch":2,"minecraft:drowned":1,"orcz:orcsavagemace":1,"orcz:orcsavage_2sword":1,"orcz:snot":8,"minecraft:player":1,"orcz:orcshield":1,"aquaculture:carp":1,"enemyexpansion:wasp":1},"minecraft:custom":{"minecraft:interact_with_furnace":27,"minecraft:mob_kills":36,"minecraft:interact_with_crafting_table":23,"minecraft:leave_game":1,"minecraft:time_since_death":83573,"minecraft:time_since_rest":83573,"minecraft:sprint_one_cm":422095,"minecraft:damage_taken":920,"minecraft:walk_one_cm":182835,"minecraft:damage_dealt":3985,"minecraft:player_kills":1,"minecraft:swim_one_cm":31821,"minecraft:fly_one_cm":301524,"minecraft:open_chest":17,"minecraft:crouch_one_cm":13778,"minecraft:play_time":83573,"tombstone:undead_killed":3,"minecraft:sneak_time":4057,"minecraft:walk_under_water_one_cm":8744,"minecraft:jump":1414,"minecraft:walk_on_water_one_cm":27589,"minecraft:total_world_time":83573,"minecraft:fall_one_cm":39477},"minecraft:used":{"biomesoplenty:jacaranda_door":6,"minecraft:stone_pickaxe":171,"biomesoplenty:redwood_planks":38,"minecraft:stone_shovel":53,"minecraft:chest":2,"minecraft:wooden_pickaxe":26,"minecraft:sugar_cane":11,"minecraft:cooked_chicken":3,"minecraft:torch":8,"minecraft:dirt":3,"orcz:bone_1":3,"minecraft:crafting_table":3,"alexsmobs:cooked_kangaroo_meat":8,"minecraft:carrot":13,"orcz:orcamanita":1,"biomesoplenty:jacaranda_planks":22,"orcz:orcteeth_tool_axe":100,"minecraft:bread":3,"minecraft:cobblestone":18,"enemyexpansion:slugger_spawn_egg":5,"minecraft:stone_axe":83,"minecraft:furnace":1,"enemyexpansion:sprinter_spawn_egg":2,"minecraft:cooked_beef":1,"aquaculture:fish_fillet_cooked":3}},"DataVersion":3465}